Image;TEMP_C;CYC_PRE;CYC_INF;CYC_POST;CYC_TOTAL;US_PRE;US_INF;US_POST;US_TOTAL
Placa42.png;33;1281211;461491730;253;462773194;3203.027;1153729.375;0.632;1156933.000
Placas11002.jpg;35;1279014;461642218;250;462921482;3197.535;1154105.500;0.625;1157303.625
Placas11004.jpg;35;1282012;461365181;251;462647444;3205.030;1153413.000;0.627;1156618.625
Placas11013.jpg;34;1283596;461582017;239;462865852;3208.990;1153955.000;0.598;1157164.625
Placas11017.jpg;34;1278540;461493845;239;462772624;3196.350;1153734.625;0.598;1156931.500
Placas11022.jpg;33;1279662;461551761;251;462831674;3199.155;1153879.500;0.627;1157079.250
Placas11026.jpg;34;1279762;461567319;253;462847334;3199.405;1153918.250;0.632;1157118.250
Placas11044.jpg;33;1281330;461587721;253;462869304;3203.325;1153969.250;0.632;1157173.250
Placas11065.jpg;35;1282601;461556042;241;462838884;3206.502;1153890.125;0.603;1157097.250
Placas11070.jpg;33;1281392;461656765;253;462938410;3203.480;1154141.875;0.632;1157346.000
Placas11076.jpg;33;1279684;461497661;319;462777664;3199.210;1153744.125;0.798;1156944.125
Placas11091.jpg;33;1279298;461665603;253;462945154;3198.245;1154164.000;0.632;1157362.875
Placas11116.jpg;33;1281472;461443279;241;462724992;3203.680;1153608.125;0.603;1156812.500
Placas11118.jpg;32;1281911;461516334;253;462798498;3204.778;1153790.750;0.632;1156996.250
Placas11122.jpg;34;1278842;461451063;241;462730146;3197.105;1153627.750;0.603;1156825.375
Placas11123.jpg;34;1281132;461501613;239;462782984;3202.830;1153754.000;0.598;1156957.375
Placas11135.jpg;32;1279104;461461955;253;462741312;3197.760;1153654.875;0.632;1156853.250
Placas11148.jpg;32;1279154;461602911;251;462882316;3197.885;1154007.250;0.627;1157205.750
Placas11179.jpg;32;1279362;461515449;235;462795046;3198.405;1153788.625;0.587;1156987.625
Placas11191.jpg;32;1280786;461652007;239;462933032;3201.965;1154130.000;0.598;1157332.500
Placas11193.jpg;32;1280756;461598357;253;462879366;3201.890;1153995.875;0.632;1157198.375
Placas11194.jpg;31;1278578;461505839;253;462784670;3196.445;1153764.500;0.632;1156961.625
Placas11199.jpg;32;1280082;461522903;251;462803236;3200.205;1153807.250;0.627;1157008.125
Placas11208.jpg;32;1274548;461467722;248;462742518;3186.370;1153669.375;0.620;1156856.375
Placas11209.jpg;32;1280726;461521217;253;462802196;3201.815;1153803.000;0.632;1157005.500
Placas11218.jpg;31;1281782;461607303;253;462889338;3204.455;1154018.250;0.632;1157223.375
Placas11219.jpg;30;1276744;461415475;239;462692458;3191.860;1153538.750;0.598;1156731.125
Placas11227.jpg;31;1280072;461475769;239;462756080;3200.180;1153689.500;0.598;1156890.250
Placas11249.jpg;32;1279901;461606436;239;462886576;3199.753;1154016.125;0.598;1157216.500
Placas11250.jpg;31;1282199;461537666;253;462820118;3205.498;1153844.125;0.632;1157050.375
Placas11254.jpg;31;1280914;461591589;251;462872754;3202.285;1153979.000;0.627;1157181.875
Placas11264.jpg;32;1281138;461529279;253;462810670;3202.845;1153823.125;0.632;1157026.625
Placas11298.jpg;31;1282581;461573582;253;462856416;3206.452;1153933.875;0.632;1157141.000
Placas11315.jpg;32;1281084;461456561;251;462737896;3202.710;1153641.500;0.627;1156844.750
Placas11318.jpg;32;1279478;461517975;251;462797704;3198.695;1153795.000;0.627;1156994.250
Placas11320.jpg;31;1280733;461452992;253;462733978;3201.832;1153632.500;0.632;1156834.875
Placas11321.jpg;31;1280714;461543113;253;462824080;3201.785;1153857.750;0.632;1157060.125
Placas11350.jpg;31;1279384;461509535;241;462789160;3198.460;1153773.875;0.603;1156972.875
Placas11353.jpg;31;1281269;461575568;251;462857088;3203.173;1153938.875;0.627;1157142.750
Placas11366.jpg;32;1281918;461488146;246;462770310;3204.795;1153720.375;0.615;1156925.750
Placas11377.jpg;31;1280594;461644271;239;462925104;3201.485;1154110.625;0.598;1157312.875
Placas11388.jpg;31;1280976;461558679;241;462839896;3202.440;1153896.750;0.603;1157099.750
Placas11397.jpg;32;1278908;461536269;251;462815428;3197.270;1153840.625;0.627;1157038.500
Placas11402.jpg;30;1278524;461589143;241;462867908;3196.310;1153972.875;0.603;1157169.750
Placas11419.jpg;31;1280034;461500643;253;462780930;3200.085;1153751.625;0.632;1156952.250
Placas11428.jpg;31;1279232;461626789;253;462906274;3198.080;1154067.000;0.632;1157265.625
Placas11453.jpg;30;1282630;461472945;251;462755826;3206.575;1153682.375;0.627;1156889.625
Placas11456.jpg;31;1281728;461511003;253;462792984;3204.320;1153777.500;0.632;1156982.500
Placas11460.jpg;30;1282760;461548297;239;462831296;3206.900;1153870.750;0.598;1157078.250
Placas11463.jpg;30;1279119;461494568;239;462773926;3197.798;1153736.375;0.598;1156934.875
Placas11496.jpg;31;1280229;461474840;239;462755308;3200.573;1153687.125;0.598;1156888.250
Placas11500.jpg;31;1280832;461560161;239;462841232;3202.080;1153900.375;0.598;1157103.000
Placas11507.jpg;30;1279678;461583005;251;462862934;3199.195;1153957.500;0.627;1157157.375
Placas11522.jpg;31;1280849;461568882;251;462849982;3202.122;1153922.250;0.627;1157124.875
Placas11528.jpg;31;1279628;461678175;251;462958054;3199.070;1154195.500;0.627;1157395.125
Placas11531.jpg;30;1282467;461538666;253;462821386;3206.167;1153846.625;0.632;1157053.500
Placas11534.jpg;31;1282598;461513421;251;462796270;3206.495;1153783.500;0.627;1156990.625
Placas11549.jpg;31;1279782;461515849;239;462795870;3199.455;1153789.625;0.598;1156989.750
Placas11556.jpg;30;1280998;461561256;244;462842498;3202.495;1153903.125;0.610;1157106.250
Placas11559.jpg;31;1279873;461395670;253;462675796;3199.682;1153489.250;0.632;1156689.500
Placas11566.jpg;30;1280327;461493042;241;462773610;3200.818;1153732.625;0.603;1156934.000
Placas11568.jpg;31;1281018;461553895;251;462835164;3202.545;1153884.750;0.627;1157087.875
Placas11569.jpg;32;1280957;461510214;253;462791424;3202.392;1153775.500;0.632;1156978.500
Placas11580.jpg;31;1279120;461508237;253;462787610;3197.800;1153770.625;0.632;1156969.125
Placas11581.jpg;30;1281870;461491309;251;462773430;3204.675;1153728.250;0.627;1156933.625
Placas11584.jpg;31;1282682;461646661;251;462929594;3206.705;1154116.625;0.627;1157324.000
Placas11605.jpg;31;1280035;461579772;253;462860060;3200.087;1153949.375;0.632;1157150.125
Placas11606.jpg;30;1279346;461566719;253;462846318;3198.365;1153916.750;0.632;1157115.750
Placas11609.jpg;30;1281132;461547115;253;462828500;3202.830;1153867.750;0.632;1157071.375
Placasm10017.jpg;30;1275268;461602035;251;462877554;3188.170;1154005.125;0.627;1157194.000
Placasm10043.jpg;31;1275312;461618303;253;462893868;3188.280;1154045.750;0.632;1157234.625
Placasm10049.jpg;30;1273214;461468803;239;462742256;3183.035;1153672.000;0.598;1156855.625
Placasm10052.jpg;30;1290378;461493351;251;462783980;3225.945;1153733.375;0.627;1156959.875
Placasm10054.jpg;31;1283500;461461941;239;462745680;3208.750;1153654.875;0.598;1156864.125
Placasm10100.jpg;31;1275466;461579151;251;462854868;3188.665;1153947.875;0.627;1157137.125
Placasm10123.jpg;31;1278074;461504221;241;462782536;3195.185;1153760.625;0.603;1156956.250
Placasm10137.jpg;30;1275110;461534595;239;462809944;3187.775;1153836.500;0.598;1157024.875
Placasm10147.jpg;31;1274444;461507828;236;462782508;3186.110;1153769.625;0.590;1156956.250
Placasm10164.jpg;31;1273112;461628153;251;462901516;3182.780;1154070.375;0.627;1157253.750
Placasm10177.jpg;30;1275344;461537903;253;462813500;3188.360;1153844.750;0.632;1157033.750
Placasm10179.jpg;30;1283468;461480767;321;462764556;3208.670;1153702.000;0.803;1156911.375
Placasm10189.jpg;30;1278404;461554051;241;462832696;3196.010;1153885.125;0.603;1157081.750
Placasm10201.jpg;30;1277390;461623945;253;462901588;3193.475;1154059.750;0.632;1157254.000
Placasm10229.jpg;30;1274548;461547629;253;462822430;3186.370;1153869.000;0.632;1157056.000
Placasm10233.jpg;31;1281518;461461697;251;462743466;3203.795;1153654.250;0.627;1156858.625
Placasm10236.jpg;31;1281326;461505828;248;462787402;3203.315;1153764.500;0.620;1156968.500
Placasm10264.jpg;31;1279912;461594507;253;462874672;3199.780;1153986.250;0.632;1157186.750
Placasm10279.jpg;30;1274934;461551913;253;462827100;3187.335;1153879.750;0.632;1157067.750
Placasm10285.jpg;30;1275799;461545550;239;462821588;3189.498;1153863.875;0.598;1157054.000
Placasm10286.jpg;30;1274452;461579653;239;462854344;3186.130;1153949.125;0.598;1157135.875
Placasm10292.jpg;31;1278678;461617228;236;462896142;3196.695;1154043.000;0.590;1157240.375
Placasm10303.jpg;30;1277440;461629681;241;462907362;3193.600;1154074.250;0.603;1157268.375
Placasm10327.jpg;31;1276441;461590036;251;462866728;3191.103;1153975.125;0.627;1157166.750
Placasm10343.jpg;30;1278986;461557320;244;462836550;3197.465;1153893.250;0.610;1157091.375
Placasm10365.jpg;30;1274749;461542335;248;462817332;3186.873;1153855.750;0.620;1157043.375
Placasm10406.jpg;30;1276176;461609607;253;462886036;3190.440;1154024.000;0.632;1157215.125
Placasm10430.jpg;30;1273866;461466583;253;462740702;3184.665;1153666.500;0.632;1156851.750
Placasm10431.jpg;30;1276854;461578197;239;462855290;3192.135;1153945.500;0.598;1157138.250
Placasm10433.jpg;31;1274368;461451888;246;462726502;3185.920;1153629.750;0.615;1156816.250
Placasm10439.jpg;30;1279330;461561197;251;462840778;3198.325;1153903.000;0.627;1157102.000
Placasm10451.jpg;30;1281084;461585299;251;462866634;3202.710;1153963.250;0.627;1157166.500
Placasm10464.jpg;30;1276925;461470785;246;462747956;3192.313;1153677.000;0.615;1156869.875
Placasm10482.jpg;30;1283183;461486564;251;462769998;3207.957;1153716.375;0.627;1156925.000
Placasm10546.jpg;30;1274119;461612478;253;462886850;3185.298;1154031.250;0.632;1157217.125
Placasm10561.jpg;31;1280816;461454069;241;462735126;3202.040;1153635.125;0.603;1156837.875
Placasm10590.jpg;30;1280282;461600711;237;462881230;3200.705;1154001.750;0.592;1157203.000
Placasm10610.jpg;30;1274316;461492037;253;462766606;3185.790;1153730.000;0.632;1156916.500
Placasm10640.jpg;30;1279064;461436518;244;462715826;3197.660;1153591.250;0.610;1156789.625
Placasm10654.jpg;31;1284184;461636145;253;462920582;3210.460;1154090.375;0.632;1157301.375
Placasm10667.jpg;30;1280038;461581433;251;462861722;3200.095;1153953.625;0.627;1157154.250
Placasm10690.jpg;30;1280629;461554224;251;462835104;3201.573;1153885.625;0.627;1157087.750
Placasm10720.jpg;30;1276471;461575402;253;462852126;3191.177;1153938.500;0.632;1157130.250
Placasm10739.jpg;30;1276600;461587811;253;462864664;3191.500;1153969.500;0.632;1157161.625
Placasm10751.jpg;30;1276598;461574563;253;462851414;3191.495;1153936.375;0.632;1157128.500
Placasm10773.jpg;30;1282570;461584263;253;462867086;3206.425;1153960.625;0.632;1157167.750
Placasm10811.jpg;30;1273344;461621925;241;462895510;3183.360;1154054.750;0.603;1157238.875
Placasm10841.jpg;31;1282304;461514459;253;462797016;3205.760;1153786.125;0.632;1156992.500
Placasm10863.jpg;30;1275338;461465847;253;462741438;3188.345;1153664.625;0.632;1156853.625
Placasm10867.jpg;30;1278488;461514203;223;462792914;3196.220;1153785.500;0.558;1156982.375
Placasm10875.jpg;31;1272071;461584214;251;462856536;3180.178;1153960.625;0.627;1157141.375
Placasm10879.jpg;30;1273409;461531312;251;462804972;3183.523;1153828.250;0.627;1157012.375
Placasm10907.jpg;31;1281644;461498768;264;462780676;3204.110;1153746.875;0.660;1156951.750
Placasm10925.jpg;30;1272348;461476383;241;462748972;3180.870;1153691.000;0.603;1156872.375
Placasm10928.jpg;31;1274836;461454469;251;462729556;3187.090;1153636.125;0.627;1156824.000
Placasm10978.jpg;31;1274460;461491935;253;462766648;3186.150;1153729.750;0.632;1156916.625
Placasm10987.jpg;30;1274228;461555293;251;462829772;3185.570;1153888.250;0.627;1157074.375
Placasm10991.jpg;31;1277112;461512981;251;462790344;3192.780;1153782.500;0.627;1156975.875
Placasm11007.jpg;30;1273866;461575921;239;462850026;3184.665;1153939.875;0.598;1157125.000
Placasm11033.jpg;31;1276803;461533140;253;462810196;3192.008;1153832.875;0.632;1157025.500
Placasm11038.jpg;30;1280046;461600973;239;462881258;3200.115;1154002.375;0.598;1157203.125
Placasm11069.jpg;30;1273838;461535213;243;462809294;3184.595;1153838.000;0.608;1157023.125
Placasm11094.jpg;30;1277948;461544967;339;462823254;3194.870;1153862.375;0.848;1157058.125
Placasm11133.jpg;30;1278964;461625589;251;462904804;3197.410;1154064.000;0.627;1157262.000
Placasm11154.jpg;30;1273876;461601771;237;462875884;3184.690;1154004.375;0.592;1157189.625
Placasm11155.jpg;30;1277846;461539244;236;462817326;3194.615;1153848.125;0.590;1157043.250
Placasm11213.jpg;31;1277878;461595169;251;462873298;3194.695;1153987.875;0.627;1157183.250
Placasm11215.jpg;30;1276314;461538943;253;462815510;3190.785;1153847.375;0.632;1157038.750
Placasm11222.jpg;30;1272804;461579067;251;462852122;3182.010;1153947.625;0.627;1157130.250
Placass10014.jpg;30;1275200;461554049;251;462829500;3188.000;1153885.125;0.627;1157073.750
Placass10015.jpg;30;1274992;461552156;246;462827394;3187.480;1153880.375;0.615;1157068.500
Placass10016.jpg;31;1272436;461551535;341;462824312;3181.090;1153878.750;0.853;1157060.875
Placass10020.jpg;30;1276897;461531172;251;462808320;3192.242;1153828.000;0.627;1157020.875
Placass10024.jpg;30;1273538;461673215;237;462946990;3183.845;1154183.000;0.592;1157367.500
Placass10037.jpg;30;1278748;461539610;250;462818608;3196.870;1153849.000;0.625;1157046.625
Placass10044.jpg;30;1277422;461598417;253;462876092;3193.555;1153996.000;0.632;1157190.250
Placass10051.jpg;30;1276420;461554711;239;462831370;3191.050;1153886.875;0.598;1157078.375
Placass10055.jpg;30;1273948;461568863;251;462843062;3184.870;1153922.125;0.627;1157107.625
Placass10068.jpg;30;1276532;461435693;251;462712476;3191.330;1153589.250;0.627;1156781.250
Placass10070.jpg;30;1279174;461581242;246;462860662;3197.935;1153953.125;0.615;1157151.625
Placass10077.jpg;30;1278210;461494327;239;462772776;3195.525;1153735.875;0.598;1156931.875
Placass10088.jpg;30;1283794;461579162;246;462863202;3209.485;1153947.875;0.615;1157158.000
Placass10091.jpg;31;1279356;461594847;253;462874456;3198.390;1153987.125;0.632;1157186.125
Placass10101.jpg;30;1281544;461474479;341;462756364;3203.860;1153686.125;0.853;1156890.875
Placass10109.jpg;31;1278570;461578451;239;462857260;3196.425;1153946.125;0.598;1157143.125
Placass10112.jpg;30;1281198;461577383;253;462858834;3202.995;1153943.500;0.632;1157147.125
Placass10122.jpg;30;1275886;461527603;253;462803742;3189.715;1153819.000;0.632;1157009.375
Placass10126.jpg;31;1275152;461528467;253;462803872;3187.880;1153821.250;0.632;1157009.625
Placass10130.jpg;30;1276860;461598919;253;462876032;3192.150;1153997.375;0.632;1157190.125
Placass10132.jpg;30;1274197;461577486;241;462851924;3185.493;1153943.750;0.603;1157129.875
Placass10138.jpg;30;1272666;461641980;246;462914892;3181.665;1154105.000;0.615;1157287.125
Placass10140.jpg;30;1273432;461589673;239;462863344;3183.580;1153974.125;0.598;1157158.375
Placass10154.jpg;30;1276353;461557386;241;462833980;3190.883;1153893.500;0.603;1157085.000
Placass10163.jpg;30;1277584;461632235;253;462910072;3193.960;1154080.500;0.632;1157275.125
Placass10175.jpg;30;1275904;461691145;253;462967302;3189.760;1154227.875;0.632;1157418.250
Placass10183.jpg;31;1277062;461516649;239;462793950;3192.655;1153791.625;0.598;1156984.875
Placass10186.jpg;30;1275800;461424581;239;462700620;3189.500;1153561.500;0.598;1156751.500
Placass10206.jpg;31;1275108;461468181;251;462743540;3187.770;1153670.500;0.627;1156858.875
Placass10208.jpg;30;1276112;461514839;241;462791192;3190.280;1153787.125;0.603;1156978.000
Placass10210.jpg;31;1279738;461535467;251;462815456;3199.345;1153838.625;0.627;1157038.625
Placass10215.jpg;31;1273778;461569136;232;462843146;3184.445;1153922.875;0.580;1157107.750
Placass10223.jpg;31;1277740;461559465;241;462837446;3194.350;1153898.625;0.603;1157093.625
Placass10244.jpg;30;1275833;461576910;253;462852996;3189.582;1153942.250;0.632;1157132.500
Placass10257.jpg;30;1276596;461538687;253;462815536;3191.490;1153846.750;0.632;1157038.875
Placass10266.jpg;30;1276272;461491879;241;462768392;3190.680;1153729.750;0.603;1156921.000
Placass10268.jpg;31;1280152;461615551;239;462895942;3200.380;1154038.875;0.598;1157239.875
Placass10274.jpg;30;1276636;461615603;251;462892490;3191.590;1154039.000;0.627;1157231.250
Placass10276.jpg;30;1278191;461472842;253;462751286;3195.477;1153682.125;0.632;1156878.250
Placass10281.jpg;30;1279364;461527445;253;462807062;3198.410;1153818.625;0.632;1157017.750
Placass10296.jpg;31;1280484;461583039;253;462863776;3201.210;1153957.625;0.632;1157159.375
Placass10304.jpg;31;1278408;461514779;253;462793440;3196.020;1153786.875;0.632;1156983.625
Placass10309.jpg;30;1277410;461554719;251;462832380;3193.525;1153886.875;0.627;1157081.000
Placass10347.jpg;30;1276488;461462619;253;462739360;3191.220;1153656.625;0.632;1156848.375
Placass10374.jpg;31;1277340;461569891;253;462847484;3193.350;1153924.750;0.632;1157118.750
Placass10376.jpg;30;1276120;461539581;251;462815952;3190.300;1153848.875;0.627;1157039.875
Placass10388.jpg;31;1279196;461526411;241;462805848;3197.990;1153816.000;0.603;1157014.625
Placass10395.jpg;30;1277238;461529141;251;462806630;3193.095;1153822.875;0.627;1157016.500
Placass10397.jpg;30;1278470;461548957;239;462827666;3196.175;1153872.375;0.598;1157069.250
Placass10407.jpg;30;1275620;461406977;251;462682848;3189.050;1153517.375;0.627;1156707.125
Placass10411.jpg;30;1273950;461558220;232;462832402;3184.875;1153895.500;0.580;1157081.000
Placass10413.jpg;30;1274872;461549289;253;462824414;3187.180;1153873.125;0.632;1157061.000
Placass10416.jpg;30;1276458;461583839;241;462860538;3191.145;1153959.625;0.603;1157151.375
Placass10418.jpg;30;1279400;461489097;239;462768736;3198.500;1153722.750;0.598;1156921.875
Placass10431.jpg;30;1276978;461565621;251;462842850;3192.445;1153914.125;0.627;1157107.125
Placass10432.jpg;30;1274852;461556083;253;462831188;3187.130;1153890.250;0.632;1157078.000
Placass10436.jpg;30;1269092;461478578;244;462747914;3172.730;1153696.500;0.610;1156869.750
Placass10439.jpg;30;1271996;461619388;244;462891628;3179.990;1154048.500;0.610;1157229.000
Placass10442.jpg;30;1272090;461543857;251;462816198;3180.225;1153859.625;0.627;1157040.500
Placass10446.jpg;31;1277926;461601407;251;462879584;3194.815;1154003.500;0.627;1157199.000
Placass10454.jpg;30;1279540;461640205;251;462919996;3198.850;1154100.500;0.627;1157300.000
Placass10456.jpg;30;1279480;461665135;253;462944868;3198.700;1154162.875;0.632;1157362.125
Placass10457.jpg;31;1277376;461481785;251;462759412;3193.440;1153704.500;0.627;1156898.625
Placass10466.jpg;30;1274052;461606275;239;462880566;3185.130;1154015.625;0.598;1157201.375
Placass10470.jpg;30;1276268;461583191;253;462859712;3190.670;1153958.000;0.632;1157149.250
Placass10480.jpg;30;1275184;461550680;246;462826110;3187.960;1153876.625;0.615;1157065.250
Placass10484.jpg;30;1275492;461452569;251;462728312;3188.730;1153631.375;0.627;1156820.875
Placass10489.jpg;30;1276798;461577777;253;462854828;3191.995;1153944.500;0.632;1157137.000
Placass10495.jpg;31;1277470;461497803;253;462775526;3193.675;1153744.500;0.632;1156938.750
Placass10499.jpg;30;1280188;461561040;244;462841472;3200.470;1153902.500;0.610;1157103.750
Placass10509.jpg;30;1280680;461642401;251;462923332;3201.700;1154106.000;0.627;1157308.250
Placass10515.jpg;31;1279064;461583327;251;462862642;3197.660;1153958.250;0.627;1157156.625
Placass10516.jpg;30;1275488;461429327;251;462705066;3188.720;1153573.250;0.627;1156762.625
Placass10520.jpg;30;1279358;461489892;244;462769494;3198.395;1153724.625;0.610;1156923.750
Placass10522.jpg;30;1276590;461648931;253;462925774;3191.475;1154122.250;0.632;1157314.375
Placass10526.jpg;31;1276112;461564726;250;462841088;3190.280;1153911.875;0.625;1157102.750
Placass10532.jpg;31;1273066;461532755;251;462806072;3182.665;1153831.875;0.627;1157015.250
Placass10535.jpg;30;1275986;461437785;251;462714022;3189.965;1153594.500;0.627;1156785.000
Placass10565.jpg;30;1279354;461554712;248;462834314;3198.385;1153886.875;0.620;1157085.750
Placass10579.jpg;30;1273978;461610733;251;462884962;3184.945;1154026.750;0.627;1157212.375
Placass10596.jpg;30;1280734;461515691;239;462796664;3201.835;1153789.250;0.598;1156991.750
Placass10603.jpg;30;1272712;461478711;251;462751674;3181.780;1153696.875;0.627;1156879.250
Placass10613.jpg;30;1283156;461533550;250;462816956;3207.890;1153833.875;0.625;1157042.375
Placass10629.jpg;30;1281674;461538941;253;462820868;3204.185;1153847.375;0.632;1157052.250
Placass10632.jpg;31;1275916;461406545;241;462682702;3189.790;1153516.375;0.603;1156706.750
Placass10658.jpg;30;1281636;461407645;239;462689520;3204.090;1153519.125;0.598;1156723.875
Placass10660.jpg;30;1276484;461611482;248;462888214;3191.210;1154028.750;0.620;1157220.500
Placass10670.jpg;30;1277184;461489307;251;462766742;3192.960;1153723.250;0.627;1156916.875
Placass10679.jpg;30;1276782;461603496;232;462880510;3191.955;1154008.750;0.580;1157201.250
Placass10689.jpg;30;1279207;461484910;251;462764368;3198.018;1153712.250;0.627;1156910.875
Placass10719.jpg;30;1282984;461636311;241;462919536;3207.460;1154090.750;0.603;1157298.875
Placass10722.jpg;30;1276194;461413017;253;462689464;3190.485;1153532.625;0.632;1156723.750
Placass10725.jpg;30;1280566;461758859;241;463039666;3201.415;1154397.125;0.603;1157599.250
Placass10726.jpg;30;1276099;461466122;253;462742474;3190.248;1153665.250;0.632;1156856.125
Placass10733.jpg;30;1282717;461514470;241;462797428;3206.792;1153786.125;0.603;1156993.625
Placass10736.jpg;31;1275617;461590924;253;462866794;3189.042;1153977.250;0.632;1157167.000
Placass10737.jpg;30;1278200;461454265;251;462732716;3195.500;1153635.625;0.627;1156831.750
Placass10740.jpg;30;1283393;461536104;251;462819748;3208.483;1153840.250;0.627;1157049.375
Placass10743.jpg;30;1281014;461472279;253;462753546;3202.535;1153680.750;0.632;1156883.875
Placass10745.jpg;30;1278856;461480677;253;462759786;3197.140;1153701.750;0.632;1156899.375
Placass10803.jpg;30;1280370;461569681;239;462850290;3200.925;1153924.250;0.598;1157125.750
Placass10804.jpg;30;1279678;461543763;253;462823694;3199.195;1153859.375;0.632;1157059.250
Placass10807.jpg;30;1277230;461551913;241;462829384;3193.075;1153879.750;0.603;1157073.375
Placass10811.jpg;30;1280205;461453444;251;462733900;3200.512;1153633.625;0.627;1156834.750
Placass10812.jpg;30;1290976;461557097;239;462848312;3227.440;1153892.750;0.598;1157120.875
Placass10823.jpg;31;1278238;461490679;241;462769158;3195.595;1153726.750;0.603;1156922.875
Placass10824.jpg;30;1282098;461553657;251;462836006;3205.245;1153884.125;0.627;1157090.000
Placass10839.jpg;30;1274562;461469123;253;462743938;3186.405;1153672.750;0.632;1156859.875
Placass10840.jpg;30;1275553;461490352;255;462766160;3188.883;1153726.000;0.637;1156915.375
Placass10843.jpg;31;1277630;461499989;251;462777870;3194.075;1153750.000;0.627;1156944.625
Placass10845.jpg;31;1282968;461642657;239;462925864;3207.420;1154106.625;0.598;1157314.625
Placass10848.jpg;30;1281044;461544535;239;462825818;3202.610;1153861.375;0.598;1157064.500
Placass10849.jpg;31;1272042;461615637;253;462887932;3180.105;1154039.125;0.632;1157219.750
Placass10862.jpg;30;1274237;461607192;239;462881668;3185.593;1154018.000;0.598;1157204.250
Placass10864.jpg;30;1278844;461529011;251;462808106;3197.110;1153822.625;0.627;1157020.250
Placass10877.jpg;31;1280076;461659051;253;462939380;3200.190;1154147.625;0.632;1157348.500
Placass10880.jpg;30;1275156;461542507;253;462817916;3187.890;1153856.250;0.632;1157044.750
Placass10884.jpg;30;1277064;461616147;253;462893464;3192.660;1154040.375;0.632;1157233.625
Placass10897.jpg;30;1276531;461512892;251;462789674;3191.328;1153782.250;0.627;1156974.125
Placass10903.jpg;31;1277580;461542465;253;462820298;3193.950;1153856.125;0.632;1157050.625
Placass10906.jpg;30;1275856;461515197;235;462791288;3189.640;1153788.000;0.587;1156978.250
Placass10909.jpg;30;1276068;461377188;246;462653502;3190.170;1153443.000;0.615;1156633.750
Placass10915.jpg;31;1274900;461539706;246;462814852;3187.250;1153849.250;0.615;1157037.125
Placass10916.jpg;31;1278705;461593842;251;462872798;3196.762;1153984.625;0.627;1157182.000
Placass10929.jpg;30;1270730;461519271;235;462790236;3176.825;1153798.125;0.587;1156975.625
Placass10937.jpg;30;1279438;461650945;253;462930636;3198.595;1154127.375;0.632;1157326.625
Placass10947.jpg;30;1276506;461544820;232;462821558;3191.265;1153862.125;0.580;1157054.000
Placass10951.jpg;30;1279326;461498057;241;462777624;3198.315;1153745.125;0.603;1156944.125
Placass10955.jpg;31;1277092;461595287;253;462872632;3192.730;1153988.250;0.632;1157181.625
Placass10960.jpg;30;1277590;461532683;239;462810512;3193.975;1153831.625;0.598;1157026.250
Placass10969.jpg;30;1275524;461467904;244;462743672;3188.810;1153669.750;0.610;1156859.125
Placass10972.jpg;30;1275042;461519861;239;462795142;3187.605;1153799.625;0.598;1156987.875
Placass10988.jpg;30;1277352;461557833;251;462835436;3193.380;1153894.500;0.627;1157088.625
Placass10992.jpg;30;1275750;461517853;251;462793854;3189.375;1153794.625;0.627;1156984.625
Placass10995.jpg;30;1279988;461423167;253;462703408;3199.970;1153557.875;0.632;1156758.625
Placass10996.jpg;31;1275545;461576340;239;462852124;3188.863;1153940.875;0.598;1157130.250
Placass11000.jpg;30;1279071;461576958;241;462856270;3197.677;1153942.375;0.603;1157140.625
Placass11005.jpg;31;1280884;461560773;239;462841896;3202.210;1153901.875;0.598;1157104.750
Placass11008.jpg;30;1276467;461404786;241;462681494;3191.167;1153512.000;0.603;1156703.750
Placass11010.jpg;30;1280204;461523259;253;462803716;3200.510;1153808.125;0.632;1157009.250
Placass11013.jpg;31;1276465;461449354;251;462726070;3191.162;1153623.375;0.627;1156815.250
Placass11014.jpg;30;1276386;461545849;319;462822554;3190.965;1153864.625;0.798;1157056.375
Placass11018.jpg;30;1275080;461528827;253;462804160;3187.700;1153822.125;0.632;1157010.375
Placass11020.jpg;30;1287694;461438125;239;462726058;3219.235;1153595.250;0.598;1156815.125
Placass11021.jpg;30;1279428;461537131;253;462816812;3198.570;1153842.750;0.632;1157042.000
Placass11035.jpg;30;1274376;461648849;241;462923466;3185.940;1154122.125;0.603;1157308.625
Placass11037.jpg;30;1275296;461638675;251;462914222;3188.240;1154096.750;0.627;1157285.500
Placass11051.jpg;30;1280757;461536534;241;462817532;3201.892;1153841.375;0.603;1157043.750
Placass11054.jpg;30;1269264;461475485;251;462745000;3173.160;1153688.750;0.627;1156862.500
Placass11076.jpg;30;1274236;461576472;232;462850940;3185.590;1153941.250;0.580;1157127.375
Placass11077.jpg;30;1279968;461480277;251;462760496;3199.920;1153700.750;0.627;1156901.250
Placass11080.jpg;30;1283218;461610948;232;462894398;3208.045;1154027.375;0.580;1157236.000
Placass11092.jpg;30;1276404;461451073;251;462727728;3191.010;1153627.750;0.627;1156819.375
Placass11093.jpg;32;1281545;461592180;241;462873966;3203.862;1153980.500;0.603;1157184.875
Placass11105.jpg;31;1274704;461532260;248;462807212;3186.760;1153830.625;0.620;1157018.000
Placass11124.jpg;30;1277530;461537705;239;462815474;3193.825;1153844.250;0.598;1157038.750
Placass11126.jpg;30;1278250;461553451;253;462831954;3195.625;1153883.625;0.632;1157080.000
Placass11127.jpg;30;1280739;461540678;253;462821670;3201.847;1153851.750;0.632;1157054.125
Placass11128.jpg;31;1278910;461529633;239;462808782;3197.275;1153824.125;0.598;1157021.875
Placass11130.jpg;30;1282439;461544044;251;462826734;3206.097;1153860.125;0.627;1157066.750
Placass11131.jpg;30;1278442;461488865;253;462767560;3196.105;1153722.125;0.632;1156918.875
Placass11153.jpg;30;1276922;461548421;239;462825582;3192.305;1153871.125;0.598;1157064.000
Placass11155.jpg;31;1279397;461495234;241;462774872;3198.492;1153738.125;0.603;1156937.125
Placass11168.jpg;30;1274290;461508443;251;462782984;3185.725;1153771.125;0.627;1156957.375
Placass11170.jpg;31;1277028;461656801;239;462934068;3192.570;1154142.000;0.598;1157335.250
Placass11176.jpg;30;1275610;461474505;241;462750356;3189.025;1153686.250;0.603;1156876.000
Placass11178.jpg;30;1280574;461589863;235;462870672;3201.435;1153974.625;0.587;1157176.625
Placass11181.jpg;31;1275726;461619172;244;462895142;3189.315;1154047.875;0.610;1157237.875
Placass11187.jpg;30;1276756;461518993;253;462796002;3191.890;1153797.500;0.632;1156990.000
Placass11193.jpg;30;1280917;461511117;234;462792268;3202.292;1153777.750;0.585;1156980.625
Placass11205.jpg;30;1276907;461613244;251;462890402;3192.267;1154033.125;0.627;1157226.000
Placass11223.jpg;30;1276842;461467309;251;462744402;3192.105;1153668.250;0.627;1156861.000
Placass11229.jpg;30;1275682;461547455;253;462823390;3189.205;1153868.625;0.632;1157058.500
Placass11243.jpg;30;1277773;461664062;251;462942086;3194.432;1154160.125;0.627;1157355.250
Placass11247.jpg;30;1279272;461538845;253;462818370;3198.180;1153847.125;0.632;1157045.875
Placass11248.jpg;31;1279307;461457750;251;462737308;3198.268;1153644.375;0.627;1156843.375
Placass11258.jpg;30;1279704;461463227;241;462743172;3199.260;1153658.125;0.603;1156857.875
Placass11262.jpg;30;1275425;461530050;253;462805728;3188.563;1153825.125;0.632;1157014.375
Placass11266.jpg;30;1277786;461545503;251;462823540;3194.465;1153863.750;0.627;1157058.875
Placass11273.jpg;30;1280792;461501111;241;462782144;3201.980;1153752.750;0.603;1156955.375
Placass11279.jpg;30;1277580;461606325;251;462884156;3193.950;1154015.875;0.627;1157210.375
Placass11290.jpg;31;1276416;461533463;251;462810130;3191.040;1153833.625;0.627;1157025.375
Placass11303.jpg;30;1278466;461559631;239;462838336;3196.165;1153899.000;0.598;1157095.875
Placass11311.jpg;30;1277654;461671253;251;462949158;3194.135;1154178.125;0.627;1157372.875
Placass11326.jpg;30;1280766;461578473;235;462859474;3201.915;1153946.125;0.587;1157148.750
Placass11335.jpg;31;1277078;461561471;251;462838800;3192.695;1153903.750;0.627;1157097.000
Placass11359.jpg;31;1280002;461537505;251;462817758;3200.005;1153843.750;0.627;1157044.375
Placass11360.jpg;30;1279482;461584325;251;462864058;3198.705;1153960.875;0.627;1157160.125
Placass11378.jpg;30;1279332;461687595;251;462967178;3198.330;1154219.000;0.627;1157417.875
Placass11388.jpg;31;1280198;461588257;251;462868706;3200.495;1153970.625;0.627;1157171.750
Placass11397.jpg;30;1276038;461519385;241;462795664;3190.095;1153798.500;0.603;1156989.125
Placass11403.jpg;30;1277813;461553532;253;462831598;3194.533;1153883.875;0.632;1157079.000
Placass11404.jpg;31;1276981;461472970;253;462750204;3192.453;1153682.375;0.632;1156875.500
Placass11424.jpg;30;1278084;461530915;253;462809252;3195.210;1153827.250;0.632;1157023.125
Placass11429.jpg;31;1278932;461650539;241;462929712;3197.330;1154126.375;0.603;1157324.375
Placass11435.jpg;30;1277262;461536881;253;462814396;3193.155;1153842.250;0.632;1157036.000
Placass11439.jpg;32;1277137;461536816;253;462814206;3192.843;1153842.000;0.632;1157035.500
Placass11442.jpg;30;1275298;461623305;253;462898856;3188.245;1154058.250;0.632;1157247.125
Placass11444.jpg;30;1279970;461511377;319;462791666;3199.925;1153778.500;0.798;1156979.250
Placass11445.jpg;30;1278213;461453266;253;462731732;3195.532;1153633.125;0.632;1156829.375
Placass11448.jpg;30;1277968;461540983;319;462819270;3194.920;1153852.500;0.798;1157048.125
Placass11459.jpg;30;1278494;461475863;241;462754598;3196.235;1153689.750;0.603;1156886.500
Placass11461.jpg;30;1278868;461734723;251;463013842;3197.170;1154336.750;0.627;1157534.625
Placass11467.jpg;31;1280428;461531623;241;462812292;3201.070;1153829.000;0.603;1157030.750
Placass11470.jpg;30;1279770;461610141;251;462890162;3199.425;1154025.375;0.627;1157225.375
Placass11479.jpg;30;1282050;461509881;251;462792182;3205.125;1153774.625;0.627;1156980.500
Placass11486.jpg;30;1279909;461581484;251;462861644;3199.773;1153953.750;0.627;1157154.125
Placass11488.jpg;31;1277340;461519429;251;462797020;3193.350;1153798.625;0.627;1156992.500
Placass11498.jpg;30;1281112;461595447;253;462876812;3202.780;1153988.625;0.632;1157192.000
Placass11507.jpg;30;1275342;461491229;241;462766812;3188.355;1153728.000;0.603;1156917.000
Placass11510.jpg;30;1281844;461643621;241;462925706;3204.610;1154109.000;0.603;1157314.250
Placass11521.jpg;30;1279400;461568099;251;462847750;3198.500;1153920.250;0.627;1157119.375
Placass11531.jpg;30;1274444;461727999;253;463002696;3186.110;1154320.000;0.632;1157506.750
Placass11538.jpg;30;1276502;461668647;237;462945386;3191.255;1154171.625;0.592;1157363.375
Placass11542.jpg;30;1273454;461455020;248;462728722;3183.635;1153637.500;0.620;1156821.875
Placass11553.jpg;30;1276177;461529842;253;462806272;3190.443;1153824.625;0.632;1157015.750
Placass11560.jpg;30;1277573;461483804;267;462761644;3193.932;1153709.500;0.668;1156904.000
Placass11561.jpg;31;1276058;461548999;253;462825310;3190.145;1153872.500;0.632;1157063.250
Placass11563.jpg;30;1274768;461539151;239;462814158;3186.920;1153847.875;0.598;1157035.375
Placass11567.jpg;30;1277236;461502605;251;462780092;3193.090;1153756.500;0.627;1156950.250
Placass11569.jpg;30;1280398;461577305;251;462857954;3200.995;1153943.250;0.627;1157144.875
Placass11575.jpg;30;1278616;461629614;238;462908468;3196.540;1154074.000;0.595;1157271.250
Placass11579.jpg;30;1275308;461530521;253;462806082;3188.270;1153826.375;0.632;1157015.250
Placass11586.jpg;30;1278408;461572261;251;462850920;3196.020;1153930.625;0.627;1157127.250
Placass11597.jpg;31;1276232;461611989;253;462888474;3190.580;1154030.000;0.632;1157221.250
Placass11620.jpg;30;1278406;461601281;239;462879926;3196.015;1154003.125;0.598;1157199.875
Placass11623.jpg;30;1276691;461502850;253;462779794;3191.727;1153757.125;0.632;1156949.500
Placass11625.jpg;30;1278470;461563397;251;462842118;3196.175;1153908.500;0.627;1157105.250
Placass11655.jpg;30;1275296;461524925;253;462800474;3188.240;1153812.375;0.632;1157001.250
Placass11659.jpg;30;1278158;461396999;253;462675410;3195.395;1153492.500;0.632;1156688.500
Placass11668.jpg;30;1273974;461595433;253;462869660;3184.935;1153988.625;0.632;1157174.125
Placass11673.jpg;30;1280971;461447910;253;462729134;3202.427;1153619.750;0.632;1156822.750
Placass11676.jpg;30;1281300;461551529;251;462833080;3203.250;1153878.750;0.627;1157082.750
Placass11684.jpg;30;1286906;461582341;253;462869500;3217.265;1153955.875;0.632;1157173.750
Placass11700.jpg;30;1276334;461561121;241;462837696;3190.835;1153902.750;0.603;1157094.250
Placass11704.jpg;30;1280891;461511180;251;462792322;3202.228;1153778.000;0.627;1156980.750
plaacaas1016.jpg;30;1281134;461559139;251;462840524;3202.835;1153897.875;0.627;1157101.250
plaacaas1024.jpg;30;1280014;461619953;251;462900218;3200.035;1154049.875;0.627;1157250.625
plaacaas1029.jpg;30;1278536;461461440;248;462740224;3196.340;1153653.625;0.620;1156850.500
plaacaas1030.jpg;30;1279256;461468255;253;462747764;3198.140;1153670.625;0.632;1156869.375
plaacaas1040.jpg;30;1282510;461575641;251;462858402;3206.275;1153939.125;0.627;1157146.000
plaacaas1045.jpg;30;1281216;461565071;241;462846528;3203.040;1153912.625;0.603;1157116.250
plaacaas1068.jpg;30;1280694;461630693;239;462911626;3201.735;1154076.750;0.598;1157279.000
plaacaas1075.jpg;30;1280618;461504911;253;462785782;3201.545;1153762.250;0.632;1156964.500
plaacaas1077.jpg;31;1279413;461535280;251;462814944;3198.533;1153838.250;0.627;1157037.375
plaacaas1105.jpg;30;1278624;461624939;253;462903816;3196.560;1154062.375;0.632;1157259.500
plaacaas1111.jpg;30;1280831;461593140;339;462874310;3202.077;1153982.875;0.848;1157185.750
plaacaas1124.jpg;31;1277580;461584883;239;462862702;3193.950;1153962.250;0.598;1157156.750
plaacaas1126.jpg;30;1279872;461618003;253;462898128;3199.680;1154045.000;0.632;1157245.250
plaacaas1141.jpg;30;1279792;461548879;251;462828922;3199.480;1153872.125;0.627;1157072.375
plaacaas1147.jpg;31;1281844;461514015;241;462796100;3204.610;1153785.000;0.603;1156990.250
plaacaas1159.jpg;30;1280944;461450991;253;462732188;3202.360;1153627.500;0.632;1156830.500
plaacaas1160.jpg;30;1293536;461518675;251;462812462;3233.840;1153796.750;0.627;1157031.125
plaacaas1175.jpg;30;1278696;461563071;253;462842020;3196.740;1153907.625;0.632;1157105.000
plaacaas1177.jpg;30;1282924;461476945;241;462760110;3207.310;1153692.375;0.603;1156900.250
plaacaas1181.jpg;30;1279032;461594209;241;462873482;3197.580;1153985.500;0.603;1157183.625
plaacaas1186.jpg;30;1280146;461566499;253;462846898;3200.365;1153916.250;0.632;1157117.250
plaacaas1188.jpg;30;1279527;461494466;239;462774232;3198.817;1153736.125;0.598;1156935.625
plaacaas1193.jpg;30;1275586;461577067;253;462852906;3188.965;1153942.625;0.632;1157132.250
plaacaas1199.jpg;30;1280896;461518701;239;462799836;3202.240;1153796.750;0.598;1156999.625
plaacaas1200.jpg;30;1279218;461638605;253;462918076;3198.045;1154096.500;0.632;1157295.250
plaacaas1201.jpg;30;1280544;461439151;253;462719948;3201.360;1153597.875;0.632;1156799.875
plaacaas1207.jpg;30;1279378;461450310;246;462729934;3198.445;1153625.750;0.615;1156824.750
plaacaas1218.jpg;31;1277542;461617551;253;462895346;3193.855;1154043.875;0.632;1157238.375
plaacaas1220.jpg;31;1282080;461604395;241;462886716;3205.200;1154011.000;0.603;1157216.750
plaacaas1234.jpg;30;1280842;461603434;248;462884524;3202.105;1154008.500;0.620;1157211.250
plaacaas1251.jpg;31;1278124;461519694;248;462798066;3195.310;1153799.125;0.620;1156995.250
plaacaas1252.jpg;30;1279642;461584403;253;462864298;3199.105;1153961.125;0.632;1157160.750
plaacaas1280.jpg;30;1279356;461624939;319;462904614;3198.390;1154062.375;0.798;1157261.500
plaacaas1286.jpg;30;1281916;461528373;1503;462811792;3204.790;1153821.000;3.758;1157029.500
plaacaas1299.jpg;30;1279469;461435420;251;462715140;3198.673;1153588.500;0.627;1156787.875
plaacaas1305.jpg;31;1278681;461538132;1407;462818220;3196.703;1153845.375;3.518;1157045.500
plaacaas1309.jpg;31;1281162;461665383;251;462946796;3202.905;1154163.375;0.627;1157366.875
placaas10004.jpg;31;1276222;461520927;253;462797402;3190.555;1153802.250;0.632;1156993.500
placaas10007.jpg;30;1279508;461518718;312;462798538;3198.770;1153796.875;0.780;1156996.375
placaas10008.jpg;30;1275262;461512579;251;462788092;3188.155;1153781.500;0.627;1156970.250
placaas10011.jpg;30;1282458;461449093;251;462731802;3206.145;1153622.625;0.627;1156829.500
placaas10020.jpg;31;1280864;461505252;240;462786356;3202.160;1153763.125;0.600;1156966.000
placaas10023.jpg;30;1278442;461574065;251;462852758;3196.105;1153935.250;0.627;1157131.875
placaas10034.jpg;30;1277612;461579433;241;462857286;3194.030;1153948.625;0.603;1157143.250
placaas10037.jpg;31;1277442;461538309;253;462816004;3193.605;1153845.750;0.632;1157040.000
placaas10047.jpg;30;1275900;461519383;251;462795534;3189.750;1153798.500;0.627;1156988.750
placaas10049.jpg;31;1279316;461609877;235;462889428;3198.290;1154024.750;0.587;1157223.625
placaas10061.jpg;30;1278146;461564929;303;462843378;3195.365;1153912.375;0.757;1157108.500
placaas10063.jpg;31;1279312;461618037;239;462897588;3198.280;1154045.125;0.598;1157244.000
placaas10068.jpg;30;1275030;461507734;236;462783000;3187.575;1153769.375;0.590;1156957.500
placaas10073.jpg;30;1280168;461527131;239;462807538;3200.420;1153817.750;0.598;1157018.875
placaas10078.jpg;31;1279723;461562522;253;462842498;3199.308;1153906.250;0.632;1157106.250
placaas10081.jpg;30;1280958;461555571;241;462836770;3202.395;1153888.875;0.603;1157092.000
placaas10083.jpg;30;1281766;461505547;239;462787552;3204.415;1153763.875;0.598;1156968.875
placaas10089.jpg;30;1280770;461453623;251;462734644;3201.925;1153634.125;0.627;1156836.625
placaas10106.jpg;31;1278166;461572939;253;462851358;3195.415;1153932.250;0.632;1157128.375
placaas10113.jpg;30;1279966;461531247;253;462811466;3199.915;1153828.125;0.632;1157028.625
placaas10117.jpg;30;1281394;461563825;251;462845470;3203.485;1153909.625;0.627;1157113.625
placaas10118.jpg;31;1280638;461549355;241;462830234;3201.595;1153873.375;0.603;1157075.625
placaas10136.jpg;31;1273274;461479035;253;462752562;3183.185;1153697.625;0.632;1156881.375
placaas10151.jpg;31;1279260;461542767;241;462822268;3198.150;1153856.875;0.603;1157055.750
placaas10160.jpg;31;1279738;461441941;239;462721918;3199.345;1153604.875;0.598;1156804.875
placaas10163.jpg;30;1279321;461477576;253;462757150;3198.303;1153693.875;0.632;1156892.875
placaas10166.jpg;30;1280928;461513643;253;462794824;3202.320;1153784.125;0.632;1156987.000
placaas10170.jpg;30;1278218;461467283;253;462745754;3195.545;1153668.250;0.632;1156864.375
placaas10184.jpg;31;1281982;461530873;251;462813106;3204.955;1153827.250;0.627;1157032.875
placaas10205.jpg;30;1282199;461592182;253;462874634;3205.498;1153980.500;0.632;1157186.625
placaas10209.jpg;30;1274044;461503757;253;462778054;3185.110;1153759.375;0.632;1156945.125
placaas10221.jpg;30;1279454;461658637;305;462938396;3198.635;1154146.500;0.762;1157346.000
placaas10222.jpg;30;1276528;461507355;253;462784136;3191.320;1153768.375;0.632;1156960.375
placaas10231.jpg;30;1278857;461585188;241;462864286;3197.143;1153962.875;0.603;1157160.750
placaas10247.jpg;30;1281919;461471275;232;462753426;3204.798;1153678.125;0.580;1156883.625
placaas10270.jpg;31;1279552;461633661;251;462913464;3198.880;1154084.125;0.627;1157283.750
placaas10275.jpg;30;1274996;461518435;253;462793684;3187.490;1153796.125;0.632;1156984.250
placaas10279.jpg;30;1278670;461504829;251;462783750;3196.675;1153762.125;0.627;1156959.375
placaas10282.jpg;31;1281144;461554203;253;462835600;3202.860;1153885.500;0.632;1157088.875
placaas10312.jpg;31;1279535;461485980;251;462765766;3198.837;1153715.000;0.627;1156914.375
placaas10316.jpg;30;1280028;461401141;251;462681420;3200.070;1153502.875;0.627;1156703.500
placaas10332.jpg;30;1281863;461571771;232;462853866;3204.658;1153929.500;0.580;1157134.625
placaas10357.jpg;30;1279262;461583783;241;462863286;3198.155;1153959.500;0.603;1157158.250
placaas10364.jpg;30;1276042;461564030;246;462840318;3190.105;1153910.125;0.615;1157100.750
placaas10392.jpg;30;1281730;461549583;253;462831566;3204.325;1153873.875;0.632;1157078.875
placaas10396.jpg;30;1279481;461447780;253;462727514;3198.702;1153619.375;0.632;1156818.875
placaas10398.jpg;30;1282845;461387486;241;462670572;3207.113;1153468.750;0.603;1156676.375
placaas10400.jpg;30;1282111;461450034;241;462732386;3205.278;1153625.125;0.603;1156831.000
placaas10412.jpg;30;1279862;461522481;251;462802594;3199.655;1153806.250;0.627;1157006.500
placaas10417.jpg;30;1282022;461507931;305;462790258;3205.055;1153769.875;0.762;1156975.750
placaas10423.jpg;31;1280496;461520967;239;462801702;3201.240;1153802.375;0.598;1157004.250
placaas10426.jpg;30;1276966;461617363;241;462894570;3192.415;1154043.500;0.603;1157236.375
placaas10434.jpg;31;1281376;461556665;251;462838292;3203.440;1153891.750;0.627;1157095.750
placaas10447.jpg;31;1280394;461508207;253;462788854;3200.985;1153770.500;0.632;1156972.125
placaas10452.jpg;30;1279529;461573946;253;462853728;3198.823;1153934.875;0.632;1157134.375
placaas10453.jpg;30;1280472;461420036;244;462700752;3201.180;1153550.125;0.610;1156751.875
placaas10458.jpg;30;1278656;461497521;253;462776430;3196.640;1153743.750;0.632;1156941.000
placaas10467.jpg;31;1280722;461575407;241;462856370;3201.805;1153938.500;0.603;1157141.000
placaas10468.jpg;30;1277340;461476234;278;462753852;3193.350;1153690.500;0.695;1156884.625
placaas10472.jpg;31;1281377;461543814;241;462825432;3203.443;1153859.500;0.603;1157063.625
placaas10493.jpg;30;1277856;461532256;248;462810360;3194.640;1153830.625;0.620;1157025.875
placaas10504.jpg;31;1279582;461677497;241;462957320;3198.955;1154193.750;0.603;1157393.250
placaas10509.jpg;30;1271426;461562974;244;462834644;3178.565;1153907.500;0.610;1157086.625
placaas10513.jpg;30;1279072;461531883;241;462811196;3197.680;1153829.750;0.603;1157028.000
placaas10519.jpg;31;1278852;461383707;241;462662800;3197.130;1153459.250;0.603;1156656.875
placaas10520.jpg;30;1277550;461517357;239;462795146;3193.875;1153793.375;0.598;1156987.875
placaas10533.jpg;30;1273512;461526605;253;462800370;3183.780;1153816.500;0.632;1157001.000
placaas10545.jpg;30;1279385;461549704;253;462829342;3198.463;1153874.250;0.632;1157073.375
placaas10558.jpg;30;1278363;461579074;251;462857688;3195.908;1153947.625;0.627;1157144.250
placaas10567.jpg;30;1281460;461584701;251;462866412;3203.650;1153961.750;0.627;1157166.000
placaas10569.jpg;30;1274150;461597716;238;462872104;3185.375;1153994.250;0.595;1157180.250
placaas10573.jpg;31;1278674;461560079;303;462839056;3196.685;1153900.125;0.757;1157097.625
placaas10582.jpg;30;1274960;461559045;241;462834246;3187.400;1153897.625;0.603;1157085.625
placaas10602.jpg;30;1279612;461516582;250;462796444;3199.030;1153791.500;0.625;1156991.125
placaas10606.jpg;30;1278754;461507765;239;462786758;3196.885;1153769.500;0.598;1156966.875
placaas10614.jpg;30;1278205;461640336;253;462918794;3195.512;1154100.875;0.632;1157297.000
placaas10617.jpg;30;1276434;461504275;253;462780962;3191.085;1153760.750;0.632;1156952.375
placaas10625.jpg;31;1274715;461487594;303;462762612;3186.788;1153719.000;0.757;1156906.625
placaas10641.jpg;30;1268565;461575466;253;462844284;3171.413;1153938.625;0.632;1157110.750
placaas10646.jpg;30;1282321;461589320;253;462871894;3205.802;1153973.250;0.632;1157179.750
placaas10650.jpg;31;1275672;461479701;251;462755624;3189.180;1153699.250;0.627;1156889.000
placaas10668.jpg;30;1282526;461488477;251;462771254;3206.315;1153721.125;0.627;1156928.125
placaas10669.jpg;30;1279649;461542500;251;462822400;3199.123;1153856.250;0.627;1157056.000
placaas10679.jpg;30;1280348;461564207;251;462844806;3200.870;1153910.500;0.627;1157112.000
placaas10685.jpg;30;1279010;461437911;239;462717160;3197.525;1153594.875;0.598;1156792.875
placaas10688.jpg;30;1279014;461622569;237;462901820;3197.535;1154056.375;0.592;1157254.500
placaas10697.jpg;30;1280368;461601735;251;462882354;3200.920;1154004.375;0.627;1157206.000
placaas10700.jpg;30;1280781;461567910;253;462848944;3201.953;1153919.750;0.632;1157122.375
placaas10705.jpg;30;1282082;461512781;251;462795114;3205.205;1153781.875;0.627;1156987.750
placaas10713.jpg;31;1280902;461464783;253;462745938;3202.255;1153662.000;0.632;1156864.875
placaas10716.jpg;30;1279942;461516787;251;462796980;3199.855;1153792.000;0.627;1156992.500
placaas10717.jpg;30;1281304;461536367;251;462817922;3203.260;1153840.875;0.627;1157044.750
placaas10724.jpg;30;1279372;461637109;251;462916732;3198.430;1154092.750;0.627;1157291.875
placaas10730.jpg;30;1279768;461623821;239;462903828;3199.420;1154059.500;0.598;1157259.500
placaas10735.jpg;30;1275440;461514717;239;462790396;3188.600;1153786.750;0.598;1156976.000
placaas10739.jpg;30;1281421;461534908;327;462816656;3203.552;1153837.250;0.817;1157041.625
placaas10752.jpg;31;1278640;461574445;251;462853336;3196.600;1153936.125;0.627;1157133.375
placaas10764.jpg;31;1274134;461547847;239;462822220;3185.335;1153869.625;0.598;1157055.500
placaas10769.jpg;30;1280524;461494627;253;462775404;3201.310;1153736.625;0.632;1156938.500
placaas10773.jpg;31;1272678;461668461;253;462941392;3181.695;1154171.125;0.632;1157353.375
placaas10779.jpg;31;1276823;461648750;239;462925812;3192.057;1154121.750;0.598;1157314.625
placaas10787.jpg;30;1281082;461590497;241;462871820;3202.705;1153976.250;0.603;1157179.500
placaas10797.jpg;30;1275078;461544149;253;462819480;3187.695;1153860.375;0.632;1157048.750
placaas10805.jpg;30;1272138;461584335;253;462856726;3180.345;1153960.875;0.632;1157141.875
placaas10837.jpg;31;1283684;461494181;251;462778116;3209.210;1153735.375;0.627;1156945.250
placaas10842.jpg;30;1280204;461559207;309;462839720;3200.510;1153898.000;0.772;1157099.250
placaas10857.jpg;30;1277898;461510531;253;462788682;3194.745;1153776.375;0.632;1156971.625
placaas10861.jpg;30;1281115;461472062;239;462753416;3202.788;1153680.125;0.598;1156883.500
placaas10880.jpg;30;1277737;461566370;251;462844358;3194.343;1153916.000;0.627;1157110.875
placaas10882.jpg;31;1268044;461486173;253;462754470;3170.110;1153715.500;0.632;1156886.125
placaas10889.jpg;30;1278647;461605640;239;462884526;3196.617;1154014.125;0.598;1157211.250
placaas10910.jpg;30;1278962;461571317;251;462850530;3197.405;1153928.375;0.627;1157126.375
placaas10911.jpg;30;1275966;461618927;253;462895146;3189.915;1154047.250;0.632;1157237.875
placaas10913.jpg;30;1279667;461517320;241;462797228;3199.167;1153793.250;0.603;1156993.000
placaas10918.jpg;30;1281984;461603191;253;462885428;3204.960;1154008.000;0.632;1157213.625
placaas10923.jpg;30;1276768;461484239;251;462761258;3191.920;1153710.625;0.627;1156903.125
placaas10924.jpg;31;1275647;461562040;253;462837940;3189.117;1153905.125;0.632;1157094.875
placaas10928.jpg;31;1278122;461556109;251;462834482;3195.305;1153890.250;0.627;1157086.250
placaas10934.jpg;31;1283220;461453625;253;462737098;3208.050;1153634.125;0.632;1156842.750
placaas10935.jpg;30;1281525;461509636;251;462791412;3203.813;1153774.125;0.627;1156978.500
placaas10941.jpg;30;1281264;461436233;251;462717748;3203.160;1153590.500;0.627;1156794.375
placaas10979.jpg;31;1281164;461561323;253;462842740;3202.910;1153903.250;0.632;1157106.875
placaas10986.jpg;30;1278147;461552145;238;462830530;3195.368;1153880.375;0.595;1157076.375
placaas10995.jpg;30;1278250;461582477;253;462860980;3195.625;1153956.125;0.632;1157152.500
placaas10996.jpg;30;1281069;461572836;239;462854144;3202.673;1153932.000;0.598;1157135.375
placaas10999.jpg;30;1277934;461529139;253;462807326;3194.835;1153822.875;0.632;1157018.250
placaas11002.jpg;30;1278017;461659934;253;462938204;3195.042;1154149.875;0.632;1157345.500
placaas11011.jpg;31;1277288;461626677;251;462904216;3193.220;1154066.750;0.627;1157260.625
placaas11012.jpg;30;1280472;461606547;241;462887260;3201.180;1154016.500;0.603;1157218.125
placaas11014.jpg;30;1284228;461520629;253;462805110;3210.570;1153801.625;0.632;1157012.750
placaas11036.jpg;30;1281407;461615071;248;462896726;3203.518;1154037.625;0.620;1157241.875
placaas11048.jpg;31;1279730;461472011;253;462751994;3199.325;1153680.000;0.632;1156880.000
placaas11052.jpg;30;1280540;461556097;251;462836888;3201.350;1153890.250;0.627;1157092.250
placaas11064.jpg;30;1282828;461467069;253;462750150;3207.070;1153667.625;0.632;1156875.375
placaas11070.jpg;31;1279716;461427741;253;462707710;3199.290;1153569.375;0.632;1156769.250
placaas11071.jpg;30;1278268;461550127;239;462828634;3195.670;1153875.250;0.598;1157071.625
placaas11074.jpg;30;1274202;461554977;1359;462830538;3185.505;1153887.375;3.398;1157076.375
placaas11100.jpg;30;1280670;461606890;250;462887810;3201.675;1154017.250;0.625;1157219.500
placaas11107.jpg;30;1281002;461499911;253;462781166;3202.505;1153749.750;0.632;1156952.875
placaas11111.jpg;30;1281130;461645675;253;462927058;3202.825;1154114.125;0.632;1157317.750
placaas11116.jpg;30;1282669;461537058;253;462819980;3206.673;1153842.625;0.632;1157049.875
placaas11119.jpg;30;1281000;461463899;253;462745152;3202.500;1153659.750;0.632;1156862.875
placaas11120.jpg;30;1279553;461485922;253;462765728;3198.883;1153714.750;0.632;1156914.250
placaas11143.jpg;30;1281572;461599013;1369;462881954;3203.930;1153997.500;3.422;1157204.875
placaas11145.jpg;30;1274871;461467886;253;462743010;3187.177;1153669.625;0.632;1156857.500
placaas11150.jpg;30;1277608;461572905;251;462850764;3194.020;1153932.250;0.627;1157126.875
placaas11151.jpg;30;1280278;461610267;253;462890798;3200.695;1154025.625;0.632;1157226.875
placaas11169.jpg;30;1280542;461562531;253;462843326;3201.355;1153906.250;0.632;1157108.375
placaas11170.jpg;30;1280248;461608589;253;462889090;3200.620;1154021.500;0.632;1157222.750
placaas11174.jpg;30;1276244;461647879;253;462924376;3190.610;1154119.750;0.632;1157311.000
placaas11176.jpg;30;1280964;461507701;253;462788918;3202.410;1153769.250;0.632;1156972.375
placaas11177.jpg;31;1278620;461547575;253;462826448;3196.550;1153869.000;0.632;1157066.125
placaas11179.jpg;31;1278852;461509897;251;462789000;3197.130;1153774.625;0.627;1156972.500
placaas11181.jpg;30;1280248;461433892;244;462714384;3200.620;1153584.625;0.610;1156786.000
placaas11187.jpg;30;1280668;461558213;251;462839132;3201.670;1153895.500;0.627;1157097.875
placaas11193.jpg;30;1277658;461592367;251;462870276;3194.145;1153980.875;0.627;1157175.625
placaas11194.jpg;30;1279986;461672338;234;462952558;3199.965;1154180.875;0.585;1157381.375
placaas11198.jpg;30;1279962;461511727;253;462791942;3199.905;1153779.250;0.632;1156979.750
placaas11206.jpg;31;1274586;461489808;236;462764630;3186.465;1153724.500;0.590;1156911.625
placaas11213.jpg;31;1271135;461524544;251;462795930;3177.837;1153811.375;0.627;1156989.875
placaas11215.jpg;30;1279699;461475146;253;462755098;3199.248;1153687.875;0.632;1156887.750
placaas11218.jpg;30;1282996;461393088;248;462676332;3207.490;1153482.750;0.620;1156690.875
placaas11229.jpg;30;1270746;461633991;253;462904990;3176.865;1154085.000;0.632;1157262.500
placaas11249.jpg;30;1276092;461611853;239;462888184;3190.230;1154029.625;0.598;1157220.500
placaas11260.jpg;30;1283532;461396625;241;462680398;3208.830;1153491.625;0.603;1156701.000
placaas11264.jpg;30;1279014;461480685;239;462759938;3197.535;1153701.750;0.598;1156899.875
placaas11265.jpg;30;1277416;461530844;244;462808504;3193.540;1153827.125;0.610;1157021.250
placaas11268.jpg;30;1280249;461572835;246;462853330;3200.623;1153932.000;0.615;1157133.375
placaas11271.jpg;30;1272650;461582283;251;462855184;3181.625;1153955.750;0.627;1157137.875
placaas11280.jpg;31;1271724;461659075;251;462931050;3179.310;1154147.625;0.627;1157327.625
placaas11299.jpg;30;1278062;461611705;251;462890018;3195.155;1154029.250;0.627;1157225.000
placaas11302.jpg;30;1278732;461551239;251;462830222;3196.830;1153878.125;0.627;1157075.500
placaas11304.jpg;31;1279172;461494849;251;462774272;3197.930;1153737.125;0.627;1156935.625
placaas11324.jpg;30;1279726;461579273;251;462859250;3199.315;1153948.125;0.627;1157148.125
placaas11328.jpg;30;1282446;461553109;253;462835808;3206.115;1153882.750;0.632;1157089.500
placaas11338.jpg;31;1279426;461531497;253;462811176;3198.565;1153828.750;0.632;1157028.000
placaas11342.jpg;30;1273176;461566503;253;462839932;3182.940;1153916.250;0.632;1157099.875
placaas11353.jpg;30;1283281;461642414;241;462925936;3208.202;1154106.000;0.603;1157314.875
placaas11366.jpg;30;1278984;461518763;263;462798010;3197.460;1153796.875;0.658;1156995.125
placaas11370.jpg;30;1284042;461486125;251;462770418;3210.105;1153715.250;0.627;1156926.125
placaas11390.jpg;31;1278044;461489857;239;462768140;3195.110;1153724.625;0.598;1156920.375
placaas11393.jpg;30;1279093;461502154;239;462781486;3197.732;1153755.375;0.598;1156953.750
placaas11395.jpg;30;1277182;461516719;251;462794152;3192.955;1153791.750;0.627;1156985.375
placaas11403.jpg;30;1281882;461552989;241;462835112;3204.705;1153882.500;0.603;1157087.750
placaas11410.jpg;30;1278349;461493940;253;462772542;3195.873;1153734.875;0.632;1156931.375
placaas11417.jpg;30;1280604;461511605;251;462792460;3201.510;1153779.000;0.627;1156981.125
placas1010.jpg;30;1280294;461507131;253;462787678;3200.735;1153767.750;0.632;1156969.250
placas1033.jpg;31;1282198;461456323;239;462738760;3205.495;1153640.750;0.598;1156846.875
placas1034.jpg;30;1271126;461550403;237;462821766;3177.815;1153876.000;0.592;1157054.375
placas1038.jpg;31;1266908;461620017;251;462887176;3167.270;1154050.125;0.627;1157218.000
placas1054.jpg;31;1268177;461625380;253;462893810;3170.443;1154063.375;0.632;1157234.500
placas1055.jpg;30;1281694;461440917;239;462722850;3204.235;1153602.250;0.598;1156807.125
placas1078.jpg;30;1281646;461574119;253;462856018;3204.115;1153935.250;0.632;1157140.125
placas1099.jpg;30;1272102;461515563;253;462787918;3180.255;1153788.875;0.632;1156969.750
placas1101.jpg;30;1280462;461587367;253;462868082;3201.155;1153968.375;0.632;1157170.250
placas1105.jpg;30;1279326;461521872;244;462801442;3198.315;1153804.625;0.610;1157003.625
placas1106.jpg;30;1264356;461470435;251;462735042;3160.890;1153676.125;0.627;1156837.625
placas1113.jpg;30;1279464;461613637;239;462893340;3198.660;1154034.000;0.598;1157233.375
placas1116.jpg;30;1281280;461549891;253;462831424;3203.200;1153874.750;0.632;1157078.500
placas1127.jpg;30;1282938;461538156;244;462821338;3207.345;1153845.375;0.610;1157053.375
placas1131.jpg;30;1282712;461560653;251;462843616;3206.780;1153901.625;0.627;1157109.125
placas1145.jpg;31;1273150;461561557;251;462834958;3182.875;1153904.000;0.627;1157087.375
placas1152.jpg;30;1280514;461546880;248;462827642;3201.285;1153867.250;0.620;1157069.125
placas1159.jpg;30;1281840;461508361;241;462790442;3204.600;1153770.875;0.603;1156976.125
placas1171.jpg;30;1271594;461502255;239;462774088;3178.985;1153755.625;0.598;1156935.125
placas1174.jpg;30;1283194;461574693;239;462858126;3207.985;1153936.750;0.598;1157145.250
placas1175.jpg;30;1278321;461499996;253;462778570;3195.802;1153750.000;0.632;1156946.375
placas1180.jpg;31;1279750;461504247;253;462784250;3199.375;1153760.625;0.632;1156960.625
placas1188.jpg;30;1277378;461554127;253;462831758;3193.445;1153885.250;0.632;1157079.375
placas1216.jpg;30;1279740;461550911;253;462830904;3199.350;1153877.250;0.632;1157077.250
placas1247.jpg;30;1279764;461595763;251;462875778;3199.410;1153989.375;0.627;1157189.375
placas1261.jpg;31;1276654;461698909;251;462975814;3191.635;1154247.250;0.627;1157439.500
placas1264.jpg;31;1273612;461630277;241;462904130;3184.030;1154075.625;0.603;1157260.375
placas1285.jpg;30;1278106;461503061;241;462781408;3195.265;1153757.625;0.603;1156953.500
placas1299.jpg;30;1274298;461521045;257;462795600;3185.745;1153802.625;0.642;1156989.000
placas1305.jpg;30;1268030;461579120;244;462847394;3170.075;1153947.875;0.610;1157118.500
placas1313.jpg;30;1279189;461547204;253;462826646;3197.973;1153868.000;0.632;1157066.625
placas1338.jpg;30;1281956;461528397;241;462810594;3204.890;1153821.000;0.603;1157026.500
placas1342.jpg;30;1280966;461538893;251;462820110;3202.415;1153847.125;0.627;1157050.250
placas1345.jpg;30;1233249;461556722;239;462790210;3083.123;1153891.875;0.598;1156975.500
placas1352.jpg;30;1281119;461512466;241;462793826;3202.797;1153781.250;0.603;1156984.625
placas1353.jpg;30;1274544;461446628;248;462721420;3186.360;1153616.500;0.620;1156803.500
placas1355.jpg;30;1269944;461527017;241;462797202;3174.860;1153817.500;0.603;1156993.000
placas1366.jpg;30;1267474;461508813;253;462776540;3168.685;1153772.000;0.632;1156941.375
placas1399.jpg;31;1292862;461544115;253;462837230;3232.155;1153860.375;0.632;1157093.000
placas1405.jpg;30;1280476;461631800;232;462912508;3201.190;1154079.500;0.580;1157281.250
placas1419.jpg;30;1281754;461584633;251;462866638;3204.385;1153961.625;0.627;1157166.500
placas1504.jpg;30;1267868;461505305;251;462773424;3169.670;1153763.250;0.627;1156933.625
placas1516.jpg;30;1280402;461570599;251;462851252;3201.005;1153926.500;0.627;1157128.250
placas1540.jpg;30;1278476;461727069;251;463005796;3196.190;1154317.625;0.627;1157514.500
placas1557.jpg;30;1282495;461548364;253;462831112;3206.237;1153870.875;0.632;1157077.750
placas1578.jpg;30;1280566;461524505;251;462805322;3201.415;1153811.250;0.627;1157013.250
placas1602.jpg;30;1270270;461546227;239;462816736;3175.675;1153865.625;0.598;1157041.875
placas1610.jpg;30;1237719;461544546;253;462782518;3094.298;1153861.375;0.632;1156956.250
placas1619.jpg;30;1279348;461482035;253;462761636;3198.370;1153705.125;0.632;1156904.000
placas1621.jpg;30;1276390;461465921;251;462742562;3190.975;1153664.750;0.627;1156856.375
placas1627.jpg;30;1275042;461570767;253;462846062;3187.605;1153926.875;0.632;1157115.125
placas1637.jpg;30;1281545;461705066;253;462986864;3203.862;1154262.625;0.632;1157467.125
placas1644.jpg;30;1279914;461415215;321;462695450;3199.785;1153538.000;0.803;1156738.625
placas1658.jpg;30;1281468;461472195;253;462753916;3203.670;1153680.500;0.632;1156884.875
placas1677.jpg;30;1265765;461612564;251;462878580;3164.413;1154031.500;0.627;1157196.500
placas1680.jpg;30;1280050;461583967;253;462864270;3200.125;1153959.875;0.632;1157160.625
placas1684.jpg;30;1264602;461561819;251;462826672;3161.505;1153904.500;0.627;1157066.750
placas1700.jpg;30;1281142;461552195;253;462833590;3202.855;1153880.500;0.632;1157084.000
placas1723.jpg;30;1282980;461633201;239;462916420;3207.450;1154083.000;0.598;1157291.000
placas1726.jpg;30;1280572;461603341;251;462884164;3201.430;1154008.250;0.627;1157210.375
placas1729.jpg;30;1282078;461454625;239;462736942;3205.195;1153636.500;0.598;1156842.250
Motospl10011.jpg;30;1280062;461545375;265;462825702;3200.155;1153863.375;0.663;1157064.250
Motospl10016.jpg;30;1274298;461624387;241;462898926;3185.745;1154061.000;0.603;1157247.375
Motospl10019.jpg;30;1279654;461560801;253;462840708;3199.135;1153902.000;0.632;1157101.750
Motospl10031.jpg;31;1278828;461627283;253;462906364;3197.070;1154068.250;0.632;1157265.875
Motospl10035.jpg;30;1282242;461420803;253;462703298;3205.605;1153552.000;0.632;1156758.250
Motospl10037.jpg;30;1281272;461587943;241;462869456;3203.180;1153969.750;0.603;1157173.625
Motospl10039.jpg;30;1279124;461541852;248;462821224;3197.810;1153854.625;0.620;1157053.000
Motospl10041.jpg;30;1276110;461535377;253;462811740;3190.275;1153838.500;0.632;1157029.375
Motospl10054.jpg;30;1278166;461529585;253;462808004;3195.415;1153824.000;0.632;1157020.000
Motospl10059.jpg;30;1267978;461551851;251;462820080;3169.945;1153879.625;0.627;1157050.250
Motospl10075.jpg;31;1278234;461592191;253;462870678;3195.585;1153980.500;0.632;1157176.625
Motospl10080.jpg;30;1272292;461418755;239;462691286;3180.730;1153546.875;0.598;1156728.250
Motospl10082.jpg;31;1280895;461425184;251;462706330;3202.237;1153563.000;0.627;1156765.750
Motospl10084.jpg;30;1280063;461627818;241;462908122;3200.158;1154069.500;0.603;1157270.250
Motospl10091.jpg;30;1278908;461598129;251;462877288;3197.270;1153995.375;0.627;1157193.250
Motospl10106.jpg;30;1278073;461651238;241;462929552;3195.182;1154128.125;0.603;1157323.875
Motospl10114.jpg;30;1279316;461558217;251;462837784;3198.290;1153895.500;0.627;1157094.500
Motospl10120.jpg;30;1282369;461532534;251;462815154;3205.923;1153831.375;0.627;1157037.875
Motospl10127.jpg;30;1278406;461504035;241;462782682;3196.015;1153760.125;0.603;1156956.750
Motospl10138.jpg;30;1277574;461604129;253;462881956;3193.935;1154010.375;0.632;1157204.875
Motospl10147.jpg;30;1281451;461512130;241;462793822;3203.627;1153780.250;0.603;1156984.625
Motospl10156.jpg;30;1281703;461595050;239;462876992;3204.258;1153987.625;0.598;1157192.500
Motospl10157.jpg;30;1281856;461547675;253;462829784;3204.640;1153869.250;0.632;1157074.500
Motospl10161.jpg;30;1276996;461446607;239;462723842;3192.490;1153616.500;0.598;1156809.625
Motospl10164.jpg;30;1281091;461564070;253;462845414;3202.728;1153910.125;0.632;1157113.500
Motospl10190.jpg;30;1280124;461543801;251;462824176;3200.310;1153859.500;0.627;1157060.500
Motospl10199.jpg;31;1278476;461606065;241;462884782;3196.190;1154015.125;0.603;1157211.875
Motospl10200.jpg;30;1278324;461662305;241;462940870;3195.810;1154155.750;0.603;1157352.125
Motospl10202.jpg;30;1277022;461612729;253;462890004;3192.555;1154031.875;0.632;1157225.000
Motospl10204.jpg;30;1279888;461590275;253;462870416;3199.720;1153975.625;0.632;1157176.000
Motospl10206.jpg;30;1278116;461628775;253;462907144;3195.290;1154071.875;0.632;1157267.875
Motospl10208.jpg;30;1280663;461520244;239;462801146;3201.657;1153800.625;0.598;1157002.875
Motospl10210.jpg;30;1279708;461623377;253;462903338;3199.270;1154058.500;0.632;1157258.250
Motospl10222.jpg;30;1268080;461561895;241;462830216;3170.200;1153904.750;0.603;1157075.500
Motospl10224.jpg;30;1267730;461609793;253;462877776;3169.325;1154024.500;0.632;1157194.375
Motospl10233.jpg;30;1278816;461568029;239;462847084;3197.040;1153920.000;0.598;1157117.750
Motospl10235.jpg;30;1278218;461582206;238;462860662;3195.545;1153955.500;0.595;1157151.625
Motospl10239.jpg;30;1279087;461498970;251;462778308;3197.717;1153747.375;0.627;1156945.750
Motospl10240.jpg;30;1281354;461498755;239;462780348;3203.385;1153746.875;0.598;1156950.875
Motospl10266.jpg;31;1280186;461554896;248;462835330;3200.465;1153887.125;0.620;1157088.375
Motospl10272.jpg;30;1282150;461481469;251;462763870;3205.375;1153703.750;0.627;1156909.625
Motospl10273.jpg;30;1273198;461682009;253;462955460;3182.995;1154205.000;0.632;1157388.625
Motospl10297.jpg;30;1278714;461559504;248;462838466;3196.785;1153898.750;0.620;1157096.125
Motospl10313.jpg;31;1280408;461544327;253;462824988;3201.020;1153860.875;0.632;1157062.500
Motospl10337.jpg;30;1272740;461617665;241;462890646;3181.850;1154044.125;0.603;1157226.625
Motospl10367.jpg;30;1271901;461668288;253;462940442;3179.753;1154170.750;0.632;1157351.125
Motospl10371.jpg;30;1278778;461492991;253;462772022;3196.945;1153732.500;0.632;1156930.000
Motospl10372.jpg;30;1275764;461549555;251;462825570;3189.410;1153873.875;0.627;1157064.000
Motospl10375.jpg;30;1280254;461576990;246;462857490;3200.635;1153942.500;0.615;1157143.750
Motospl10377.jpg;30;1279922;461487419;251;462767592;3199.805;1153718.500;0.627;1156919.000
Motospl10387.jpg;31;1281153;461550502;251;462831906;3202.883;1153876.250;0.627;1157079.750
Motospl10396.jpg;31;1276084;461589951;239;462866274;3190.210;1153974.875;0.598;1157165.750
Motospl10406.jpg;31;1279026;461546491;241;462825758;3197.565;1153866.250;0.603;1157064.500
Motospl10409.jpg;30;1280502;461625253;251;462906006;3201.255;1154063.125;0.627;1157265.000
Motospl10416.jpg;30;1280534;461571395;251;462852180;3201.335;1153928.500;0.627;1157130.500
Motospl10418.jpg;31;1273549;461516704;319;462790572;3183.873;1153791.750;0.798;1156976.375
Motospl10421.jpg;31;1279793;461553796;251;462833840;3199.483;1153884.500;0.627;1157084.625
Motospl10422.jpg;30;1280343;461482890;251;462763484;3200.857;1153707.250;0.627;1156908.750
Motospl10427.jpg;30;1277298;461510245;253;462787796;3193.245;1153775.625;0.632;1156969.500
Motospl10428.jpg;31;1282248;461498281;251;462780780;3205.620;1153745.625;0.627;1156952.000
Motospl10438.jpg;30;1277006;461605959;251;462883216;3192.515;1154014.875;0.627;1157208.000
Motospl10441.jpg;30;1269610;461559411;253;462829274;3174.025;1153898.625;0.632;1157073.125
Motospl10444.jpg;31;1265178;461522647;253;462788078;3162.945;1153806.625;0.632;1156970.125
Motospl10451.jpg;30;1279682;461520617;583;462800882;3199.205;1153801.500;1.457;1157002.250
Motospl10461.jpg;31;1278319;461418204;239;462696762;3195.798;1153545.500;0.598;1156741.875
Motospl10469.jpg;30;1276026;461584455;237;462860718;3190.065;1153961.125;0.592;1157151.750
Motospl10476.jpg;30;1282592;461566107;241;462848940;3206.480;1153915.250;0.603;1157122.375
Motospl10484.jpg;30;1283094;461604321;251;462887666;3207.735;1154010.875;0.627;1157219.250
Motospl10492.jpg;30;1276619;461560780;251;462837650;3191.548;1153901.875;0.627;1157094.125
Motospl10501.jpg;30;1282472;461545395;241;462828108;3206.180;1153863.500;0.603;1157070.250
Motospl10516.jpg;30;1281856;461541003;239;462823098;3204.640;1153852.500;0.598;1157057.750
Motospl10519.jpg;30;1281158;461507659;253;462789070;3202.895;1153769.125;0.632;1156972.625
Motospl10520.jpg;30;1279140;461615897;251;462895288;3197.850;1154039.750;0.627;1157238.250
Motospl10538.jpg;30;1274063;461550116;239;462824418;3185.157;1153875.250;0.598;1157061.000
Motospl10542.jpg;30;1282794;461577903;241;462860938;3206.985;1153944.750;0.603;1157152.375
Motospl10544.jpg;30;1279984;461583679;253;462863916;3199.960;1153959.250;0.632;1157159.750
Motospl10552.jpg;30;1278390;461564374;244;462843008;3195.975;1153911.000;0.610;1157107.500
Motospl10556.jpg;30;1280614;461383112;244;462663970;3201.535;1153457.750;0.610;1156660.000
Motospl10563.jpg;30;1280352;461542391;253;462822996;3200.880;1153856.000;0.632;1157057.500
Motospl10565.jpg;30;1277220;461473455;253;462750928;3193.050;1153683.625;0.632;1156877.250
Motospl10570.jpg;31;1272568;461559295;239;462832102;3181.420;1153898.250;0.598;1157080.250
Motospl10576.jpg;30;1279879;461673430;241;462953550;3199.698;1154183.625;0.603;1157383.875
Motospl10577.jpg;30;1278522;461571883;241;462850646;3196.305;1153929.750;0.603;1157126.625
Motospl10582.jpg;30;1281380;461715167;251;462996798;3203.450;1154287.875;0.627;1157492.000
Motospl10589.jpg;30;1279952;461467615;251;462747818;3199.880;1153669.125;0.627;1156869.500
Motospl10602.jpg;31;1271142;461580378;238;462851758;3177.855;1153950.875;0.595;1157129.375
Motospl10605.jpg;30;1281438;461524953;253;462806644;3203.595;1153812.375;0.632;1157016.625
Motospl10623.jpg;30;1273425;461580144;253;462853822;3183.563;1153950.375;0.632;1157134.625
Motospl10626.jpg;30;1278622;461464603;239;462743464;3196.555;1153661.500;0.598;1156858.625
Motospl10628.jpg;30;1280156;461571207;239;462851602;3200.390;1153928.000;0.598;1157129.000
Motospl10630.jpg;29;1280006;461524437;239;462804682;3200.015;1153811.125;0.598;1157011.625
Motospl10635.jpg;31;1280596;461574517;263;462855376;3201.490;1153936.375;0.658;1157138.375
Motospl10645.jpg;30;1281094;461500331;241;462781666;3202.735;1153750.750;0.603;1156954.125
Motospl10671.jpg;30;1275407;461595104;251;462870762;3188.517;1153987.750;0.627;1157176.875
Motospl10674.jpg;30;1281664;461541122;246;462823032;3204.160;1153852.750;0.615;1157057.625
Motospl10679.jpg;31;1276432;461448811;251;462725494;3191.080;1153622.000;0.627;1156813.750
Motospl10690.jpg;30;1280490;461599647;253;462880390;3201.225;1153999.125;0.632;1157200.875
Motospl10692.jpg;30;1278337;461427330;253;462705920;3195.842;1153568.375;0.632;1156764.750
Motospl10698.jpg;30;1276255;461433802;253;462710310;3190.637;1153584.500;0.632;1156775.750
Motospl10707.jpg;30;1280980;461508910;248;462790138;3202.450;1153772.250;0.620;1156975.375
Motospl10713.jpg;30;1279758;461506697;251;462786706;3199.395;1153766.750;0.627;1156966.750
Motospl10715.jpg;30;1281448;461632459;253;462914160;3203.620;1154081.125;0.632;1157285.500
Motospl10719.jpg;30;1278371;461536338;251;462814960;3195.927;1153840.875;0.627;1157037.375
Motospl10721.jpg;30;1280024;461501214;246;462781484;3200.060;1153753.000;0.615;1156953.750
Motospl10729.jpg;30;1290667;461465945;250;462756862;3226.667;1153664.875;0.625;1156892.125
Motospl10733.jpg;30;1279850;461518689;237;462798776;3199.625;1153796.750;0.592;1156997.000
Motospl10735.jpg;30;1274770;461543005;251;462818026;3186.925;1153857.500;0.627;1157045.125
Motospl10739.jpg;31;1280828;461631219;241;462912288;3202.070;1154078.125;0.603;1157280.750
Motospl10748.jpg;30;1279970;461518309;241;462798520;3199.925;1153795.750;0.603;1156996.375
Motospl10751.jpg;30;1279748;461582027;251;462862026;3199.370;1153955.000;0.627;1157155.000
Motospl10762.jpg;30;1279859;461476844;251;462756954;3199.647;1153692.000;0.627;1156892.375
Motospl10766.jpg;30;1282880;461490517;251;462773648;3207.200;1153726.250;0.627;1156934.125
Motospl10774.jpg;30;1278790;461593527;253;462872570;3196.975;1153983.750;0.632;1157181.500
Motospl10795.jpg;30;1278044;461604019;253;462882316;3195.110;1154010.125;0.632;1157205.750
Motospl10797.jpg;31;1279838;461574855;241;462854934;3199.595;1153937.125;0.603;1157137.375
Motospl10803.jpg;30;1271960;461526092;246;462798298;3179.900;1153815.250;0.615;1156995.750
Motospl10806.jpg;30;1278080;461576407;253;462854740;3195.200;1153941.000;0.632;1157136.875
Motospl10815.jpg;30;1278536;461581497;253;462860286;3196.340;1153953.750;0.632;1157150.750
Motospl10823.jpg;30;1280946;461511763;253;462792962;3202.365;1153779.500;0.632;1156982.375
Motospl10841.jpg;30;1277310;461502907;253;462780470;3193.275;1153757.375;0.632;1156951.250
Motospl10843.jpg;30;1279092;461577141;251;462856484;3197.730;1153942.875;0.627;1157141.250
Motospl10844.jpg;30;1284082;461674281;251;462958614;3210.205;1154185.625;0.627;1157396.500
Motospl10846.jpg;30;1278780;461528246;246;462807272;3196.950;1153820.625;0.615;1157018.125
Motospl10848.jpg;30;1282352;461491855;251;462774458;3205.880;1153729.625;0.627;1156936.125
Motospl10850.jpg;30;1269582;461630597;251;462900430;3173.955;1154076.500;0.627;1157251.000
Motospl10854.jpg;30;1277658;461474913;251;462752822;3194.145;1153687.250;0.627;1156882.125
Motospl10870.jpg;30;1278650;461600587;239;462879476;3196.625;1154001.375;0.598;1157198.750
Motospl10875.jpg;30;1279395;461380970;251;462660616;3198.488;1153452.375;0.627;1156651.500
Motospl10879.jpg;30;1276551;461527754;253;462804558;3191.377;1153819.375;0.632;1157011.375
Motospl10886.jpg;30;1278340;461609238;246;462887824;3195.850;1154023.125;0.615;1157219.500
Motospl10894.jpg;30;1281107;461621492;251;462902850;3202.768;1154053.750;0.627;1157257.125
Motospl10906.jpg;30;1273684;461579339;241;462853264;3184.210;1153948.375;0.603;1157133.125
Motospl10922.jpg;30;1275236;461528909;241;462804386;3188.090;1153822.250;0.603;1157010.875
Motospl10935.jpg;30;1278434;461488251;253;462766938;3196.085;1153720.625;0.632;1156917.375
Motospl10939.jpg;31;1273748;461543185;251;462817184;3184.370;1153858.000;0.627;1157043.000
Motospl10944.jpg;31;1279802;461463789;251;462743842;3199.505;1153659.375;0.627;1156859.625
Motospl10946.jpg;30;1278538;461603835;253;462882626;3196.345;1154009.500;0.632;1157206.500
Motospl10948.jpg;30;1279444;461617057;253;462896754;3198.610;1154042.625;0.632;1157242.000
Motospl10952.jpg;30;1279210;461523237;253;462802700;3198.025;1153808.125;0.632;1157006.750
Motospl10956.jpg;30;1280402;461600375;253;462881030;3201.005;1154000.875;0.632;1157202.625
Motospl10964.jpg;30;1279402;461541969;251;462821622;3198.505;1153855.000;0.627;1157054.000
Motospl10966.jpg;30;1280750;461609057;239;462890046;3201.875;1154022.625;0.598;1157225.125
Motospl10977.jpg;30;1282552;461497331;241;462780124;3206.380;1153743.375;0.603;1156950.375
Motospl10993.jpg;31;1276657;461541538;251;462818446;3191.643;1153853.875;0.627;1157046.125
Motospl11006.jpg;30;1274406;461512275;239;462786920;3186.015;1153780.750;0.598;1156967.250
Motospl11017.jpg;30;1279177;461492168;247;462771592;3197.942;1153730.375;0.618;1156929.000
Motospl11023.jpg;31;1280586;461580361;253;462861200;3201.465;1153950.875;0.632;1157153.000
Motospl11054.jpg;30;1283036;461600889;253;462884178;3207.590;1154002.250;0.632;1157210.500
Motospl11056.jpg;30;1275600;461673355;241;462949196;3189.000;1154183.375;0.603;1157373.000
Motospl11067.jpg;30;1273050;461637557;251;462910858;3182.625;1154094.000;0.627;1157277.125
Motospl11068.jpg;30;1269188;461705137;251;462974576;3172.970;1154262.875;0.627;1157436.500
Motospl11070.jpg;30;1267131;461553116;253;462820500;3167.827;1153882.750;0.632;1157051.250
Motospl11082.jpg;30;1276756;461580435;253;462857444;3191.890;1153951.125;0.632;1157143.625
Motospl11083.jpg;30;1279788;461618663;253;462898704;3199.470;1154046.625;0.632;1157246.750
Motospl11095.jpg;30;1275039;461609436;251;462884726;3187.598;1154023.625;0.627;1157211.875
Motospl11098.jpg;30;1272480;461672661;253;462945394;3181.200;1154181.750;0.632;1157363.500
Motospl11103.jpg;30;1279370;461591789;251;462871410;3198.425;1153979.500;0.627;1157178.500
Motospl11105.jpg;31;1270597;461645186;251;462916034;3176.493;1154113.000;0.627;1157290.125
Motospl11114.jpg;30;1281998;461529989;239;462812226;3204.995;1153824.875;0.598;1157030.500
Motospl11119.jpg;30;1282180;461485643;253;462768076;3205.450;1153714.125;0.632;1156920.125
Motospl11136.jpg;31;1280738;461586926;248;462867912;3201.845;1153967.250;0.620;1157169.750
Motospl11138.jpg;30;1271140;461539352;250;462810742;3177.850;1153848.375;0.625;1157026.875
Motospl11140.jpg;30;1282677;461462350;241;462745268;3206.693;1153655.875;0.603;1156863.250
Motospl11141.jpg;30;1273692;461509287;251;462783230;3184.230;1153773.125;0.627;1156958.125
Motospl11143.jpg;30;1279742;461522278;234;462802254;3199.355;1153805.750;0.585;1157005.625
Motospl11151.jpg;30;1279600;461530693;251;462810544;3199.000;1153826.750;0.627;1157026.500
Motospl11158.jpg;30;1282342;461632527;321;462915190;3205.855;1154081.250;0.803;1157288.000
Motospl11160.jpg;30;1279832;461560599;239;462840670;3199.580;1153901.500;0.598;1157101.625
Motospl11165.jpg;31;1281114;461646127;253;462927494;3202.785;1154115.250;0.632;1157318.750
Motospl11166.jpg;30;1275890;461609326;246;462885462;3189.725;1154023.375;0.615;1157213.625
Motospl11171.jpg;30;1282486;461592293;253;462875032;3206.215;1153980.750;0.632;1157187.625
Motospl11173.jpg;31;1282086;461580541;251;462862878;3205.215;1153951.375;0.627;1157157.250
Motospl11188.jpg;30;1281458;461552325;251;462834034;3203.645;1153880.750;0.627;1157085.125
Motospl11197.jpg;31;1281664;461585607;251;462867522;3204.160;1153964.000;0.627;1157168.750
Motospl11207.jpg;30;1279297;461558990;253;462838540;3198.243;1153897.375;0.632;1157096.375
Motospl11211.jpg;30;1279482;461559645;241;462839368;3198.705;1153899.125;0.603;1157098.375
Motospl11232.jpg;30;1278566;461479917;253;462758736;3196.415;1153699.750;0.632;1156896.875
Motospl11233.jpg;30;1282694;461579977;253;462862924;3206.735;1153949.875;0.632;1157157.250
Motospl11245.jpg;30;1278528;461472597;253;462751378;3196.320;1153681.500;0.632;1156878.500
Motospl11246.jpg;30;1278155;461535090;239;462813484;3195.388;1153837.750;0.598;1157033.625
Motospl11251.jpg;30;1281430;461552591;241;462834262;3203.575;1153881.500;0.603;1157085.625
Motospl11252.jpg;30;1278628;461593759;241;462872628;3196.570;1153984.375;0.603;1157181.625
Motospl11254.jpg;30;1275908;461501626;234;462777768;3189.770;1153754.000;0.585;1156944.375
Motospl11263.jpg;30;1267884;461517785;253;462785922;3169.710;1153794.500;0.632;1156964.750
Motospl11264.jpg;30;1279063;461584725;250;462864038;3197.657;1153961.875;0.625;1157160.125
Motospl11265.jpg;30;1280868;461552556;1288;462834712;3202.170;1153881.375;3.220;1157086.875
Motospl11271.jpg;30;1279236;461587269;251;462866756;3198.090;1153968.125;0.627;1157166.875
Motospl11272.jpg;30;1278464;461520759;251;462799474;3196.160;1153802.000;0.627;1156998.750
Motospl11275.jpg;30;1277708;461493477;239;462771424;3194.270;1153733.625;0.598;1156928.500
Motospl11279.jpg;30;1278508;461610411;251;462889170;3196.270;1154026.000;0.627;1157223.000
Motospl11283.jpg;30;1264772;461642811;253;462907836;3161.930;1154107.000;0.632;1157269.625
Motospl11294.jpg;30;1268872;461510689;253;462779814;3172.180;1153776.750;0.632;1156949.500
Motospl11296.jpg;30;1280666;461534787;253;462815706;3201.665;1153836.875;0.632;1157039.250
Motospl11300.jpg;30;1282092;461564933;251;462847276;3205.230;1153912.375;0.627;1157118.125
Motospl11317.jpg;30;1274252;461373589;251;462648092;3185.630;1153434.000;0.627;1156620.250
Motospl11318.jpg;30;1275300;461516067;241;462791608;3188.250;1153790.250;0.603;1156979.000
Motospl11322.jpg;30;1279730;461538799;239;462818768;3199.325;1153847.000;0.598;1157046.875
Motospl11324.jpg;30;1278220;461584801;251;462863272;3195.550;1153962.000;0.627;1157158.125
Motospl11327.jpg;30;1280207;461600970;239;462881416;3200.517;1154002.375;0.598;1157203.500
Motospl11339.jpg;30;1270328;461590784;234;462861346;3175.820;1153976.875;0.585;1157153.375
Motospl11354.jpg;30;1280016;461641549;235;462921800;3200.040;1154103.875;0.587;1157304.500
Motospl11359.jpg;30;1280198;461534767;253;462815218;3200.495;1153836.875;0.632;1157038.125
Motospl11364.jpg;30;1280234;461497297;251;462777782;3200.585;1153743.250;0.627;1156944.500
Motospl11376.jpg;30;1280007;461481944;251;462762202;3200.017;1153704.875;0.627;1156905.500
Motospl11391.jpg;30;1280610;461503525;251;462784386;3201.525;1153758.875;0.627;1156960.875
Motospl11399.jpg;30;1278686;461609029;251;462887966;3196.715;1154022.625;0.627;1157219.875
Motospl11402.jpg;31;1278762;461413289;251;462692302;3196.905;1153533.125;0.627;1156730.750
Motospl11407.jpg;31;1269681;461659302;239;462929222;3174.202;1154148.250;0.598;1157323.000
Motospl11419.jpg;30;1278974;461575322;246;462854542;3197.435;1153938.375;0.615;1157136.375
Motospl11422.jpg;30;1277808;461508665;253;462786726;3194.520;1153771.625;0.632;1156966.750
Motospl11428.jpg;30;1282032;461624221;253;462906506;3205.080;1154060.625;0.632;1157266.250
Motospl11449.jpg;30;1274330;461627107;251;462901688;3185.825;1154067.750;0.627;1157254.250
Motospl11451.jpg;30;1279977;461538794;253;462819024;3199.943;1153847.000;0.632;1157047.500
Motospl11454.jpg;30;1280473;461504768;239;462785480;3201.183;1153761.875;0.598;1156963.750
Motospl11456.jpg;30;1280196;461506439;239;462786874;3200.490;1153766.000;0.598;1156967.250
Motospl11476.jpg;30;1281826;461679979;251;462962056;3204.565;1154199.875;0.627;1157405.125
Motospl11480.jpg;30;1272833;461587810;239;462860882;3182.083;1153969.500;0.598;1157152.250
Motospl11503.jpg;30;1280810;461634889;251;462915950;3202.025;1154087.250;0.627;1157289.875
Motospl11513.jpg;30;1279750;461602011;253;462882014;3199.375;1154005.000;0.632;1157205.000
Motospl11515.jpg;30;1277941;461581854;241;462860036;3194.853;1153954.625;0.603;1157150.125
Motospl11519.jpg;30;1283580;461560729;251;462844560;3208.950;1153901.875;0.627;1157111.375
Motospl11522.jpg;30;1279656;461624719;303;462904678;3199.140;1154061.750;0.757;1157261.625
Motospl11526.jpg;31;1269010;461609255;241;462878506;3172.525;1154023.125;0.603;1157196.250
Motospl11527.jpg;31;1279536;461562791;253;462842580;3198.840;1153907.000;0.632;1157106.500
Motospl11552.jpg;30;1271310;461540107;251;462811668;3178.275;1153850.250;0.627;1157029.250
Motospl11559.jpg;30;1280806;461515599;253;462796658;3202.015;1153789.000;0.632;1156991.750
Motospl11573.jpg;30;1290494;461563684;236;462854414;3226.235;1153909.250;0.590;1157136.000
Motospl11577.jpg;30;1278405;461486742;251;462765398;3196.012;1153716.875;0.627;1156913.500
Motospl11580.jpg;30;1280798;461639817;251;462920866;3201.995;1154099.500;0.627;1157302.125
Motospl11582.jpg;30;1282206;461584203;253;462866662;3205.515;1153960.500;0.632;1157166.625
Motospl11585.jpg;30;1280001;461521366;253;462801620;3200.003;1153803.500;0.632;1157004.000
Motospl11586.jpg;31;1278522;461464121;251;462742894;3196.305;1153660.375;0.627;1156857.125
Motospl11590.jpg;30;1278846;461615279;239;462894364;3197.115;1154038.125;0.598;1157235.875
Motospl11597.jpg;31;1277876;461598267;241;462876384;3194.690;1153995.750;0.603;1157191.000
Motospl11612.jpg;30;1280883;461434056;253;462715192;3202.208;1153585.125;0.632;1156788.000
Motospl11618.jpg;30;1281658;461591075;251;462872984;3204.145;1153977.625;0.627;1157182.500
Motospl11623.jpg;30;1281864;461493249;253;462775366;3204.660;1153733.125;0.632;1156938.375
Motospl11625.jpg;29;1275426;461610901;251;462886578;3188.565;1154027.250;0.627;1157216.500
Motospl11626.jpg;30;1277876;461622727;253;462900856;3194.690;1154056.750;0.632;1157252.125
Motospl11635.jpg;30;1279476;461455963;253;462735692;3198.690;1153640.000;0.632;1156839.250
Motospl11639.jpg;30;1278592;461492093;253;462770938;3196.480;1153730.250;0.632;1156927.375
Motospl11646.jpg;30;1279692;461522887;237;462802816;3199.230;1153807.250;0.592;1157007.125
Motospl11678.jpg;30;1281104;461492849;235;462774188;3202.760;1153732.125;0.587;1156935.375
Motospl11682.jpg;30;1279623;461621226;243;462901092;3199.058;1154053.000;0.608;1157252.625
Motospl11683.jpg;30;1277197;461535006;251;462812454;3192.993;1153837.500;0.627;1157031.125
Motospl11698.jpg;30;1282328;461612339;253;462894920;3205.820;1154030.875;0.632;1157237.250
Motospl11700.jpg;30;1280979;461586824;251;462868054;3202.448;1153967.000;0.627;1157170.125
Motospl11704.jpg;31;1279996;461526023;241;462806260;3199.990;1153815.000;0.603;1157015.750
Motospl11710.jpg;30;1277396;461599607;251;462877254;3193.490;1153999.125;0.627;1157193.125
Motospl11712.jpg;30;1280032;461525951;241;462806224;3200.080;1153814.875;0.603;1157015.500
Motospl11715.jpg;30;1279598;461510893;237;462790728;3198.995;1153777.250;0.592;1156976.750
Motospl11717.jpg;30;1271466;461519759;241;462791466;3178.665;1153799.375;0.603;1156978.625
Motospl11728.jpg;30;1279324;461464206;232;462743762;3198.310;1153660.500;0.580;1156859.375
Motospl11737.jpg;31;1274440;461686209;253;462960902;3186.100;1154215.500;0.632;1157402.250
Motospl11738.jpg;30;1276896;461561398;246;462838540;3192.240;1153903.500;0.615;1157096.375
Motospl11739.jpg;30;1267481;461522104;241;462789826;3168.703;1153805.250;0.603;1156974.625
Motospl11744.jpg;30;1268202;461584369;251;462852822;3170.505;1153961.000;0.627;1157132.000
Motospl11753.jpg;30;1282506;461568633;251;462851390;3206.265;1153921.625;0.627;1157128.500
Motospl11760.jpg;30;1277194;461641913;253;462919360;3192.985;1154104.750;0.632;1157298.375
Motospl11770.jpg;30;1281052;461483305;251;462764608;3202.630;1153708.250;0.627;1156911.500
Motospl11777.jpg;30;1280104;461511209;241;462791554;3200.260;1153778.000;0.603;1156978.875
Motospl11778.jpg;30;1283174;461608306;246;462891726;3207.935;1154020.750;0.615;1157229.250
Motospl11785.jpg;31;1279876;461452055;253;462732184;3199.690;1153630.125;0.632;1156830.500
Motospl11786.jpg;30;1279732;461522253;253;462802238;3199.330;1153805.625;0.632;1157005.625
Motospl11790.jpg;30;1281532;461527174;250;462808956;3203.830;1153817.875;0.625;1157022.375
Motospl11798.jpg;30;1279889;461645352;253;462925494;3199.722;1154113.375;0.632;1157313.750
Motospl11807.jpg;30;1278394;461455997;253;462734644;3195.985;1153640.000;0.632;1156836.625
Motospl11820.jpg;30;1279732;461530669;235;462810636;3199.330;1153826.625;0.587;1157026.500
Motospl11821.jpg;30;1278756;461530425;253;462809434;3196.890;1153826.125;0.632;1157023.625
Motospl11839.jpg;30;1281992;461387429;251;462669672;3204.980;1153468.625;0.627;1156674.125
Motospl11855.jpg;30;1281256;461493967;253;462775476;3203.140;1153734.875;0.632;1156938.750
Motospl11875.jpg;30;1267594;461594623;253;462862470;3168.985;1153986.625;0.632;1157156.125
Motospl11881.jpg;31;1278178;461535627;253;462814058;3195.445;1153839.000;0.632;1157035.125
Motospl11886.jpg;30;1282696;461514403;241;462797340;3206.740;1153786.000;0.603;1156993.375
Motospl11895.jpg;30;1278088;461508809;251;462787148;3195.220;1153772.000;0.627;1156967.750
Motospl11920.jpg;30;1279312;461575289;239;462854840;3198.280;1153938.250;0.598;1157137.125
Motospl11936.jpg;30;1279904;461562669;251;462842824;3199.760;1153906.625;0.627;1157107.000
Motospl11938.jpg;30;1281756;461472745;341;462754842;3204.390;1153681.875;0.853;1156887.125
Motospl11939.jpg;30;1280369;461518940;251;462799560;3200.922;1153797.375;0.627;1156998.875
Motospl11943.jpg;30;1273056;461645071;253;462918380;3182.640;1154112.625;0.632;1157295.875
Motospl11949.jpg;30;1282166;461523915;241;462806322;3205.415;1153809.750;0.603;1157015.875
Motospl11969.jpg;30;1274956;461523187;253;462798396;3187.390;1153808.000;0.632;1156996.000
Motospl11971.jpg;30;1281050;461581217;251;462862518;3202.625;1153953.000;0.627;1157156.250
Motospl11981.jpg;30;1277642;461594971;253;462872866;3194.105;1153987.375;0.632;1157182.125
Motospl11998.jpg;30;1279889;461588284;239;462868412;3199.722;1153970.750;0.598;1157171.000
Motospl11999.jpg;30;1274832;461491275;253;462766360;3187.080;1153728.125;0.632;1156915.875
Motospl12005.jpg;31;1280455;461504607;234;462785296;3201.137;1153761.500;0.585;1156963.250
Motospl12008.jpg;30;1279537;461547878;251;462827666;3198.843;1153869.625;0.627;1157069.250
Motospl12012.jpg;31;1279994;461510123;253;462790370;3199.985;1153775.250;0.632;1156976.000
Motospl12014.jpg;30;1278266;461501979;251;462780496;3195.665;1153755.000;0.627;1156951.250
Motospl12017.jpg;30;1279066;461510279;241;462789586;3197.665;1153775.625;0.603;1156974.000
Motospl12019.jpg;30;1277396;461516637;251;462794284;3193.490;1153791.625;0.627;1156985.625
Motospl12027.jpg;30;1279494;461573193;253;462852940;3198.735;1153933.000;0.632;1157132.250
Motospl12030.jpg;31;1281657;461556460;251;462838368;3204.143;1153891.125;0.627;1157095.875
Motospl12040.jpg;30;1280964;461511479;241;462792684;3202.410;1153778.750;0.603;1156981.625
Motospl12045.jpg;31;1279022;461516335;253;462795610;3197.555;1153790.750;0.632;1156989.000
Motospl12056.jpg;30;1281546;461547387;253;462829186;3203.865;1153868.500;0.632;1157073.000
Motospl12060.jpg;31;1264512;461477753;253;462742518;3161.280;1153694.375;0.632;1156856.375
Motospl12069.jpg;30;1282868;461496719;253;462779840;3207.170;1153741.750;0.632;1156949.625
Motospl12074.jpg;30;1274754;461605721;251;462880726;3186.885;1154014.375;0.627;1157201.875
Motospl12077.jpg;30;1279542;461572639;239;462852420;3198.855;1153931.625;0.598;1157131.000
Motospl12079.jpg;30;1279791;461510078;253;462790122;3199.477;1153775.125;0.632;1156975.250
Motospl12086.jpg;30;1280530;461539937;241;462820708;3201.325;1153849.875;0.603;1157051.750
Motospl12096.jpg;31;1279776;461648099;253;462928128;3199.440;1154120.250;0.632;1157320.250
Motospl12108.jpg;30;1283280;461517729;253;462801262;3208.200;1153794.250;0.632;1157003.125
Motospl12113.jpg;30;1279142;461618369;251;462897762;3197.855;1154045.875;0.627;1157244.375
Motospl12114.jpg;30;1280745;461651618;253;462932616;3201.863;1154129.000;0.632;1157331.500
Motospl12125.jpg;30;1278520;461571443;241;462850204;3196.300;1153928.625;0.603;1157125.500
Motospl12137.jpg;30;1272343;461572824;251;462845418;3180.858;1153932.000;0.627;1157113.500
Motospl12142.jpg;30;1280902;461611151;253;462892306;3202.255;1154027.875;0.632;1157230.750
Motospl12144.jpg;30;1270084;461566033;251;462836368;3175.210;1153915.125;0.627;1157090.875
Motospl12151.jpg;30;1280258;461474038;246;462754542;3200.645;1153685.125;0.615;1156886.375
Motospl12153.jpg;31;1280186;461659125;251;462939562;3200.465;1154147.750;0.627;1157348.875
Motospl12172.jpg;31;1280801;461552296;319;462833416;3202.002;1153880.750;0.798;1157083.500
Motospl12179.jpg;30;1282092;461525338;246;462807676;3205.230;1153813.375;0.615;1157019.250
Motospl12187.jpg;30;1279590;461489056;246;462768892;3198.975;1153722.625;0.615;1156922.250
Motospl12193.jpg;30;1275790;461533667;241;462809698;3189.475;1153834.125;0.603;1157024.250
Motospl12196.jpg;30;1282738;461556613;253;462839604;3206.845;1153891.500;0.632;1157099.000
Motospl12210.jpg;30;1273323;461592312;239;462865874;3183.308;1153980.750;0.598;1157164.625
Motospl12211.jpg;30;1280804;461491375;253;462772432;3202.010;1153728.375;0.632;1156931.000
Motospl12221.jpg;30;1280314;461576931;241;462857486;3200.785;1153942.250;0.603;1157143.750
Motospl12225.jpg;30;1278752;461618823;253;462897828;3196.880;1154047.000;0.632;1157244.500
Motospl12226.jpg;30;1279026;461595099;251;462874376;3197.565;1153987.750;0.627;1157185.875
Motospl12250.jpg;30;1278112;461494993;239;462773344;3195.280;1153737.500;0.598;1156933.375
Motospl12255.jpg;30;1282584;461610789;251;462893624;3206.460;1154026.875;0.627;1157234.000
Motospl12266.jpg;30;1278812;461522433;251;462801496;3197.030;1153806.000;0.627;1157003.750
Motospl12269.jpg;30;1278280;461576801;251;462855332;3195.700;1153942.000;0.627;1157138.375
Motospl12270.jpg;30;1276551;461563069;246;462839866;3191.377;1153907.625;0.615;1157099.625
Motospl12274.jpg;30;1280193;461648332;251;462928776;3200.482;1154120.750;0.627;1157321.875
Motospl12323.jpg;30;1279096;461587785;251;462867132;3197.740;1153969.500;0.627;1157167.875
Motospl12327.jpg;30;1278578;461512021;253;462790852;3196.445;1153780.000;0.632;1156977.125
Motospl12341.jpg;30;1282220;461532759;253;462815232;3205.550;1153831.875;0.632;1157038.125
Motospl12371.jpg;31;1280784;461577183;251;462858218;3201.960;1153943.000;0.627;1157145.500
Motospl12375.jpg;30;1274834;461649475;239;462924548;3187.085;1154123.625;0.598;1157311.375
Motospl12385.jpg;30;1281164;461639661;255;462921080;3202.910;1154099.125;0.637;1157302.750
Motospl12390.jpg;30;1275811;461575398;239;462851448;3189.527;1153938.500;0.598;1157128.625
Motospl12408.jpg;30;1281246;461572893;253;462854392;3203.115;1153932.250;0.632;1157136.000
Motospl12417.jpg;30;1280454;461537611;253;462818318;3201.135;1153844.000;0.632;1157045.750
Motospl12420.jpg;31;1279940;461513393;251;462793584;3199.850;1153783.500;0.627;1156984.000
Motospl12431.jpg;30;1281336;461569381;251;462850968;3203.340;1153923.375;0.627;1157127.500
Motospl12439.jpg;30;1270189;461620372;239;462890800;3175.472;1154051.000;0.598;1157227.000
Placa102.png;30;1281552;461438093;321;462719966;3203.880;1153595.125;0.803;1156800.000
Placa119.png;30;1278474;461540207;241;462818922;3196.185;1153850.500;0.603;1157047.250
Placa128.png;30;1279701;461482474;251;462762426;3199.252;1153706.125;0.627;1156906.125
Placa130.png;30;1279132;461625237;251;462904620;3197.830;1154063.125;0.627;1157261.500
Placa132.png;31;1279706;461514623;241;462794570;3199.265;1153786.625;0.603;1156986.375
Placa136.png;31;1280054;461628229;251;462908534;3200.135;1154070.500;0.627;1157271.375
Placa14.png;30;1280934;461626713;239;462907886;3202.335;1154066.750;0.598;1157269.750
Placa144.png;30;1279022;461563433;239;462842694;3197.555;1153908.625;0.598;1157106.750
Placa149.png;30;1281006;461618460;248;462899714;3202.515;1154046.125;0.620;1157249.250
Placa151.png;30;1275552;461592449;251;462868252;3188.880;1153981.125;0.627;1157170.625
Placa156.png;30;1280456;461582459;253;462863168;3201.140;1153956.125;0.632;1157157.875
Placa171.png;30;1292452;461586558;250;462879260;3231.130;1153966.375;0.625;1157198.125
Placa172.png;30;1282337;461577226;239;462859802;3205.843;1153943.000;0.598;1157149.500
Placa180.png;30;1280722;461479167;241;462760130;3201.805;1153697.875;0.603;1156900.375
Placa195.png;30;1279441;461523906;1325;462804672;3198.603;1153809.750;3.312;1157011.625
Placa20.png;30;1281258;461592235;251;462873744;3203.145;1153980.500;0.627;1157184.375
Placa26.png;31;1280436;461520289;241;462800966;3201.090;1153800.625;0.603;1157002.375
Placa29.png;30;1280452;461550525;253;462831230;3201.130;1153876.375;0.632;1157078.125
Placa39.png;30;1278622;461680561;251;462959434;3196.555;1154201.375;0.627;1157398.500
Placa40.png;30;1280232;461501301;253;462781786;3200.580;1153753.250;0.632;1156954.500
Placa41.png;30;1277731;461451616;253;462729600;3194.328;1153629.000;0.632;1156824.000
Placa63.png;30;1280510;461583761;251;462864522;3201.275;1153959.500;0.627;1157161.250
Placa76.png;30;1282596;461475421;251;462758268;3206.490;1153688.500;0.627;1156895.625
Placa78.png;31;1280418;461609141;251;462889810;3201.045;1154022.875;0.627;1157224.625
Placa89.png;30;1281058;461613271;239;462894568;3202.645;1154033.250;0.598;1157236.375
Placa92.png;30;1282807;461462534;253;462745594;3207.018;1153656.375;0.632;1156864.000
Placa96.png;30;1280890;461505510;238;462786638;3202.225;1153763.750;0.595;1156966.500
Placa98.png;30;1280620;461568353;253;462849226;3201.550;1153920.875;0.632;1157123.125
Placas11028.jpg;31;1278994;461604097;251;462883342;3197.485;1154010.250;0.627;1157208.250
Placas11098.jpg;30;1281414;461617553;251;462899218;3203.535;1154044.000;0.627;1157248.125
Placas11305.jpg;30;1293056;461640779;253;462934088;3232.640;1154101.875;0.632;1157335.250
Placas11342.jpg;30;1283422;461397009;251;462680682;3208.555;1153492.625;0.627;1156701.750
Placas11474.jpg;30;1278824;461541052;244;462820120;3197.060;1153852.625;0.610;1157050.375
Placas11530.jpg;30;1280684;461618283;253;462899220;3201.710;1154045.750;0.632;1157248.125
Placas11562.jpg;30;1280078;461560627;253;462840958;3200.195;1153901.625;0.632;1157102.500
Placas11602.jpg;31;1281266;461568457;239;462849962;3203.165;1153921.125;0.598;1157124.875
Placasia1009.png;30;1280830;461368201;241;462649272;3202.075;1153420.500;0.603;1156623.250
Placasia1010.png;30;1280004;461542121;253;462822378;3200.010;1153855.250;0.632;1157055.875
Placasia1021.png;30;1276797;461488176;251;462765224;3191.992;1153720.500;0.627;1156913.000
Placasia1032.png;30;1281186;461553697;251;462835134;3202.965;1153884.250;0.627;1157087.875
Placasia1037.png;30;1276796;461654785;239;462931820;3191.990;1154137.000;0.598;1157329.500
Placasia1046.png;30;1280114;461563205;251;462843570;3200.285;1153908.000;0.627;1157109.000
Placasia1047.png;30;1278708;461443421;251;462722380;3196.770;1153608.625;0.627;1156805.875
Placasm10501.jpg;30;1279080;461506375;251;462785706;3197.700;1153766.000;0.627;1156964.250
Placasm10788.jpg;31;1274030;461492801;251;462767082;3185.075;1153732.000;0.627;1156917.625
Placasm10862.jpg;30;1276290;461563993;251;462840534;3190.725;1153910.000;0.627;1157101.375
Placasm10947.jpg;31;1282070;461559035;253;462841358;3205.175;1153897.625;0.632;1157103.375
Placasm10969.jpg;30;1277298;461555631;253;462833182;3193.245;1153889.000;0.632;1157083.000
Placasm11089.jpg;32;1274310;461583553;251;462858114;3185.775;1153958.875;0.627;1157145.250
Placasm11137.jpg;30;1274233;461655037;246;462929516;3185.583;1154137.625;0.615;1157323.750
Placass10192.jpg;30;1276546;461604717;253;462881516;3191.365;1154011.750;0.632;1157203.750
Placass10238.jpg;30;1274616;461552107;253;462826976;3186.540;1153880.250;0.632;1157067.500
Placass10357.jpg;30;1274842;461537267;241;462812350;3187.105;1153843.250;0.603;1157030.875
Placass10358.jpg;30;1279741;461520132;239;462800112;3199.353;1153800.375;0.598;1157000.375
Placass10486.jpg;30;1275521;461573960;253;462849734;3188.802;1153934.875;0.632;1157124.375
Placass10545.jpg;30;1279467;461538664;253;462818384;3198.668;1153846.625;0.632;1157045.875
Placass10933.jpg;30;1275212;461474425;253;462749890;3188.030;1153686.125;0.632;1156874.750
Placass10940.jpg;30;1280004;461554543;251;462834798;3200.010;1153886.375;0.627;1157086.875
Placass10965.jpg;30;1275764;461583101;251;462859116;3189.410;1153957.750;0.627;1157147.750
Placass11157.jpg;31;1277358;461539067;251;462816676;3193.395;1153847.625;0.627;1157041.750
Placass11214.jpg;30;1281047;461544846;253;462826146;3202.617;1153862.125;0.632;1157065.375
Placass11216.jpg;30;1276156;461502927;251;462779334;3190.390;1153757.375;0.627;1156948.375
Placass11233.jpg;30;1279864;461441775;241;462721880;3199.660;1153604.375;0.603;1156804.750
Placass11340.jpg;30;1279757;461502772;253;462782782;3199.393;1153757.000;0.632;1156957.000
Placass11344.jpg;31;1276504;461418029;239;462694772;3191.260;1153545.000;0.598;1156737.000
Placass11346.jpg;30;1279590;461621319;253;462901162;3198.975;1154053.250;0.632;1157252.875
Placass11350.jpg;30;1276408;461516776;236;462793420;3191.020;1153792.000;0.590;1156983.500
Placass11407.jpg;31;1274347;461606052;251;462880650;3185.867;1154015.125;0.627;1157201.625
Placass11584.jpg;30;1277728;461500155;239;462778122;3194.320;1153750.500;0.598;1156945.250
Placass11628.jpg;30;1272710;461468063;251;462741024;3181.775;1153670.125;0.627;1156852.500
Placass11630.jpg;30;1273270;461531797;253;462805320;3183.175;1153829.500;0.632;1157013.250
Placass11634.jpg;30;1276868;461576687;253;462853808;3192.170;1153941.750;0.632;1157134.625
plaacaas1076.jpg;30;1279160;461590573;253;462869986;3197.900;1153976.375;0.632;1157174.875
plaacaas1093.jpg;30;1280721;461469036;241;462749998;3201.802;1153672.625;0.603;1156875.000
plaacaas1172.jpg;30;1282052;461532031;253;462814336;3205.130;1153830.000;0.632;1157035.875
plaacaas1240.jpg;30;1280504;461579753;251;462860508;3201.260;1153949.375;0.627;1157151.250
plaacaas1258.jpg;31;1281510;461479019;253;462760782;3203.775;1153697.500;0.632;1156902.000
placaas10214.jpg;30;1279184;461534131;253;462813568;3197.960;1153835.375;0.632;1157033.875
placaas10220.jpg;30;1277322;461490921;253;462768496;3193.305;1153727.250;0.632;1156921.250
placaas10295.jpg;30;1279572;461436521;251;462716344;3198.930;1153591.250;0.627;1156790.875
placaas10338.jpg;30;1278672;461536807;253;462815732;3196.680;1153842.000;0.632;1157039.375
placaas10341.jpg;31;1280368;461618437;253;462899058;3200.920;1154046.000;0.632;1157247.625
placaas10389.jpg;30;1280248;461556033;251;462836532;3200.620;1153890.125;0.627;1157091.375
placaas10463.jpg;30;1274044;461512551;253;462786848;3185.110;1153781.375;0.632;1156967.125
placaas10473.jpg;31;1279278;461468503;241;462748022;3198.195;1153671.250;0.603;1156870.125
placaas10481.jpg;30;1281048;461539853;251;462821152;3202.620;1153849.625;0.627;1157052.875
placaas10756.jpg;30;1280823;461524434;253;462805510;3202.058;1153811.125;0.632;1157013.750
placaas10884.jpg;30;1283038;461403137;239;462686414;3207.595;1153507.875;0.598;1156716.000
placaas10897.jpg;30;1280658;461426375;241;462707274;3201.645;1153565.875;0.603;1156768.125
placaas10909.jpg;30;1273360;461553323;251;462826934;3183.400;1153883.375;0.627;1157067.375
placaas11047.jpg;30;1276980;461480323;253;462757556;3192.450;1153700.750;0.632;1156893.875
placaas11258.jpg;30;1279478;461606717;253;462886448;3198.695;1154016.750;0.632;1157216.250
placas1093.jpg;30;1266812;461538177;251;462805240;3167.030;1153845.500;0.627;1157013.125
placas1104.jpg;30;1281922;461503667;253;462785842;3204.805;1153759.125;0.632;1156964.625
placas1110.jpg;30;1267212;461575247;251;462842710;3168.030;1153938.125;0.627;1157106.750
placas1111.jpg;30;1277830;461518355;241;462796426;3194.575;1153795.875;0.603;1156991.000
placas1115.jpg;30;1273254;461568591;253;462842098;3183.135;1153921.500;0.632;1157105.250
placas1137.jpg;30;1277750;461433975;251;462711976;3194.375;1153584.875;0.627;1156779.875
placas1204.jpg;30;1281138;461584987;251;462866376;3202.845;1153962.500;0.627;1157166.000
placas1215.jpg;30;1279776;461452139;239;462732154;3199.440;1153630.375;0.598;1156830.375
placas1268.jpg;30;1281252;461429191;241;462710684;3203.130;1153572.875;0.603;1156776.750
placas1359.jpg;30;1280658;461444847;253;462725758;3201.645;1153612.125;0.632;1156814.375
placas1422.jpg;31;1278618;461558477;251;462837346;3196.545;1153896.125;0.627;1157093.375
placas1430.jpg;30;1280417;461572006;253;462852676;3201.042;1153930.000;0.632;1157131.750
placas1434.jpg;31;1282734;461444077;237;462727048;3206.835;1153610.125;0.592;1156817.625
placas1442.jpg;31;1280368;461450079;253;462730700;3200.920;1153625.250;0.632;1156826.750
placas1444.jpg;30;1280148;461531541;239;462811928;3200.370;1153828.875;0.598;1157029.875
placas1449.jpg;30;1280556;461558287;253;462839096;3201.390;1153895.625;0.632;1157097.750
placas1459.jpg;30;1279112;461559090;236;462838438;3197.780;1153897.750;0.590;1157096.125
placas1467.jpg;30;1280147;461540564;239;462820950;3200.368;1153851.375;0.598;1157052.375
placas1475.jpg;30;1279490;461519637;251;462799378;3198.725;1153799.125;0.627;1156998.500
placas1480.jpg;30;1281158;461541934;238;462823330;3202.895;1153854.750;0.595;1157058.375
placas1481.jpg;30;1265874;461553775;241;462819890;3164.685;1153884.375;0.603;1157049.750
placas1491.jpg;30;1280104;461545097;253;462825454;3200.260;1153862.750;0.632;1157063.625
placas1495.jpg;30;1279932;461569866;250;462850048;3199.830;1153924.625;0.625;1157125.125
placas1512.jpg;30;1281020;461464905;251;462746176;3202.550;1153662.250;0.627;1156865.500
placas1522.jpg;30;1280246;461507374;246;462787866;3200.615;1153768.375;0.615;1156969.625
placas1525.jpg;30;1280088;461568779;253;462849120;3200.220;1153921.875;0.632;1157122.875
placas1563.jpg;30;1269475;461516378;241;462786094;3173.688;1153791.000;0.603;1156965.250
placas1564.jpg;30;1269164;461467859;253;462737276;3172.910;1153669.625;0.632;1156843.250
placas1567.jpg;30;1282595;461595702;253;462878550;3206.487;1153989.250;0.632;1157196.375
placas1585.jpg;30;1277138;461553273;251;462830662;3192.845;1153883.250;0.627;1157076.625
placas1592.jpg;30;1258940;461572029;251;462831220;3147.350;1153930.125;0.627;1157078.125
placas1593.jpg;30;1279764;461509247;251;462789262;3199.410;1153773.125;0.627;1156973.125
placas1605.jpg;30;1280465;461613940;251;462894656;3201.163;1154034.875;0.627;1157236.625
placas1617.jpg;30;1282229;461548688;251;462831168;3205.573;1153871.625;0.627;1157078.000
placas1625.jpg;30;1281184;461510896;236;462792316;3202.960;1153777.250;0.590;1156980.750
placas1663.jpg;30;1268908;461486551;251;462755710;3172.270;1153716.375;0.627;1156889.250
placas1690.jpg;30;1279249;461551508;239;462830996;3198.122;1153878.750;0.598;1157077.500
