Image;TEMP_C;CYC_PRE;CYC_INF;CYC_POST;CYC_TOTAL;US_PRE;US_INF;US_POST;US_TOTAL
Placa42.png;30;1280022;1157622269;247;1158902538;3200.055;2894055.750;0.618;2897256.500
Placas11002.jpg;32;1277968;1157470977;209;1158749154;3194.920;2893677.500;0.522;2896873.000
Placas11004.jpg;32;1280726;1157595499;207;1158876432;3201.815;2893989.000;0.517;2897191.000
Placas11013.jpg;31;1277718;1157718019;207;1158995944;3194.295;2894295.000;0.517;2897490.000
Placas11017.jpg;32;1281095;1157501398;207;1158782700;3202.738;2893753.750;0.517;2896956.750
Placas11022.jpg;32;1278486;1157780473;193;1159059152;3196.215;2894451.250;0.482;2897648.000
Placas11026.jpg;32;1278910;1157560117;209;1158839236;3197.275;2893900.250;0.522;2897098.500
Placas11044.jpg;32;1282446;1157496027;207;1158778680;3206.115;2893740.250;0.517;2896946.750
Placas11065.jpg;32;1280674;1157673277;205;1158954156;3201.685;2894183.250;0.512;2897385.250
Placas11070.jpg;33;1281774;1157421197;209;1158703180;3204.435;2893553.000;0.522;2896758.250
Placas11076.jpg;32;1279836;1157666708;198;1158946742;3199.590;2894166.750;0.495;2897366.750
Placas11091.jpg;33;1278746;1157597413;193;1158876352;3196.865;2893993.500;0.482;2897191.000
Placas11116.jpg;32;1281712;1157580403;207;1158862322;3204.280;2893951.000;0.517;2897155.750
Placas11118.jpg;33;1278314;1157675467;207;1158953988;3195.785;2894189.000;0.517;2897385.000
Placas11122.jpg;32;1281576;1157475391;209;1158757176;3203.940;2893688.250;0.522;2896892.750
Placas11123.jpg;33;1280571;1157673382;197;1158954150;3201.427;2894183.500;0.493;2897385.250
Placas11135.jpg;32;1280848;1157727421;205;1159008474;3202.120;2894318.500;0.512;2897521.250
Placas11148.jpg;32;1278396;1157695963;195;1158974554;3195.990;2894240.000;0.488;2897436.500
Placas11179.jpg;33;1280508;1157669795;197;1158950500;3201.270;2894174.500;0.493;2897376.250
Placas11191.jpg;32;1281654;1157582573;197;1158864424;3204.135;2893956.250;0.493;2897160.750
Placas11193.jpg;32;1279970;1157462827;205;1158743002;3199.925;2893657.000;0.512;2896857.500
Placas11194.jpg;33;1282616;1157589525;229;1158872370;3206.540;2893973.750;0.572;2897181.000
Placas11199.jpg;34;1280632;1157740575;193;1159021400;3201.580;2894351.250;0.482;2897553.750
Placas11208.jpg;33;1275340;1157665885;257;1158941482;3188.350;2894164.750;0.642;2897353.750
Placas11209.jpg;33;1281250;1157708477;193;1158989920;3203.125;2894271.000;0.482;2897474.750
Placas11218.jpg;33;1277906;1157673055;209;1158951170;3194.765;2894182.750;0.522;2897378.000
Placas11219.jpg;33;1279388;1157521417;205;1158801010;3198.470;2893803.750;0.512;2897002.500
Placas11227.jpg;32;1280531;1157538098;195;1158818824;3201.327;2893845.250;0.488;2897047.000
Placas11249.jpg;32;1281036;1157643467;207;1158924710;3202.590;2894108.750;0.517;2897311.750
Placas11250.jpg;33;1280516;1157523367;231;1158804114;3201.290;2893808.250;0.577;2897010.250
Placas11254.jpg;32;1280970;1157502035;191;1158783196;3202.425;2893755.250;0.477;2896958.250
Placas11264.jpg;32;1279203;1157784686;293;1159064182;3198.007;2894461.750;0.733;2897660.500
Placas11298.jpg;32;1278556;1157685229;205;1158963990;3196.390;2894213.000;0.512;2897409.750
Placas11315.jpg;32;1279734;1157721105;193;1159001032;3199.335;2894302.750;0.482;2897502.750
Placas11318.jpg;33;1283756;1157591145;307;1158875208;3209.390;2893977.750;0.767;2897188.250
Placas11320.jpg;33;1277430;1157582665;209;1158860304;3193.575;2893956.750;0.522;2897150.750
Placas11321.jpg;33;1279474;1157702271;195;1158981940;3198.685;2894255.750;0.488;2897454.750
Placas11350.jpg;32;1282332;1157558745;207;1158841284;3205.830;2893897.000;0.517;2897103.500
Placas11353.jpg;33;1281480;1157477061;209;1158758750;3203.700;2893693.000;0.522;2896897.000
Placas11366.jpg;33;1280464;1157572803;227;1158853494;3201.160;2893932.250;0.567;2897133.500
Placas11377.jpg;33;1280009;1157704672;213;1158984894;3200.023;2894261.750;0.533;2897462.000
Placas11388.jpg;32;1280830;1157647283;191;1158928304;3202.075;2894118.000;0.477;2897320.500
Placas11397.jpg;32;1278454;1157580793;209;1158859456;3196.135;2893952.000;0.522;2897148.750
Placas11402.jpg;33;1280116;1157651059;209;1158931384;3200.290;2894127.750;0.522;2897328.250
Placas11419.jpg;33;1281808;1157694027;195;1158976030;3204.520;2894235.250;0.488;2897440.000
Placas11428.jpg;33;1280950;1157693737;197;1158974884;3202.375;2894234.250;0.493;2897437.250
Placas11453.jpg;32;1282664;1157578783;207;1158861654;3206.660;2893947.000;0.517;2897154.000
Placas11456.jpg;33;1282826;1157630319;207;1158913352;3207.065;2894075.750;0.517;2897283.500
Placas11460.jpg;32;1279014;1157549449;197;1158828660;3197.535;2893873.500;0.493;2897071.500
Placas11463.jpg;33;1281670;1157545043;205;1158826918;3204.175;2893862.750;0.512;2897067.250
Placas11496.jpg;32;1281956;1157653945;207;1158936108;3204.890;2894134.750;0.517;2897340.250
Placas11500.jpg;33;1292274;1157667537;197;1158960008;3230.685;2894169.000;0.493;2897400.000
Placas11507.jpg;33;1280882;1157627737;205;1158908824;3202.205;2894069.500;0.512;2897271.750
Placas11522.jpg;32;1280840;1157688911;213;1158969964;3202.100;2894222.500;0.533;2897424.750
Placas11528.jpg;32;1280549;1157606060;209;1158886818;3201.373;2894015.000;0.522;2897216.750
Placas11531.jpg;32;1281017;1157573748;209;1158854974;3202.542;2893934.500;0.522;2897137.250
Placas11534.jpg;33;1279249;1157562044;229;1158841522;3198.122;2893905.000;0.572;2897103.750
Placas11549.jpg;33;1277482;1157718947;225;1158996654;3193.705;2894297.250;0.562;2897491.750
Placas11556.jpg;32;1280168;1157632199;213;1158912580;3200.420;2894080.500;0.533;2897281.500
Placas11559.jpg;32;1279897;1157562086;207;1158842190;3199.742;2893905.250;0.517;2897105.750
Placas11566.jpg;33;1280242;1157671071;191;1158951504;3200.605;2894177.500;0.477;2897379.000
Placas11568.jpg;32;1281866;1157682653;205;1158964724;3204.665;2894206.750;0.512;2897411.750
Placas11569.jpg;32;1281224;1157597835;227;1158879286;3203.060;2893994.500;0.567;2897198.000
Placas11580.jpg;33;1283178;1157618657;209;1158902044;3207.945;2894046.500;0.522;2897255.000
Placas11581.jpg;33;1280411;1157362502;201;1158643114;3201.028;2893406.500;0.502;2896607.750
Placas11584.jpg;32;1278982;1157815801;195;1159094978;3197.455;2894539.500;0.488;2897737.500
Placas11605.jpg;33;1280626;1157535581;193;1158816400;3201.565;2893839.000;0.482;2897041.000
Placas11606.jpg;32;1281800;1157544011;207;1158826018;3204.500;2893860.000;0.517;2897064.750
Placas11609.jpg;33;1280710;1157580549;209;1158861468;3201.775;2893951.250;0.522;2897153.750
Placasm10017.jpg;32;1275038;1157730831;209;1159006078;3187.595;2894327.000;0.522;2897515.250
Placasm10043.jpg;32;1276355;1157644234;205;1158920794;3190.887;2894110.750;0.512;2897302.000
Placasm10049.jpg;33;1274058;1157568833;209;1158843100;3185.145;2893922.000;0.522;2897107.750
Placasm10052.jpg;33;1281536;1157653233;205;1158934974;3203.840;2894133.250;0.512;2897337.250
Placasm10054.jpg;32;1292188;1157623567;195;1158915950;3230.470;2894059.000;0.488;2897290.000
Placasm10100.jpg;32;1277652;1157608031;193;1158885876;3194.130;2894020.000;0.482;2897214.750
Placasm10123.jpg;33;1274728;1157725343;209;1159000280;3186.820;2894313.250;0.522;2897500.750
Placasm10137.jpg;33;1275050;1157606627;195;1158881872;3187.625;2894016.750;0.488;2897204.750
Placasm10147.jpg;33;1274598;1157639575;205;1158914378;3186.495;2894099.000;0.512;2897286.000
Placasm10164.jpg;33;1273794;1157750971;205;1159024970;3184.485;2894377.000;0.512;2897562.500
Placasm10177.jpg;33;1277874;1157670263;207;1158948344;3194.685;2894175.750;0.517;2897370.750
Placasm10179.jpg;32;1281274;1157580597;209;1158862080;3203.185;2893951.250;0.522;2897155.000
Placasm10189.jpg;32;1276266;1157944291;193;1159220750;3190.665;2894860.750;0.482;2898052.000
Placasm10201.jpg;33;1272528;1157746347;229;1159019104;3181.320;2894365.750;0.572;2897547.750
Placasm10229.jpg;32;1273228;1157707129;211;1158980568;3183.070;2894267.750;0.527;2897451.500
Placasm10233.jpg;33;1282280;1157646663;207;1158929150;3205.700;2894116.750;0.517;2897322.750
Placasm10236.jpg;32;1278666;1157592901;189;1158871756;3196.665;2893982.500;0.472;2897179.500
Placasm10264.jpg;33;1279026;1157643157;209;1158922392;3197.565;2894107.750;0.522;2897306.000
Placasm10279.jpg;32;1274781;1157725004;205;1158999990;3186.952;2894312.750;0.512;2897499.750
Placasm10285.jpg;32;1275176;1157516977;219;1158792372;3187.940;2893792.250;0.548;2896981.000
Placasm10286.jpg;32;1274718;1157521145;205;1158796068;3186.795;2893803.000;0.512;2896990.000
Placasm10292.jpg;33;1278516;1157851865;197;1159130578;3196.290;2894629.750;0.493;2897826.500
Placasm10303.jpg;33;1280856;1157816717;207;1159097780;3202.140;2894541.750;0.517;2897744.250
Placasm10327.jpg;32;1278670;1157806267;205;1159085142;3196.675;2894515.250;0.512;2897713.000
Placasm10343.jpg;32;1279470;1157765149;197;1159044816;3198.675;2894412.750;0.493;2897612.000
Placasm10365.jpg;33;1275306;1157554207;207;1158829720;3188.265;2893885.500;0.517;2897074.250
Placasm10406.jpg;31;1277690;1157755123;229;1159033042;3194.225;2894387.750;0.572;2897582.500
Placasm10430.jpg;32;1273002;1157660691;207;1158933900;3182.505;2894151.750;0.517;2897334.500
Placasm10431.jpg;32;1277062;1157491972;195;1158769229;3192.655;2893729.750;0.488;2896923.250
Placasm10433.jpg;32;1275431;1157797384;193;1159073008;3188.577;2894493.500;0.482;2897682.500
Placasm10439.jpg;33;1282480;1157649297;193;1158931970;3206.200;2894123.000;0.482;2897330.000
Placasm10451.jpg;32;1281510;1157779355;197;1159061062;3203.775;2894448.250;0.493;2897652.750
Placasm10464.jpg;33;1275974;1157861921;207;1159138102;3189.935;2894654.500;0.517;2897845.000
Placasm10482.jpg;33;1281560;1157582909;197;1158864666;3203.900;2893957.000;0.493;2897161.500
Placasm10546.jpg;34;1273554;1157673217;197;1158946968;3183.885;2894183.250;0.493;2897367.500
Placasm10561.jpg;33;1280592;1157631531;195;1158912318;3201.480;2894078.750;0.488;2897280.500
Placasm10590.jpg;31;1280198;1157557233;209;1158837640;3200.495;2893893.250;0.522;2897094.000
Placasm10610.jpg;34;1273168;1157736305;205;1159009678;3182.920;2894341.000;0.512;2897524.250
Placasm10640.jpg;32;1276434;1157636161;195;1158912790;3191.085;2894090.500;0.488;2897282.000
Placasm10654.jpg;32;1280188;1157604297;303;1158884788;3200.470;2894011.000;0.757;2897211.750
Placasm10667.jpg;33;1281444;1157680087;207;1158961738;3203.610;2894200.250;0.517;2897404.500
Placasm10690.jpg;33;1277711;1157611646;195;1158889552;3194.277;2894029.250;0.488;2897224.000
Placasm10720.jpg;33;1275018;1157865355;207;1159140580;3187.545;2894663.250;0.517;2897851.750
Placasm10739.jpg;32;1275316;1157792165;205;1159067686;3188.290;2894480.500;0.512;2897669.250
Placasm10751.jpg;32;1276670;1157527205;205;1158804080;3191.675;2893817.750;0.512;2897010.250
Placasm10773.jpg;33;1282680;1157571537;193;1158854410;3206.700;2893928.750;0.482;2897136.000
Placasm10811.jpg;33;1274763;1157644066;207;1158919036;3186.907;2894110.000;0.517;2897297.750
Placasm10841.jpg;33;1280456;1157692069;197;1158972722;3201.140;2894230.250;0.493;2897431.500
Placasm10863.jpg;33;1274626;1157770719;207;1159045552;3186.565;2894426.750;0.517;2897613.750
Placasm10867.jpg;32;1271881;1157669291;209;1158941381;3179.703;2894173.000;0.522;2897353.750
Placasm10875.jpg;34;1270274;1157587495;211;1158857980;3175.685;2893968.750;0.527;2897145.000
Placasm10879.jpg;33;1274420;1157700161;233;1158974814;3186.050;2894250.500;0.582;2897437.250
Placasm10907.jpg;33;1280524;1157703819;219;1158984562;3201.310;2894259.750;0.548;2897461.500
Placasm10925.jpg;33;1275238;1157493069;207;1158768514;3188.095;2893732.750;0.517;2896921.250
Placasm10928.jpg;33;1275046;1157646397;193;1158921636;3187.615;2894115.750;0.482;2897304.000
Placasm10978.jpg;32;1272642;1157600441;179;1158873262;3181.605;2894001.000;0.447;2897183.000
Placasm10987.jpg;33;1275124;1157647905;205;1158923234;3187.810;2894119.750;0.512;2897308.000
Placasm10991.jpg;33;1275005;1157485486;231;1158760722;3187.512;2893713.750;0.577;2896901.750
Placasm11007.jpg;32;1276344;1157583485;229;1158860058;3190.860;2893958.750;0.572;2897150.000
Placasm11033.jpg;32;1275070;1157717889;195;1158993154;3187.675;2894294.500;0.488;2897483.000
Placasm11038.jpg;33;1279284;1157641553;205;1158921042;3198.210;2894104.000;0.512;2897302.750
Placasm11069.jpg;31;1274711;1157577940;207;1158852858;3186.777;2893945.000;0.517;2897132.250
Placasm11094.jpg;33;1273202;1157726363;197;1158999762;3183.005;2894315.750;0.493;2897499.250
Placasm11133.jpg;33;1277818;1157612301;205;1158890324;3194.545;2894030.750;0.512;2897226.000
Placasm11154.jpg;33;1273566;1157569363;195;1158843124;3183.915;2893923.500;0.488;2897107.750
Placasm11155.jpg;33;1276818;1157603353;177;1158880348;3192.045;2894008.250;0.442;2897201.000
Placasm11213.jpg;33;1275342;1157606559;193;1158882094;3188.355;2894016.500;0.482;2897205.000
Placasm11215.jpg;32;1277452;1157820619;207;1159098278;3193.630;2894551.500;0.517;2897745.750
Placasm11222.jpg;33;1273424;1157632615;197;1158906236;3183.560;2894081.500;0.493;2897265.500
Placass10014.jpg;33;1274798;1157594825;227;1158869850;3186.995;2893987.250;0.567;2897175.000
Placass10015.jpg;33;1273618;1157752341;229;1159026188;3184.045;2894380.750;0.572;2897565.500
Placass10016.jpg;33;1270946;1157800049;209;1159071204;3177.365;2894500.250;0.522;2897678.250
Placass10020.jpg;32;1274234;1157710117;193;1158984544;3185.585;2894275.000;0.482;2897461.500
Placass10024.jpg;32;1271910;1157709667;209;1158981786;3179.775;2894274.000;0.522;2897454.500
Placass10037.jpg;33;1275870;1157694657;227;1158970754;3189.675;2894236.750;0.567;2897427.000
Placass10044.jpg;33;1273960;1157687291;195;1158961446;3184.900;2894218.500;0.488;2897403.500
Placass10051.jpg;32;1279956;1157588257;205;1158868418;3199.890;2893970.500;0.512;2897171.250
Placass10055.jpg;33;1274006;1157752561;205;1159026772;3185.015;2894381.500;0.512;2897567.250
Placass10068.jpg;32;1278123;1157769116;195;1159047434;3195.308;2894422.750;0.488;2897618.500
Placass10070.jpg;32;1279722;1157687155;195;1158967072;3199.305;2894218.000;0.488;2897417.500
Placass10077.jpg;34;1280424;1157828215;195;1159108834;3201.060;2894570.750;0.488;2897772.250
Placass10088.jpg;33;1280630;1157631219;207;1158912056;3201.575;2894078.250;0.517;2897280.000
Placass10091.jpg;33;1278636;1157525641;205;1158804482;3196.590;2893814.000;0.512;2897011.250
Placass10101.jpg;32;1278846;1157448891;195;1158727932;3197.115;2893622.250;0.488;2896820.000
Placass10109.jpg;33;1280220;1157617385;197;1158897802;3200.550;2894043.500;0.493;2897244.250
Placass10112.jpg;32;1279644;1157641403;207;1158921254;3199.110;2894103.250;0.517;2897303.000
Placass10122.jpg;33;1278330;1157565937;287;1158844554;3195.825;2893914.750;0.717;2897111.500
Placass10126.jpg;33;1275562;1157666461;209;1158942232;3188.905;2894166.000;0.522;2897355.500
Placass10130.jpg;32;1274982;1157530891;207;1158806080;3187.455;2893827.250;0.517;2897015.250
Placass10132.jpg;33;1276010;1157673253;321;1158949584;3190.025;2894183.250;0.803;2897374.250
Placass10138.jpg;33;1277509;1157720720;207;1158998436;3193.772;2894301.500;0.517;2897496.000
Placass10140.jpg;32;1275603;1157610348;205;1158886156;3189.008;2894025.750;0.512;2897215.500
Placass10154.jpg;33;1275038;1157608711;211;1158883960;3187.595;2894021.750;0.527;2897209.750
Placass10163.jpg;32;1279614;1157577509;217;1158857340;3199.035;2893943.500;0.543;2897143.250
Placass10175.jpg;33;1275491;1157555154;195;1158830840;3188.728;2893888.000;0.488;2897077.250
Placass10183.jpg;34;1272494;1157523719;209;1158796422;3181.235;2893809.500;0.522;2896991.000
Placass10186.jpg;33;1276486;1157586281;265;1158863032;3191.215;2893965.750;0.663;2897157.500
Placass10206.jpg;32;1278110;1157566031;195;1158844336;3195.275;2893915.000;0.488;2897110.750
Placass10208.jpg;33;1277270;1157654983;207;1158932460;3193.175;2894137.500;0.517;2897331.250
Placass10210.jpg;32;1279968;1157918967;215;1159199150;3199.920;2894797.500;0.538;2897997.750
Placass10215.jpg;33;1276362;1157745001;205;1159021568;3190.905;2894362.750;0.512;2897554.000
Placass10223.jpg;33;1275514;1157630143;197;1158905854;3188.785;2894075.250;0.493;2897264.500
Placass10244.jpg;33;1276435;1157629362;199;1158905996;3191.087;2894073.000;0.498;2897264.750
Placass10257.jpg;34;1276672;1157491459;195;1158768326;3191.680;2893728.500;0.488;2896921.000
Placass10266.jpg;33;1274286;1157676107;231;1158950624;3185.715;2894190.500;0.577;2897376.500
Placass10268.jpg;33;1277846;1157580593;229;1158858668;3194.615;2893951.250;0.572;2897146.750
Placass10274.jpg;33;1277352;1157575577;247;1158853176;3193.380;2893939.000;0.618;2897133.000
Placass10276.jpg;33;1281302;1157607515;203;1158889020;3203.255;2894018.750;0.507;2897222.500
Placass10281.jpg;33;1275856;1157602887;229;1158878972;3189.640;2894007.250;0.572;2897197.250
Placass10296.jpg;32;1280030;1157639129;207;1158919366;3200.075;2894098.000;0.517;2897298.750
Placass10304.jpg;33;1279934;1157622679;207;1158902820;3199.835;2894056.750;0.517;2897257.000
Placass10309.jpg;32;1275172;1157747517;207;1159022896;3187.930;2894368.750;0.517;2897557.000
Placass10347.jpg;33;1273416;1157620640;273;1158894329;3183.540;2894051.750;0.683;2897236.000
Placass10374.jpg;33;1277101;1157482200;209;1158759510;3192.752;2893705.750;0.522;2896898.750
Placass10376.jpg;33;1276158;1157679521;209;1158955888;3190.395;2894198.500;0.522;2897389.750
Placass10388.jpg;32;1280804;1157670535;207;1158951546;3202.010;2894176.500;0.517;2897379.000
Placass10395.jpg;32;1275306;1157479437;205;1158754948;3188.265;2893698.750;0.512;2896887.250
Placass10397.jpg;33;1278912;1157707055;207;1158986174;3197.280;2894267.500;0.517;2897465.250
Placass10407.jpg;32;1278850;1157647051;195;1158926096;3197.125;2894117.750;0.488;2897315.250
Placass10411.jpg;33;1274866;1157570207;207;1158845280;3187.165;2893925.500;0.517;2897113.250
Placass10413.jpg;32;1274648;1157736535;207;1159011390;3186.620;2894341.500;0.517;2897528.250
Placass10416.jpg;33;1279787;1157699080;195;1158979062;3199.468;2894247.500;0.488;2897447.750
Placass10418.jpg;33;1279044;1157544181;277;1158823502;3197.610;2893860.500;0.692;2897058.750
Placass10431.jpg;33;1275880;1157648405;207;1158924492;3189.700;2894121.000;0.517;2897311.500
Placass10432.jpg;32;1274759;1157625928;195;1158900882;3186.897;2894065.000;0.488;2897252.000
Placass10436.jpg;33;1268341;1157677340;205;1158945886;3170.853;2894193.250;0.512;2897364.750
Placass10439.jpg;32;1270552;1157652091;207;1158922850;3176.380;2894130.250;0.517;2897307.000
Placass10442.jpg;32;1268356;1157751935;205;1159020496;3170.890;2894379.750;0.512;2897551.250
Placass10446.jpg;34;1280602;1157694039;217;1158974858;3201.505;2894235.250;0.543;2897437.250
Placass10454.jpg;33;1279330;1157718085;209;1158997624;3198.325;2894295.250;0.522;2897494.000
Placass10456.jpg;33;1280910;1157649837;209;1158930956;3202.275;2894124.500;0.522;2897327.250
Placass10457.jpg;33;1277786;1157723531;305;1159001622;3194.465;2894308.750;0.762;2897504.000
Placass10466.jpg;33;1278372;1157629739;209;1158908320;3195.930;2894074.000;0.522;2897270.750
Placass10470.jpg;33;1276182;1157750977;229;1159027388;3190.455;2894377.500;0.572;2897568.500
Placass10480.jpg;32;1274324;1157724921;213;1158999458;3185.810;2894312.250;0.533;2897498.750
Placass10484.jpg;33;1277194;1157698313;227;1158975734;3192.985;2894246.000;0.567;2897439.250
Placass10489.jpg;33;1274804;1157736503;193;1159011500;3187.010;2894341.250;0.482;2897528.500
Placass10495.jpg;33;1274480;1157640653;195;1158915328;3186.200;2894101.750;0.488;2897288.250
Placass10499.jpg;33;1279902;1157730887;199;1159010988;3199.755;2894327.500;0.498;2897527.250
Placass10509.jpg;32;1280197;1157583948;265;1158864410;3200.492;2893960.000;0.663;2897160.750
Placass10515.jpg;33;1280546;1157596503;207;1158877256;3201.365;2893991.250;0.517;2897193.250
Placass10516.jpg;32;1275108;1157710529;205;1158985842;3187.770;2894276.500;0.512;2897464.750
Placass10520.jpg;33;1281678;1157696809;197;1158978684;3204.195;2894242.000;0.493;2897446.750
Placass10522.jpg;33;1277176;1157642023;207;1158919406;3192.940;2894105.000;0.517;2897298.750
Placass10526.jpg;32;1273074;1157624267;231;1158897572;3182.685;2894060.750;0.577;2897243.750
Placass10532.jpg;33;1278730;1157459129;207;1158738066;3196.825;2893647.750;0.517;2896845.000
Placass10535.jpg;32;1278106;1157690297;205;1158968608;3195.265;2894225.500;0.512;2897421.500
Placass10565.jpg;32;1279784;1157656893;193;1158936870;3199.460;2894142.250;0.482;2897342.000
Placass10579.jpg;32;1275108;1157653283;197;1158928588;3187.770;2894133.250;0.493;2897321.500
Placass10596.jpg;32;1280234;1157788633;205;1159069072;3200.585;2894471.750;0.512;2897672.500
Placass10603.jpg;33;1272765;1157610076;207;1158883048;3181.912;2894025.250;0.517;2897207.750
Placass10613.jpg;33;1281721;1157563056;209;1158844986;3204.302;2893907.250;0.522;2897112.500
Placass10629.jpg;33;1278790;1157643957;195;1158922942;3196.975;2894109.750;0.488;2897307.000
Placass10632.jpg;33;1276325;1157733368;207;1159009900;3190.813;2894333.500;0.517;2897524.750
Placass10658.jpg;33;1279498;1157536977;229;1158816704;3198.745;2893842.500;0.572;2897042.000
Placass10660.jpg;33;1275746;1157742303;201;1159018250;3189.365;2894356.000;0.502;2897545.750
Placass10670.jpg;33;1275537;1157522028;209;1158797774;3188.843;2893805.000;0.522;2896994.750
Placass10679.jpg;33;1272806;1157632499;197;1158905502;3182.015;2894081.250;0.493;2897263.750
Placass10689.jpg;33;1275030;1157598061;1247;1158874338;3187.575;2893995.250;3.118;2897186.000
Placass10719.jpg;33;1281124;1157692933;233;1158974290;3202.810;2894232.250;0.582;2897436.000
Placass10722.jpg;33;1276266;1157747699;193;1159024158;3190.665;2894369.500;0.482;2897560.500
Placass10725.jpg;32;1279612;1157545929;205;1158825746;3199.030;2893865.000;0.512;2897064.250
Placass10726.jpg;33;1275736;1157626243;199;1158902178;3189.340;2894065.750;0.498;2897255.500
Placass10733.jpg;33;1278104;1157539377;201;1158817682;3195.260;2893848.250;0.502;2897044.000
Placass10736.jpg;32;1274712;1157570485;323;1158845520;3186.780;2893926.250;0.808;2897113.750
Placass10737.jpg;33;1277220;1157583771;195;1158861186;3193.050;2893959.250;0.488;2897153.000
Placass10740.jpg;33;1280278;1157619193;181;1158899652;3200.695;2894048.000;0.452;2897249.500
Placass10743.jpg;33;1280844;1157487043;207;1158768094;3202.110;2893717.750;0.517;2896920.250
Placass10745.jpg;33;1274844;1157747685;231;1159022760;3187.110;2894369.500;0.577;2897556.750
Placass10803.jpg;33;1280952;1157670241;195;1158951388;3202.380;2894175.750;0.488;2897378.500
Placass10804.jpg;32;1280540;1157601375;207;1158882122;3201.350;2894003.750;0.517;2897205.500
Placass10807.jpg;33;1276064;1157667343;207;1158943614;3190.160;2894168.500;0.517;2897359.000
Placass10811.jpg;32;1278634;1157763297;205;1159042136;3196.585;2894408.250;0.512;2897605.500
Placass10812.jpg;32;1278628;1157726797;205;1159005630;3196.570;2894317.000;0.512;2897513.750
Placass10823.jpg;33;1274996;1157747143;305;1159022444;3187.490;2894368.000;0.762;2897556.000
Placass10824.jpg;34;1280190;1157620311;207;1158900708;3200.475;2894051.000;0.517;2897251.750
Placass10839.jpg;33;1277704;1157659661;229;1158937594;3194.260;2894149.250;0.572;2897344.000
Placass10840.jpg;33;1276389;1157634456;277;1158911122;3190.972;2894086.250;0.692;2897278.000
Placass10843.jpg;33;1275938;1157708909;205;1158985052;3189.845;2894272.500;0.512;2897462.750
Placass10845.jpg;32;1280442;1157589969;305;1158870716;3201.105;2893975.250;0.762;2897176.500
Placass10848.jpg;33;1280474;1157676209;229;1158956912;3201.185;2894190.500;0.572;2897392.250
Placass10849.jpg;33;1274152;1157660515;197;1158934864;3185.380;2894151.250;0.493;2897337.250
Placass10862.jpg;33;1276588;1157505901;203;1158782692;3191.470;2893764.750;0.507;2896956.750
Placass10864.jpg;33;1276370;1157658843;195;1158935408;3190.925;2894147.250;0.488;2897338.750
Placass10877.jpg;33;1280682;1157565483;195;1158846360;3201.705;2893913.750;0.488;2897115.750
Placass10880.jpg;33;1274104;1157711503;207;1158985814;3185.260;2894278.750;0.517;2897464.750
Placass10884.jpg;32;1275838;1157789511;229;1159065578;3189.595;2894473.750;0.572;2897664.000
Placass10897.jpg;32;1273402;1157836531;207;1159110140;3183.505;2894591.250;0.517;2897775.500
Placass10903.jpg;33;1274621;1157794528;209;1159069358;3186.552;2894486.500;0.522;2897673.250
Placass10906.jpg;33;1275999;1157478194;205;1158754398;3189.998;2893695.250;0.512;2896886.000
Placass10909.jpg;33;1275974;1157596309;207;1158872490;3189.935;2893990.500;0.517;2897181.250
Placass10915.jpg;31;1275164;1157611835;207;1158887206;3187.910;2894029.500;0.517;2897217.750
Placass10916.jpg;33;1279169;1157820018;227;1159099414;3197.923;2894550.000;0.567;2897748.250
Placass10929.jpg;33;1273406;1157821499;195;1159095100;3183.515;2894553.500;0.488;2897737.500
Placass10937.jpg;33;1283318;1157553931;291;1158837540;3208.295;2893885.000;0.728;2897093.750
Placass10947.jpg;34;1278610;1157785517;207;1159064334;3196.525;2894463.750;0.517;2897660.750
Placass10951.jpg;32;1276868;1157678931;233;1158956032;3192.170;2894197.500;0.582;2897390.000
Placass10955.jpg;33;1276526;1157538851;205;1158815582;3191.315;2893847.000;0.512;2897039.000
Placass10960.jpg;32;1273020;1157658491;197;1158931708;3182.550;2894146.250;0.493;2897329.250
Placass10969.jpg;33;1277042;1157686323;209;1158963574;3192.605;2894215.750;0.522;2897409.000
Placass10972.jpg;31;1278014;1157536375;195;1158814584;3195.035;2893841.000;0.488;2897036.750
Placass10988.jpg;33;1276196;1157630257;205;1158906658;3190.490;2894075.500;0.512;2897266.500
Placass10992.jpg;33;1278112;1157679475;207;1158957794;3195.280;2894198.500;0.517;2897394.750
Placass10995.jpg;33;1280674;1157588978;244;1158869896;3201.685;2893972.500;0.610;2897175.000
Placass10996.jpg;33;1276918;1157650247;205;1158927370;3192.295;2894125.750;0.512;2897318.500
Placass11000.jpg;34;1276868;1157530227;207;1158807302;3192.170;2893825.500;0.517;2897018.250
Placass11005.jpg;32;1279804;1157727381;193;1159007378;3199.510;2894318.500;0.482;2897518.500
Placass11008.jpg;33;1278506;1157885033;209;1159163748;3196.265;2894712.750;0.522;2897909.500
Placass11010.jpg;32;1280734;1157672291;207;1158953232;3201.835;2894180.750;0.517;2897383.000
Placass11013.jpg;32;1279518;1157672825;195;1158952538;3198.795;2894182.250;0.488;2897381.500
Placass11014.jpg;34;1277657;1157682008;205;1158959870;3194.142;2894205.000;0.512;2897399.750
Placass11018.jpg;33;1274614;1157738239;195;1159013048;3186.535;2894345.500;0.488;2897532.500
Placass11020.jpg;32;1274908;1157697333;207;1158972448;3187.270;2894243.250;0.517;2897431.000
Placass11021.jpg;32;1280768;1157690995;207;1158971970;3201.920;2894227.500;0.517;2897430.250
Placass11035.jpg;33;1275214;1157786985;197;1159062396;3188.035;2894467.500;0.493;2897656.000
Placass11037.jpg;33;1279240;1157598663;207;1158878110;3198.100;2893997.000;0.517;2897195.250
Placass11051.jpg;33;1280485;1157705220;207;1158985912;3201.212;2894263.000;0.517;2897464.750
Placass11054.jpg;33;1273524;1157667366;200;1158941090;3183.810;2894168.500;0.500;2897352.750
Placass11076.jpg;33;1276664;1157374561;193;1158651418;3191.660;2893436.500;0.482;2896628.500
Placass11077.jpg;34;1280944;1157504273;205;1158785422;3202.360;2893760.750;0.512;2896963.500
Placass11080.jpg;32;1279449;1157749102;203;1159028754;3198.622;2894372.750;0.507;2897571.750
Placass11092.jpg;33;1275753;1157748084;205;1159024042;3189.383;2894370.500;0.512;2897560.000
Placass11093.jpg;33;1278984;1157715459;207;1158994650;3197.460;2894288.500;0.517;2897486.500
Placass11105.jpg;33;1275794;1157622635;207;1158898636;3189.485;2894056.750;0.517;2897246.750
Placass11124.jpg;33;1272126;1157637393;209;1158909728;3180.315;2894093.500;0.522;2897274.250
Placass11126.jpg;32;1280024;1157628985;207;1158909216;3200.060;2894072.500;0.517;2897272.750
Placass11127.jpg;33;1279752;1157752599;207;1159032558;3199.380;2894381.500;0.517;2897581.500
Placass11128.jpg;33;1277608;1157756223;197;1159034028;3194.020;2894390.500;0.493;2897585.000
Placass11130.jpg;32;1282798;1157558651;195;1158841644;3206.995;2893896.500;0.488;2897104.000
Placass11131.jpg;33;1273276;1157612749;191;1158886216;3183.190;2894031.750;0.477;2897215.750
Placass11153.jpg;33;1274038;1157494811;209;1158769058;3185.095;2893737.000;0.522;2896922.500
Placass11155.jpg;33;1276254;1157554909;217;1158831380;3190.635;2893887.250;0.543;2897078.250
Placass11168.jpg;33;1275636;1157667999;231;1158943866;3189.090;2894170.000;0.577;2897359.750
Placass11170.jpg;32;1277240;1157666195;199;1158943634;3193.100;2894165.500;0.498;2897359.000
Placass11176.jpg;32;1277807;1157598466;211;1158876484;3194.518;2893996.250;0.527;2897191.250
Placass11178.jpg;33;1278720;1157607249;273;1158886242;3196.800;2894018.000;0.683;2897215.750
Placass11181.jpg;33;1287096;1157658547;213;1158945856;3217.740;2894146.250;0.533;2897364.500
Placass11187.jpg;33;1288856;1157559835;209;1158848900;3222.140;2893899.750;0.522;2897122.250
Placass11193.jpg;33;1278996;1157607547;195;1158886738;3197.490;2894018.750;0.488;2897216.750
Placass11205.jpg;33;1277278;1157678973;195;1158956446;3193.195;2894197.500;0.488;2897391.000
Placass11223.jpg;33;1278340;1157827845;209;1159106394;3195.850;2894569.750;0.522;2897766.000
Placass11229.jpg;34;1274628;1157615325;275;1158890228;3186.570;2894038.500;0.687;2897225.500
Placass11243.jpg;33;1278026;1157764839;227;1159043092;3195.065;2894412.000;0.567;2897607.750
Placass11247.jpg;33;1276904;1157587613;195;1158864712;3192.260;2893969.000;0.488;2897161.750
Placass11248.jpg;33;1281125;1157630139;201;1158911465;3202.813;2894075.250;0.502;2897278.500
Placass11258.jpg;32;1281184;1157556445;197;1158837826;3202.960;2893891.250;0.493;2897094.750
Placass11262.jpg;32;1277356;1157534335;211;1158811902;3193.390;2893836.000;0.527;2897029.500
Placass11266.jpg;33;1280724;1157753967;205;1159034896;3201.810;2894384.750;0.512;2897587.250
Placass11273.jpg;32;1279872;1157777275;207;1159057354;3199.680;2894443.250;0.517;2897643.750
Placass11279.jpg;32;1280430;1157655675;231;1158936336;3201.075;2894139.250;0.577;2897340.750
Placass11290.jpg;33;1276185;1157729196;195;1159005576;3190.463;2894322.750;0.488;2897513.750
Placass11303.jpg;33;1280848;1157731391;293;1159012532;3202.120;2894328.500;0.733;2897531.250
Placass11311.jpg;33;1276924;1157582225;205;1158859354;3192.310;2893955.750;0.512;2897148.500
Placass11326.jpg;32;1276220;1157640397;305;1158916922;3190.550;2894101.000;0.762;2897292.250
Placass11335.jpg;33;1277480;1157630145;207;1158907832;3193.700;2894075.500;0.517;2897269.500
Placass11359.jpg;32;1280480;1157562149;213;1158842842;3201.200;2893905.250;0.533;2897107.000
Placass11360.jpg;33;1275432;1157696789;197;1158972418;3188.580;2894242.000;0.493;2897431.000
Placass11378.jpg;33;1275562;1157589342;194;1158865098;3188.905;2893973.500;0.485;2897162.750
Placass11388.jpg;32;1281072;1157459043;211;1158740326;3202.680;2893647.750;0.527;2896850.750
Placass11397.jpg;33;1275946;1157696722;188;1158972856;3189.865;2894242.000;0.470;2897432.000
Placass11403.jpg;34;1278734;1157694625;205;1158973564;3196.835;2894236.500;0.512;2897434.000
Placass11404.jpg;33;1275526;1157740695;207;1159016428;3188.815;2894351.500;0.517;2897541.000
Placass11424.jpg;34;1279280;1157541803;207;1158821290;3198.200;2893854.250;0.517;2897053.000
Placass11429.jpg;32;1281082;1157532591;207;1158813880;3202.705;2893831.500;0.517;2897034.750
Placass11435.jpg;33;1279598;1157721501;193;1159001292;3198.995;2894303.750;0.482;2897503.500
Placass11439.jpg;33;1279102;1157525325;205;1158804632;3197.755;2893813.500;0.512;2897011.500
Placass11442.jpg;33;1278646;1157605527;209;1158884382;3196.615;2894013.750;0.522;2897210.750
Placass11444.jpg;32;1280204;1157519849;197;1158800250;3200.510;2893799.750;0.493;2897000.750
Placass11445.jpg;32;1278990;1157517251;207;1158796448;3197.475;2893793.250;0.517;2896991.000
Placass11448.jpg;32;1277978;1157613961;211;1158892150;3194.945;2894034.750;0.527;2897230.250
Placass11459.jpg;32;1278302;1157619689;213;1158898204;3195.755;2894049.250;0.533;2897245.250
Placass11461.jpg;32;1280909;1157851242;197;1159132348;3202.272;2894628.000;0.493;2897831.000
Placass11467.jpg;33;1280839;1157893388;207;1159174434;3202.097;2894733.500;0.517;2897936.000
Placass11470.jpg;32;1281274;1157670119;195;1158951588;3203.185;2894175.500;0.488;2897379.000
Placass11479.jpg;32;1280430;1157649459;303;1158930192;3201.075;2894123.500;0.757;2897325.500
Placass11486.jpg;33;1280940;1157599673;209;1158880822;3202.350;2893999.000;0.522;2897202.000
Placass11488.jpg;33;1276224;1157574557;207;1158850988;3190.560;2893936.250;0.517;2897127.250
Placass11498.jpg;33;1280986;1157412077;207;1158693270;3202.465;2893530.250;0.517;2896733.000
Placass11507.jpg;33;1276898;1157666165;207;1158943270;3192.245;2894165.500;0.517;2897358.000
Placass11510.jpg;32;1281063;1157638228;209;1158919500;3202.657;2894095.500;0.522;2897299.000
Placass11521.jpg;33;1278798;1157498223;205;1158777226;3196.995;2893745.500;0.512;2896943.000
Placass11531.jpg;32;1276992;1157481981;207;1158759180;3192.480;2893705.000;0.517;2896898.000
Placass11538.jpg;33;1276401;1157598848;227;1158875476;3191.002;2893997.250;0.567;2897188.750
Placass11542.jpg;33;1277386;1157713407;227;1158991020;3193.465;2894283.500;0.567;2897477.500
Placass11553.jpg;32;1275442;1157521521;189;1158797152;3188.605;2893803.750;0.472;2896993.000
Placass11560.jpg;33;1280205;1157722364;217;1159002786;3200.512;2894306.000;0.543;2897506.750
Placass11561.jpg;33;1276026;1157636729;193;1158912948;3190.065;2894092.000;0.482;2897282.250
Placass11563.jpg;32;1277694;1157628283;205;1158906182;3194.235;2894070.750;0.512;2897265.500
Placass11567.jpg;32;1277674;1157697635;195;1158975504;3194.185;2894244.250;0.488;2897438.500
Placass11569.jpg;33;1283962;1157729933;207;1159014102;3209.905;2894324.750;0.517;2897535.250
Placass11575.jpg;33;1280320;1157635205;205;1158915730;3200.800;2894088.000;0.512;2897289.250
Placass11579.jpg;33;1274688;1157734139;197;1159009024;3186.720;2894335.500;0.493;2897522.500
Placass11586.jpg;32;1275796;1157589553;193;1158865542;3189.490;2893973.750;0.482;2897163.750
Placass11597.jpg;33;1278794;1157753677;209;1159032680;3196.985;2894384.250;0.522;2897582.000
Placass11620.jpg;32;1279333;1157582851;207;1158862391;3198.333;2893957.000;0.517;2897155.750
Placass11623.jpg;31;1274552;1157762531;205;1159037288;3186.380;2894406.250;0.512;2897593.250
Placass11625.jpg;32;1275036;1157743785;197;1159019018;3187.590;2894359.250;0.493;2897547.750
Placass11655.jpg;32;1276018;1157708049;199;1158984266;3190.045;2894270.000;0.498;2897460.750
Placass11659.jpg;33;1278960;1157771659;197;1159050816;3197.400;2894429.250;0.493;2897626.750
Placass11668.jpg;32;1273154;1157700389;207;1158973750;3182.885;2894251.000;0.517;2897434.250
Placass11673.jpg;33;1280514;1157701214;192;1158981920;3201.285;2894253.000;0.480;2897454.750
Placass11676.jpg;33;1279648;1157809209;225;1159089082;3199.120;2894522.750;0.562;2897722.500
Placass11684.jpg;32;1275696;1157658085;209;1158933990;3189.240;2894145.250;0.522;2897335.000
Placass11700.jpg;33;1278843;1157567650;207;1158846700;3197.108;2893919.000;0.517;2897116.750
Placass11704.jpg;33;1281468;1157744755;197;1159026420;3203.670;2894362.000;0.493;2897566.250
plaacaas1016.jpg;33;1279634;1157651523;207;1158931364;3199.085;2894128.750;0.517;2897328.250
plaacaas1024.jpg;32;1281235;1157612528;207;1158893970;3203.087;2894031.500;0.517;2897235.000
plaacaas1029.jpg;33;1276824;1157773849;207;1159050880;3192.060;2894434.500;0.517;2897627.250
plaacaas1030.jpg;32;1282046;1157547899;197;1158830142;3205.115;2893869.750;0.493;2897075.250
plaacaas1040.jpg;33;1280874;1157628835;275;1158909984;3202.185;2894072.000;0.687;2897275.000
plaacaas1045.jpg;33;1281517;1157753484;199;1159035200;3203.792;2894383.750;0.498;2897588.000
plaacaas1068.jpg;34;1281014;1157594131;195;1158875340;3202.535;2893985.250;0.488;2897188.750
plaacaas1075.jpg;32;1278900;1157646591;207;1158925698;3197.250;2894116.500;0.517;2897314.250
plaacaas1077.jpg;32;1280516;1157562299;207;1158843022;3201.290;2893905.750;0.517;2897107.500
plaacaas1105.jpg;32;1282316;1157758727;215;1159041258;3205.790;2894397.000;0.538;2897603.000
plaacaas1111.jpg;33;1278848;1157596723;193;1158875764;3197.120;2893991.500;0.482;2897189.250
plaacaas1124.jpg;33;1279478;1157481494;204;1158761176;3198.695;2893703.750;0.510;2896903.000
plaacaas1126.jpg;33;1280452;1157704579;207;1158985238;3201.130;2894261.250;0.517;2897463.000
plaacaas1141.jpg;32;1281090;1157581817;209;1158863116;3202.725;2893954.750;0.522;2897157.750
plaacaas1147.jpg;33;1280246;1157699181;205;1158979632;3200.615;2894248.000;0.512;2897449.000
plaacaas1159.jpg;32;1280949;1157763536;209;1159044694;3202.372;2894409.000;0.522;2897611.750
plaacaas1160.jpg;32;1279940;1157579067;231;1158859238;3199.850;2893947.500;0.577;2897148.000
plaacaas1175.jpg;32;1281166;1157686813;229;1158968208;3202.915;2894217.000;0.572;2897420.500
plaacaas1177.jpg;33;1282842;1157747541;205;1159030588;3207.105;2894369.000;0.512;2897576.250
plaacaas1181.jpg;32;1282754;1157676243;193;1158959190;3206.885;2894190.500;0.482;2897398.000
plaacaas1186.jpg;33;1280964;1157636281;209;1158917454;3202.410;2894090.500;0.522;2897293.750
plaacaas1188.jpg;32;1279878;1157587351;195;1158867424;3199.695;2893968.500;0.488;2897168.500
plaacaas1193.jpg;32;1280464;1157611855;209;1158892528;3201.160;2894029.750;0.522;2897231.250
plaacaas1199.jpg;32;1277950;1157661735;209;1158939894;3194.875;2894154.250;0.522;2897349.750
plaacaas1200.jpg;33;1281576;1157519351;195;1158801122;3203.940;2893798.250;0.488;2897002.750
plaacaas1201.jpg;32;1281800;1157711836;194;1158993830;3204.500;2894279.750;0.485;2897484.500
plaacaas1207.jpg;33;1281501;1157800186;207;1159081894;3203.753;2894500.500;0.517;2897704.750
plaacaas1218.jpg;33;1279523;1157746531;202;1159026256;3198.808;2894366.500;0.505;2897565.750
plaacaas1220.jpg;32;1281780;1157660807;211;1158942798;3204.450;2894152.000;0.527;2897357.000
plaacaas1234.jpg;32;1278760;1157627473;193;1158906426;3196.900;2894068.750;0.482;2897265.750
plaacaas1251.jpg;33;1279224;1157586933;225;1158866382;3198.060;2893967.500;0.562;2897166.250
plaacaas1252.jpg;33;1278974;1157663139;227;1158942340;3197.435;2894157.750;0.567;2897355.750
plaacaas1280.jpg;33;1282244;1157571053;229;1158853526;3205.610;2893927.750;0.572;2897133.500
plaacaas1286.jpg;32;1280420;1157741569;209;1159022198;3201.050;2894354.000;0.522;2897555.500
plaacaas1299.jpg;32;1281916;1157552245;205;1158834366;3204.790;2893880.500;0.512;2897085.750
plaacaas1305.jpg;33;1278784;1157504637;209;1158783630;3196.960;2893761.750;0.522;2896959.250
plaacaas1309.jpg;32;1278450;1157858899;207;1159137556;3196.125;2894647.250;0.517;2897844.000
placaas10004.jpg;32;1275260;1157723071;207;1158998538;3188.150;2894307.750;0.517;2897496.250
placaas10007.jpg;33;1279472;1157726205;209;1159005886;3198.680;2894315.500;0.522;2897514.500
placaas10008.jpg;33;1276038;1157675765;207;1158952010;3190.095;2894189.500;0.517;2897380.250
placaas10011.jpg;32;1283596;1157687233;209;1158971038;3208.990;2894218.500;0.522;2897427.500
placaas10020.jpg;32;1279422;1157608523;195;1158888140;3198.555;2894021.500;0.488;2897220.500
placaas10023.jpg;32;1277854;1157542645;195;1158820694;3194.635;2893856.750;0.488;2897051.750
placaas10034.jpg;33;1279258;1157655057;207;1158934522;3198.145;2894137.500;0.517;2897336.250
placaas10037.jpg;33;1276298;1157683403;195;1158959896;3190.745;2894208.750;0.488;2897399.750
placaas10047.jpg;32;1277579;1157539980;229;1158817788;3193.948;2893850.000;0.572;2897044.250
placaas10049.jpg;33;1280406;1157554909;221;1158835536;3201.015;2893887.250;0.553;2897089.000
placaas10061.jpg;33;1276452;1157643497;207;1158920156;3191.130;2894108.750;0.517;2897300.500
placaas10063.jpg;32;1282685;1157707648;195;1158990528;3206.713;2894269.000;0.488;2897476.500
placaas10068.jpg;32;1274428;1157560327;207;1158834962;3186.070;2893900.750;0.517;2897087.250
placaas10073.jpg;33;1280346;1157467575;197;1158748118;3200.865;2893668.750;0.493;2896870.500
placaas10078.jpg;32;1279986;1157653973;207;1158934166;3199.965;2894135.250;0.517;2897335.250
placaas10081.jpg;32;1282198;1157636639;179;1158919016;3205.495;2894091.500;0.447;2897297.750
placaas10083.jpg;32;1279140;1157661439;287;1158940866;3197.850;2894153.750;0.717;2897352.500
placaas10089.jpg;32;1277924;1157727235;207;1159005366;3194.810;2894318.000;0.517;2897513.000
placaas10106.jpg;32;1275372;1157623521;209;1158899102;3188.430;2894059.000;0.522;2897247.750
placaas10113.jpg;33;1280663;1157647578;209;1158928450;3201.657;2894119.000;0.522;2897321.250
placaas10117.jpg;32;1277694;1157749241;197;1159027132;3194.235;2894373.000;0.493;2897567.750
placaas10118.jpg;34;1282774;1157512659;207;1158795640;3206.935;2893781.750;0.517;2896989.000
placaas10136.jpg;32;1274939;1157516020;195;1158791154;3187.348;2893790.000;0.488;2896978.000
placaas10151.jpg;33;1279810;1157665663;197;1158945670;3199.525;2894164.000;0.493;2897364.250
placaas10160.jpg;32;1278120;1157684819;195;1158963134;3195.300;2894212.000;0.488;2897407.750
placaas10163.jpg;33;1278807;1157772842;267;1159051916;3197.018;2894432.250;0.668;2897630.000
placaas10166.jpg;32;1282992;1157589495;231;1158872718;3207.480;2893973.750;0.577;2897181.500
placaas10170.jpg;33;1280369;1157572446;207;1158853022;3200.922;2893931.250;0.517;2897132.500
placaas10184.jpg;32;1279883;1157664512;195;1158944590;3199.707;2894161.250;0.488;2897361.500
placaas10205.jpg;33;1280584;1157606623;195;1158887402;3201.460;2894016.750;0.488;2897218.500
placaas10209.jpg;32;1274822;1157469705;205;1158744732;3187.055;2893674.250;0.512;2896861.750
placaas10221.jpg;32;1279596;1157630519;203;1158910318;3198.990;2894076.250;0.507;2897276.000
placaas10222.jpg;33;1273724;1157683927;195;1158957846;3184.310;2894210.000;0.488;2897394.750
placaas10231.jpg;32;1278818;1157592279;207;1158871304;3197.045;2893980.750;0.517;2897178.250
placaas10247.jpg;32;1281752;1157733453;217;1159015422;3204.380;2894333.750;0.543;2897538.500
placaas10270.jpg;33;1280632;1157633897;197;1158914726;3201.580;2894084.750;0.493;2897286.500
placaas10275.jpg;32;1273860;1157667824;200;1158941884;3184.650;2894169.750;0.500;2897354.500
placaas10279.jpg;33;1281007;1157837937;329;1159119273;3202.518;2894595.000;0.822;2897798.000
placaas10282.jpg;32;1280826;1157744821;205;1159025852;3202.065;2894362.000;0.512;2897564.500
placaas10312.jpg;32;1277386;1157513391;207;1158790984;3193.465;2893783.250;0.517;2896977.500
placaas10316.jpg;33;1280781;1157614884;197;1158895862;3201.953;2894037.250;0.493;2897239.750
placaas10332.jpg;33;1279251;1157541336;205;1158820792;3198.128;2893853.250;0.512;2897051.750
placaas10357.jpg;31;1279940;1157650781;245;1158930966;3199.850;2894127.250;0.613;2897327.250
placaas10364.jpg;33;1277371;1157725176;197;1159002744;3193.427;2894313.000;0.493;2897506.750
placaas10392.jpg;33;1279072;1157758015;191;1159037278;3197.680;2894395.000;0.477;2897593.250
placaas10396.jpg;32;1282140;1157696253;207;1158978600;3205.350;2894240.500;0.517;2897446.250
placaas10398.jpg;33;1280210;1157764943;289;1159045442;3200.525;2894412.250;0.723;2897613.750
placaas10400.jpg;33;1281684;1157705077;205;1158986966;3204.210;2894262.750;0.512;2897467.500
placaas10412.jpg;32;1280576;1157563219;205;1158844000;3201.440;2893908.000;0.512;2897110.250
placaas10417.jpg;32;1280064;1157582003;227;1158862294;3200.160;2893955.000;0.567;2897155.750
placaas10423.jpg;32;1280138;1157550711;203;1158831052;3200.345;2893876.750;0.507;2897078.000
placaas10426.jpg;32;1278698;1157605883;197;1158884778;3196.745;2894014.750;0.493;2897211.750
placaas10434.jpg;32;1280251;1157724484;205;1159004940;3200.627;2894311.250;0.512;2897512.500
placaas10447.jpg;32;1280672;1157604131;207;1158885010;3201.680;2894010.250;0.517;2897212.500
placaas10452.jpg;32;1279944;1157692151;197;1158972292;3199.860;2894230.500;0.493;2897430.500
placaas10453.jpg;32;1283078;1157508001;205;1158791284;3207.695;2893769.750;0.512;2896978.250
placaas10458.jpg;33;1278994;1157581718;216;1158860928;3197.485;2893954.250;0.540;2897152.500
placaas10467.jpg;32;1281258;1157551627;191;1158833076;3203.145;2893879.250;0.477;2897082.500
placaas10468.jpg;32;1278084;1157588333;229;1158866646;3195.210;2893970.750;0.572;2897166.750
placaas10472.jpg;32;1283274;1157573687;195;1158857156;3208.185;2893934.250;0.488;2897143.000
placaas10493.jpg;32;1278641;1157657992;225;1158936858;3196.603;2894145.000;0.562;2897342.000
placaas10504.jpg;32;1281984;1157516531;195;1158798710;3204.960;2893791.250;0.488;2896996.750
placaas10509.jpg;32;1268984;1157581613;231;1158850828;3172.460;2893954.000;0.577;2897127.000
placaas10513.jpg;33;1279246;1157632619;305;1158912170;3198.115;2894081.500;0.762;2897280.250
placaas10519.jpg;32;1281558;1157811537;205;1159093300;3203.895;2894529.000;0.512;2897733.250
placaas10520.jpg;33;1277160;1157765517;233;1159042910;3192.900;2894413.750;0.582;2897607.500
placaas10533.jpg;32;1275360;1157596467;231;1158872058;3188.400;2893991.000;0.577;2897180.250
placaas10545.jpg;32;1279602;1157657021;205;1158936828;3199.005;2894142.250;0.512;2897342.000
placaas10558.jpg;32;1277230;1157664049;275;1158941554;3193.075;2894160.000;0.687;2897354.000
placaas10567.jpg;33;1282918;1157621015;277;1158904210;3207.295;2894052.750;0.692;2897260.500
placaas10569.jpg;33;1277636;1157471769;205;1158749610;3194.090;2893679.500;0.512;2896874.000
placaas10573.jpg;32;1279284;1157492283;365;1158771932;3198.210;2893730.500;0.913;2896930.000
placaas10582.jpg;33;1274862;1157716699;195;1158991756;3187.155;2894292.000;0.488;2897479.250
placaas10602.jpg;33;1282848;1157659199;203;1158942250;3207.120;2894148.000;0.507;2897355.500
placaas10606.jpg;32;1279373;1157658156;211;1158937740;3198.432;2894145.250;0.527;2897344.250
placaas10614.jpg;32;1279682;1157721737;207;1159001626;3199.205;2894304.250;0.517;2897504.000
placaas10617.jpg;33;1276928;1157550293;197;1158827418;3192.320;2893875.750;0.493;2897068.500
placaas10625.jpg;33;1276182;1157591545;205;1158867932;3190.455;2893978.750;0.512;2897169.750
placaas10641.jpg;33;1267684;1157617125;209;1158885018;3169.210;2894043.000;0.522;2897212.500
placaas10646.jpg;33;1280454;1157626669;205;1158907328;3201.135;2894066.500;0.512;2897268.500
placaas10650.jpg;33;1277864;1157532685;231;1158810780;3194.660;2893831.500;0.577;2897027.000
placaas10668.jpg;33;1281061;1157659398;197;1158940656;3202.653;2894148.500;0.493;2897351.750
placaas10669.jpg;33;1278964;1157726745;205;1159005914;3197.410;2894316.750;0.512;2897514.750
placaas10679.jpg;32;1280628;1157689405;275;1158970308;3201.570;2894223.500;0.687;2897425.750
placaas10685.jpg;33;1280569;1157599634;231;1158880434;3201.422;2893999.000;0.577;2897201.000
placaas10688.jpg;32;1282134;1157585531;211;1158867876;3205.335;2893963.750;0.527;2897169.500
placaas10697.jpg;33;1281223;1157532514;195;1158813932;3203.058;2893831.500;0.488;2897035.000
placaas10700.jpg;32;1282698;1157738409;195;1159021302;3206.745;2894346.000;0.488;2897553.500
placaas10705.jpg;33;1282637;1157566934;195;1158849766;3206.593;2893917.500;0.488;2897124.500
placaas10713.jpg;33;1279970;1157601605;207;1158881782;3199.925;2894004.000;0.517;2897204.500
placaas10716.jpg;32;1281533;1157730449;207;1159012189;3203.833;2894326.000;0.517;2897530.500
placaas10717.jpg;32;1281283;1157567064;229;1158848576;3203.208;2893917.750;0.572;2897121.250
placaas10724.jpg;31;1281338;1157564451;201;1158845990;3203.345;2893911.000;0.502;2897114.750
placaas10730.jpg;31;1277699;1157692723;274;1158970696;3194.248;2894231.750;0.685;2897427.000
placaas10735.jpg;33;1275742;1157607551;205;1158883498;3189.355;2894018.750;0.512;2897208.750
placaas10739.jpg;33;1280258;1157679239;215;1158959712;3200.645;2894198.000;0.538;2897399.250
placaas10752.jpg;33;1278886;1157787811;203;1159066900;3197.215;2894469.500;0.507;2897667.250
placaas10764.jpg;33;1274739;1157558288;207;1158833234;3186.848;2893895.500;0.517;2897083.250
placaas10769.jpg;33;1283162;1157633709;205;1158917076;3207.905;2894084.250;0.512;2897292.750
placaas10773.jpg;33;1277742;1157614233;195;1158892170;3194.355;2894035.500;0.488;2897230.250
placaas10779.jpg;32;1276466;1157557889;195;1158834550;3191.165;2893894.500;0.488;2897086.250
placaas10787.jpg;33;1283170;1157704663;211;1158988044;3207.925;2894261.750;0.527;2897470.250
placaas10797.jpg;33;1274354;1157497609;189;1158772152;3185.885;2893744.000;0.472;2896930.250
placaas10805.jpg;33;1271092;1157585499;229;1158856820;3177.730;2893963.750;0.572;2897142.000
placaas10837.jpg;33;1280020;1157664951;207;1158945178;3200.050;2894162.250;0.517;2897362.750
placaas10842.jpg;32;1278690;1157619161;213;1158898064;3196.725;2894048.000;0.533;2897245.000
placaas10857.jpg;32;1277735;1157813996;207;1159091938;3194.337;2894535.250;0.517;2897730.000
placaas10861.jpg;32;1278900;1157507235;209;1158786344;3197.250;2893768.000;0.522;2896965.750
placaas10880.jpg;32;1275374;1157648427;207;1158924008;3188.435;2894121.000;0.517;2897310.000
placaas10882.jpg;32;1271548;1157567935;207;1158839690;3178.870;2893919.750;0.517;2897099.000
placaas10889.jpg;33;1278768;1157617311;195;1158896274;3196.920;2894043.250;0.488;2897240.750
placaas10910.jpg;32;1278625;1157528076;205;1158806906;3196.563;2893820.000;0.512;2897017.250
placaas10911.jpg;32;1277866;1157571107;209;1158849182;3194.665;2893927.750;0.522;2897123.000
placaas10913.jpg;32;1277840;1157787467;207;1159065514;3194.600;2894468.750;0.517;2897663.750
placaas10918.jpg;32;1281804;1157688035;199;1158970038;3204.510;2894220.000;0.498;2897424.750
placaas10923.jpg;32;1276170;1157749781;207;1159026158;3190.425;2894374.500;0.517;2897565.500
placaas10924.jpg;32;1277090;1157697241;193;1158974524;3192.725;2894243.250;0.482;2897436.250
placaas10928.jpg;32;1281714;1157664507;207;1158946428;3204.285;2894161.250;0.517;2897366.250
placaas10934.jpg;32;1280190;1157708511;207;1158988908;3200.475;2894271.500;0.517;2897472.250
placaas10935.jpg;32;1278738;1157587221;205;1158866164;3196.845;2893968.000;0.512;2897165.500
placaas10941.jpg;33;1283470;1157665545;225;1158949240;3208.675;2894163.750;0.562;2897373.250
placaas10979.jpg;33;1281788;1157591653;205;1158873646;3204.470;2893979.250;0.512;2897184.000
placaas10986.jpg;33;1287264;1157717571;205;1159005040;3218.160;2894294.250;0.512;2897512.750
placaas10995.jpg;32;1278823;1157729138;197;1159008158;3197.057;2894322.750;0.493;2897520.250
placaas10996.jpg;34;1281964;1157621509;197;1158903670;3204.910;2894053.750;0.493;2897259.000
placaas10999.jpg;33;1280450;1157558113;197;1158838760;3201.125;2893895.250;0.493;2897097.000
placaas11002.jpg;33;1278858;1157756277;195;1159035330;3197.145;2894391.000;0.488;2897588.500
placaas11011.jpg;32;1275388;1157609513;207;1158885108;3188.470;2894023.750;0.517;2897212.750
placaas11012.jpg;32;1282236;1157739661;205;1159022102;3205.590;2894349.250;0.512;2897555.000
placaas11014.jpg;33;1282976;1157758029;209;1159041214;3207.440;2894395.250;0.522;2897603.000
placaas11036.jpg;33;1281886;1157617625;205;1158899716;3204.715;2894044.250;0.512;2897249.500
placaas11048.jpg;32;1280050;1157559867;207;1158840124;3200.125;2893899.750;0.517;2897100.000
placaas11052.jpg;33;1282934;1157722167;197;1159005298;3207.335;2894305.250;0.493;2897513.000
placaas11064.jpg;33;1282153;1157647606;207;1158929966;3205.383;2894119.000;0.517;2897325.000
placaas11070.jpg;32;1280394;1157612699;205;1158893298;3200.985;2894031.750;0.512;2897233.250
placaas11071.jpg;33;1277202;1157710515;207;1158987924;3193.005;2894276.000;0.517;2897469.750
placaas11074.jpg;33;1274554;1157710341;209;1158985104;3186.385;2894275.750;0.522;2897462.750
placaas11100.jpg;32;1282158;1157510685;205;1158793048;3205.395;2893776.500;0.512;2896982.500
placaas11107.jpg;33;1278958;1157617469;213;1158896640;3197.395;2894043.500;0.533;2897241.750
placaas11111.jpg;33;1279690;1157619261;233;1158899184;3199.225;2894048.000;0.582;2897248.000
placaas11116.jpg;32;1279805;1157558164;209;1158838178;3199.512;2893895.250;0.522;2897095.250
placaas11119.jpg;32;1280608;1157666425;205;1158947238;3201.520;2894166.000;0.512;2897368.250
placaas11120.jpg;32;1278477;1157628738;227;1158907442;3196.192;2894072.000;0.567;2897268.500
placaas11143.jpg;32;1280780;1157692045;305;1158973130;3201.950;2894230.250;0.762;2897433.000
placaas11145.jpg;32;1277206;1157535727;207;1158813140;3193.015;2893839.250;0.517;2897033.000
placaas11150.jpg;32;1277058;1157792907;205;1159070170;3192.645;2894482.250;0.512;2897675.500
placaas11151.jpg;32;1281332;1157603027;207;1158884566;3203.330;2894007.750;0.517;2897211.500
placaas11169.jpg;32;1279666;1157553077;193;1158832936;3199.165;2893882.500;0.482;2897082.250
placaas11170.jpg;33;1277686;1157655921;209;1158933816;3194.215;2894140.000;0.522;2897334.250
placaas11174.jpg;32;1273845;1157548643;244;1158822732;3184.613;2893871.750;0.610;2897057.000
placaas11176.jpg;32;1280922;1157711941;211;1158993074;3202.305;2894280.250;0.527;2897482.500
placaas11177.jpg;33;1277754;1157611409;205;1158889368;3194.385;2894028.500;0.512;2897223.250
placaas11179.jpg;33;1281609;1157716438;207;1158998254;3204.023;2894291.250;0.517;2897495.750
placaas11181.jpg;32;1281344;1157700589;205;1158982138;3203.360;2894251.750;0.512;2897455.500
placaas11187.jpg;32;1278251;1157555526;207;1158833984;3195.627;2893889.000;0.517;2897085.000
placaas11193.jpg;33;1276747;1157715320;207;1158992274;3191.868;2894288.250;0.517;2897480.500
placaas11194.jpg;33;1279382;1157600019;209;1158879610;3198.455;2894000.000;0.522;2897199.000
placaas11198.jpg;33;1282771;1157625314;253;1158908338;3206.927;2894063.500;0.632;2897270.750
placaas11206.jpg;33;1275866;1157709515;193;1158985574;3189.665;2894273.750;0.482;2897464.250
placaas11213.jpg;33;1271130;1157576397;205;1158847732;3177.825;2893941.250;0.512;2897119.500
placaas11215.jpg;32;1282501;1157660930;207;1158943638;3206.252;2894152.250;0.517;2897359.000
placaas11218.jpg;33;1279330;1157714095;195;1158993620;3198.325;2894285.250;0.488;2897484.250
placaas11229.jpg;31;1272780;1157670477;289;1158943546;3181.950;2894176.500;0.723;2897358.750
placaas11249.jpg;32;1273048;1157662743;229;1158936020;3182.620;2894156.750;0.572;2897340.250
placaas11260.jpg;32;1277970;1157778073;195;1159056238;3194.925;2894445.250;0.488;2897640.500
placaas11264.jpg;33;1275483;1157752912;207;1159028602;3188.708;2894382.500;0.517;2897571.500
placaas11265.jpg;32;1278894;1157786667;207;1159065768;3197.235;2894466.750;0.517;2897664.500
placaas11268.jpg;32;1281196;1157652539;207;1158933942;3202.990;2894131.250;0.517;2897334.500
placaas11271.jpg;32;1275600;1157755925;193;1159031718;3189.000;2894389.750;0.482;2897579.250
placaas11280.jpg;33;1269750;1157640527;209;1158910486;3174.375;2894101.250;0.522;2897276.250
placaas11299.jpg;33;1277726;1157504867;201;1158782794;3194.315;2893762.500;0.502;2896957.000
placaas11302.jpg;32;1282506;1157758271;207;1159040984;3206.265;2894395.500;0.517;2897602.750
placaas11304.jpg;33;1283206;1157439399;207;1158722812;3208.015;2893598.250;0.517;2896807.250
placaas11324.jpg;33;1280539;1157696504;205;1158977248;3201.347;2894241.250;0.512;2897443.250
placaas11328.jpg;33;1278249;1157636762;199;1158915210;3195.623;2894092.000;0.498;2897288.000
placaas11338.jpg;32;1278063;1157671170;197;1158949430;3195.157;2894177.750;0.493;2897373.500
placaas11342.jpg;32;1271900;1157619623;323;1158891846;3179.750;2894049.000;0.808;2897230.000
placaas11353.jpg;32;1280270;1157724714;228;1159005212;3200.675;2894311.750;0.570;2897513.000
placaas11366.jpg;33;1280304;1157667179;205;1158947688;3200.760;2894168.000;0.512;2897369.250
placaas11370.jpg;32;1280116;1157816911;195;1159097222;3200.290;2894542.500;0.488;2897743.000
placaas11390.jpg;32;1281356;1157768807;319;1159050482;3203.390;2894422.000;0.798;2897626.250
placaas11393.jpg;33;1280076;1157653603;205;1158933884;3200.190;2894134.250;0.512;2897334.500
placaas11395.jpg;33;1277204;1157777497;225;1159054926;3193.010;2894444.000;0.562;2897637.500
placaas11403.jpg;33;1277834;1157653511;287;1158931632;3194.585;2894133.750;0.717;2897329.000
placaas11410.jpg;32;1280464;1157670397;229;1158951090;3201.160;2894176.250;0.572;2897377.500
placaas11417.jpg;32;1278985;1157586852;209;1158866046;3197.462;2893967.000;0.522;2897165.250
placas1010.jpg;32;1282700;1157527211;207;1158810118;3206.750;2893817.750;0.517;2897025.250
placas1033.jpg;32;1279354;1157509411;207;1158788972;3198.385;2893773.500;0.517;2896972.500
placas1034.jpg;33;1271226;1157665393;229;1158936848;3178.065;2894163.500;0.572;2897342.000
placas1038.jpg;32;1268744;1157552997;195;1158821936;3171.860;2893882.500;0.488;2897054.750
placas1054.jpg;32;1268300;1157688833;209;1158957342;3170.750;2894222.000;0.522;2897393.250
placas1055.jpg;32;1279778;1157552079;205;1158832062;3199.445;2893880.250;0.512;2897080.000
placas1078.jpg;33;1278300;1157578257;205;1158856762;3195.750;2893945.500;0.512;2897141.750
placas1099.jpg;33;1271518;1157540139;205;1158811862;3178.795;2893850.250;0.512;2897029.500
placas1101.jpg;33;1280394;1157590387;275;1158871056;3200.985;2893976.250;0.687;2897177.500
placas1105.jpg;32;1281028;1157662691;207;1158943926;3202.570;2894156.750;0.517;2897359.750
placas1106.jpg;33;1264748;1157666877;277;1158931902;3161.870;2894167.000;0.692;2897329.500
placas1113.jpg;32;1278611;1157753214;209;1159032034;3196.528;2894383.250;0.522;2897580.250
placas1116.jpg;32;1281584;1157685629;209;1158967422;3203.960;2894214.000;0.522;2897418.500
placas1127.jpg;33;1280494;1157533529;193;1158814216;3201.235;2893833.750;0.482;2897035.750
placas1131.jpg;32;1280946;1157745253;321;1159026520;3202.365;2894363.250;0.803;2897566.500
placas1145.jpg;33;1270938;1157666737;209;1158937884;3177.345;2894166.750;0.522;2897344.750
placas1152.jpg;33;1280342;1157769163;215;1159049720;3200.855;2894423.000;0.538;2897624.250
placas1159.jpg;33;1281750;1157530681;209;1158812640;3204.375;2893826.500;0.522;2897031.500
placas1171.jpg;33;1269759;1157549598;249;1158819606;3174.397;2893873.750;0.623;2897049.000
placas1174.jpg;32;1280410;1157550947;207;1158831564;3201.025;2893877.500;0.517;2897079.000
placas1175.jpg;33;1279118;1157673891;207;1158953216;3197.795;2894184.500;0.517;2897383.000
placas1180.jpg;32;1280732;1157687773;229;1158968734;3201.830;2894219.500;0.572;2897421.750
placas1188.jpg;32;1275604;1157770133;193;1159045930;3189.010;2894425.500;0.482;2897614.750
placas1216.jpg;34;1281010;1157925379;207;1159206596;3202.525;2894813.250;0.517;2898016.750
placas1247.jpg;32;1282918;1157583423;207;1158866548;3207.295;2893958.250;0.517;2897166.500
placas1261.jpg;32;1276928;1157570473;205;1158847606;3192.320;2893926.250;0.512;2897119.250
placas1264.jpg;33;1276098;1157677131;193;1158953422;3190.245;2894193.000;0.482;2897383.500
placas1285.jpg;33;1278716;1157771447;205;1159050368;3196.790;2894428.500;0.512;2897625.750
placas1299.jpg;33;1273806;1157579949;209;1158853964;3184.515;2893949.750;0.522;2897135.000
placas1305.jpg;33;1266207;1157757570;415;1159024192;3165.518;2894394.000;1.038;2897560.500
placas1313.jpg;33;1280194;1157574707;191;1158855092;3200.485;2893936.500;0.477;2897137.750
placas1338.jpg;33;1280344;1157533921;205;1158814470;3200.860;2893835.000;0.512;2897036.250
placas1342.jpg;32;1279462;1157689879;227;1158969568;3198.655;2894224.750;0.567;2897423.750
placas1345.jpg;33;1232264;1157751367;197;1158983828;3080.660;2894378.500;0.493;2897459.500
placas1352.jpg;33;1280156;1157704507;231;1158984894;3200.390;2894261.000;0.577;2897462.000
placas1353.jpg;32;1274756;1157648809;231;1158923796;3186.890;2894121.750;0.577;2897309.500
placas1355.jpg;32;1273409;1157580726;201;1158854336;3183.523;2893951.750;0.502;2897136.000
placas1366.jpg;33;1255410;1157718401;205;1158974016;3138.525;2894296.000;0.512;2897435.000
placas1399.jpg;33;1279838;1157681127;207;1158961172;3199.595;2894203.000;0.517;2897402.750
placas1405.jpg;32;1280684;1157648279;207;1158929170;3201.710;2894120.750;0.517;2897322.750
placas1419.jpg;33;1280529;1157628898;209;1158909636;3201.323;2894072.500;0.522;2897274.250
placas1504.jpg;33;1266016;1157690221;197;1158956434;3165.040;2894225.500;0.493;2897391.000
placas1516.jpg;31;1280844;1157675655;195;1158956694;3202.110;2894189.250;0.488;2897391.750
placas1540.jpg;32;1278288;1157777965;207;1159056460;3195.720;2894445.000;0.517;2897641.250
placas1557.jpg;32;1278468;1157606127;207;1158884802;3196.170;2894015.500;0.517;2897212.250
placas1578.jpg;32;1279113;1157715353;197;1158994663;3197.782;2894288.250;0.493;2897486.500
placas1602.jpg;32;1269920;1157692006;226;1158962152;3174.800;2894230.250;0.565;2897405.500
placas1610.jpg;33;1237106;1157915433;197;1159152736;3092.765;2894788.500;0.493;2897882.000
placas1619.jpg;32;1280574;1157591891;197;1158872662;3201.435;2893979.750;0.493;2897181.500
placas1621.jpg;32;1276078;1157706431;195;1158982704;3190.195;2894266.000;0.488;2897456.750
placas1627.jpg;32;1274470;1157661079;191;1158935740;3186.175;2894152.750;0.477;2897339.250
placas1637.jpg;33;1281170;1157690385;193;1158971748;3202.925;2894225.750;0.482;2897429.500
placas1644.jpg;33;1283018;1157615365;193;1158898576;3207.545;2894038.500;0.482;2897246.250
placas1658.jpg;32;1281027;1157671194;211;1158952432;3202.567;2894177.750;0.527;2897381.250
placas1677.jpg;33;1266722;1157724301;207;1158991230;3166.805;2894310.750;0.517;2897478.250
placas1680.jpg;33;1279436;1157622751;195;1158902382;3198.590;2894057.000;0.488;2897256.000
placas1684.jpg;33;1265244;1157580443;227;1158845914;3163.110;2893951.000;0.567;2897114.750
placas1700.jpg;31;1281846;1157583581;225;1158865652;3204.615;2893959.000;0.562;2897164.250
placas1723.jpg;32;1280436;1157675077;305;1158955818;3201.090;2894187.750;0.762;2897389.250
placas1726.jpg;32;1280306;1157617461;205;1158897972;3200.765;2894043.500;0.512;2897244.750
placas1729.jpg;32;1279938;1157551711;195;1158831844;3199.845;2893879.500;0.488;2897079.500
Motospl10011.jpg;33;1280140;1157760857;227;1159041224;3200.350;2894402.250;0.567;2897603.000
Motospl10016.jpg;32;1278318;1157578361;207;1158856886;3195.795;2893946.000;0.517;2897142.000
Motospl10019.jpg;33;1279264;1157558421;195;1158837880;3198.160;2893896.000;0.488;2897094.750
Motospl10031.jpg;31;1280299;1157684442;231;1158964972;3200.748;2894211.250;0.577;2897412.500
Motospl10035.jpg;33;1281578;1157587089;1317;1158869984;3203.945;2893967.750;3.292;2897175.000
Motospl10037.jpg;33;1279884;1157688503;207;1158968594;3199.710;2894221.000;0.517;2897421.500
Motospl10039.jpg;32;1277858;1157629369;197;1158907424;3194.645;2894073.000;0.493;2897268.500
Motospl10041.jpg;33;1277018;1157465785;207;1158743010;3192.545;2893664.500;0.517;2896857.500
Motospl10054.jpg;32;1278248;1157636483;199;1158914930;3195.620;2894091.250;0.498;2897287.250
Motospl10059.jpg;32;1273170;1157540035;193;1158813398;3182.925;2893850.250;0.482;2897033.500
Motospl10075.jpg;32;1280146;1157662731;229;1158943106;3200.365;2894156.750;0.572;2897357.750
Motospl10080.jpg;32;1272884;1157654149;207;1158927240;3182.210;2894135.500;0.517;2897318.250
Motospl10082.jpg;33;1279744;1157617741;197;1158897682;3199.360;2894044.500;0.493;2897244.000
Motospl10084.jpg;32;1280134;1157674876;190;1158955200;3200.335;2894187.250;0.475;2897388.250
Motospl10091.jpg;32;1287698;1157696545;1321;1158985564;3219.245;2894241.250;3.302;2897464.250
Motospl10106.jpg;32;1280252;1157570045;291;1158850588;3200.630;2893925.250;0.728;2897126.250
Motospl10114.jpg;32;1281319;1157701412;205;1158982936;3203.297;2894253.250;0.512;2897457.500
Motospl10120.jpg;33;1279303;1157699008;291;1158978602;3198.257;2894247.500;0.728;2897446.250
Motospl10127.jpg;32;1281738;1157623891;207;1158905836;3204.345;2894059.750;0.517;2897264.500
Motospl10138.jpg;33;1277232;1157688501;203;1158965936;3193.080;2894221.000;0.507;2897414.750
Motospl10147.jpg;32;1279288;1157823731;207;1159103226;3198.220;2894559.250;0.517;2897758.000
Motospl10156.jpg;31;1279821;1157641798;195;1158921814;3199.552;2894104.750;0.488;2897304.750
Motospl10157.jpg;33;1278902;1157618217;205;1158897324;3197.255;2894045.500;0.512;2897243.250
Motospl10161.jpg;32;1277894;1157673493;207;1158951594;3194.735;2894183.750;0.517;2897379.000
Motospl10164.jpg;32;1281709;1157680516;205;1158962430;3204.273;2894201.250;0.512;2897406.000
Motospl10190.jpg;33;1277994;1157546891;205;1158825090;3194.985;2893867.000;0.512;2897062.750
Motospl10199.jpg;33;1276572;1157615237;275;1158892084;3191.430;2894038.250;0.687;2897230.000
Motospl10200.jpg;32;1281944;1157651901;211;1158934056;3204.860;2894129.500;0.527;2897335.000
Motospl10202.jpg;33;1276814;1157537237;209;1158814260;3192.035;2893843.250;0.522;2897035.750
Motospl10204.jpg;33;1282884;1157635993;305;1158919182;3207.210;2894090.000;0.762;2897298.000
Motospl10206.jpg;32;1281640;1157673863;227;1158955730;3204.100;2894184.500;0.567;2897389.250
Motospl10208.jpg;32;1279188;1157610285;195;1158889668;3197.970;2894025.500;0.488;2897224.250
Motospl10210.jpg;32;1279926;1157733377;197;1159013500;3199.815;2894333.500;0.493;2897534.000
Motospl10222.jpg;33;1267576;1157635651;229;1158903456;3168.940;2894089.250;0.572;2897258.500
Motospl10224.jpg;32;1268470;1157533061;303;1158801834;3171.175;2893832.500;0.757;2897004.500
Motospl10233.jpg;33;1277462;1157585163;195;1158862820;3193.655;2893962.750;0.488;2897157.000
Motospl10235.jpg;32;1282456;1157617741;207;1158900404;3206.140;2894044.500;0.517;2897250.750
Motospl10239.jpg;32;1275912;1157621999;275;1158898186;3189.780;2894055.000;0.687;2897245.250
Motospl10240.jpg;32;1279657;1157599264;209;1158879130;3199.143;2893998.000;0.522;2897197.750
Motospl10266.jpg;32;1279903;1157693974;193;1158974070;3199.758;2894234.750;0.482;2897435.250
Motospl10272.jpg;33;1280698;1157619855;225;1158900778;3201.745;2894049.750;0.562;2897251.750
Motospl10273.jpg;32;1276530;1157659939;209;1158936678;3191.325;2894149.500;0.522;2897341.750
Motospl10297.jpg;33;1280078;1157725501;205;1159005784;3200.195;2894313.750;0.512;2897514.500
Motospl10313.jpg;32;1281433;1157507592;273;1158789298;3203.583;2893769.000;0.683;2896973.250
Motospl10337.jpg;33;1274506;1157565925;207;1158840638;3186.265;2893914.750;0.517;2897101.500
Motospl10367.jpg;33;1273738;1157510563;207;1158784508;3184.345;2893776.250;0.517;2896961.250
Motospl10371.jpg;33;1279906;1157625711;207;1158905824;3199.765;2894064.500;0.517;2897264.500
Motospl10372.jpg;32;1274092;1157562085;195;1158836372;3185.230;2893905.250;0.488;2897091.000
Motospl10375.jpg;33;1278342;1157610399;215;1158888956;3195.855;2894025.750;0.538;2897222.500
Motospl10377.jpg;32;1280012;1157619423;197;1158899632;3200.030;2894048.500;0.493;2897249.000
Motospl10387.jpg;32;1280726;1157588409;209;1158869344;3201.815;2893970.750;0.522;2897173.500
Motospl10396.jpg;32;1279356;1157561681;207;1158841244;3198.390;2893904.250;0.517;2897103.000
Motospl10406.jpg;33;1280350;1157585807;195;1158866352;3200.875;2893964.500;0.488;2897165.750
Motospl10409.jpg;32;1279864;1157585137;207;1158865208;3199.660;2893962.750;0.517;2897162.750
Motospl10416.jpg;33;1278446;1157752203;207;1159030856;3196.115;2894380.500;0.517;2897577.250
Motospl10418.jpg;33;1273550;1157522885;207;1158796642;3183.875;2893807.250;0.517;2896991.750
Motospl10421.jpg;32;1278892;1157681391;207;1158960490;3197.230;2894203.750;0.517;2897401.500
Motospl10422.jpg;32;1290932;1157673019;207;1158964158;3227.330;2894182.500;0.517;2897410.000
Motospl10427.jpg;31;1277302;1157527265;207;1158804774;3193.255;2893818.000;0.517;2897011.750
Motospl10428.jpg;32;1280862;1157625797;301;1158906960;3202.155;2894064.750;0.752;2897267.500
Motospl10438.jpg;32;1273038;1157590561;205;1158863804;3182.595;2893976.500;0.512;2897159.500
Motospl10441.jpg;33;1269309;1157596740;205;1158866254;3173.272;2893992.000;0.512;2897165.750
Motospl10444.jpg;32;1267405;1157606000;195;1158873600;3168.513;2894015.000;0.488;2897184.000
Motospl10451.jpg;33;1278490;1157713151;207;1158991848;3196.225;2894282.750;0.517;2897479.500
Motospl10461.jpg;34;1279808;1157570173;209;1158850190;3199.520;2893925.500;0.522;2897125.500
Motospl10469.jpg;33;1277620;1157702848;198;1158980666;3194.050;2894257.250;0.495;2897451.500
Motospl10476.jpg;32;1282258;1157580713;207;1158863178;3205.645;2893951.750;0.517;2897158.000
Motospl10484.jpg;33;1279252;1157748827;197;1159028276;3198.130;2894372.000;0.493;2897570.500
Motospl10492.jpg;33;1281066;1157663943;199;1158945208;3202.665;2894160.000;0.498;2897362.750
Motospl10501.jpg;32;1281897;1157617570;207;1158899674;3204.742;2894044.000;0.517;2897249.500
Motospl10516.jpg;33;1281752;1157621899;199;1158903850;3204.380;2894054.750;0.498;2897259.500
Motospl10519.jpg;32;1281915;1157628728;201;1158910844;3204.787;2894071.750;0.502;2897277.250
Motospl10520.jpg;31;1280599;1157565780;321;1158846700;3201.498;2893914.500;0.803;2897116.750
Motospl10538.jpg;32;1272910;1157572385;205;1158845500;3182.275;2893930.750;0.512;2897113.500
Motospl10542.jpg;33;1280062;1157655335;217;1158935614;3200.155;2894138.250;0.543;2897339.000
Motospl10544.jpg;33;1279333;1157603586;303;1158883222;3198.333;2894009.000;0.757;2897208.000
Motospl10552.jpg;32;1276686;1157695933;197;1158972816;3191.715;2894239.500;0.493;2897432.000
Motospl10556.jpg;33;1280764;1157562467;195;1158843426;3201.910;2893906.250;0.488;2897108.500
Motospl10563.jpg;33;1283436;1157567209;195;1158850840;3208.590;2893918.000;0.488;2897127.000
Motospl10565.jpg;32;1276910;1157674245;205;1158951360;3192.275;2894185.500;0.512;2897378.500
Motospl10570.jpg;32;1273308;1157636615;207;1158910130;3183.270;2894091.500;0.517;2897275.250
Motospl10576.jpg;33;1280610;1157593919;203;1158874732;3201.525;2893984.500;0.507;2897187.000
Motospl10577.jpg;32;1277234;1157714121;205;1158991560;3193.085;2894285.500;0.512;2897479.000
Motospl10582.jpg;32;1281183;1157512032;209;1158793424;3202.958;2893780.250;0.522;2896983.750
Motospl10589.jpg;33;1281894;1157501723;215;1158783832;3204.735;2893754.250;0.538;2896959.750
Motospl10602.jpg;32;1269700;1157549869;207;1158819776;3174.250;2893874.500;0.517;2897049.750
Motospl10605.jpg;32;1279555;1157582198;207;1158861960;3198.887;2893955.750;0.517;2897154.750
Motospl10623.jpg;32;1274062;1157495271;209;1158769542;3185.155;2893738.250;0.522;2896924.000
Motospl10626.jpg;32;1278762;1157657947;273;1158936982;3196.905;2894145.000;0.683;2897342.250
Motospl10628.jpg;33;1280315;1157698552;201;1158979068;3200.787;2894246.250;0.502;2897447.750
Motospl10630.jpg;33;1279668;1157601853;321;1158881842;3199.170;2894004.250;0.803;2897204.500
Motospl10635.jpg;33;1280472;1157582053;225;1158862750;3201.180;2893955.250;0.562;2897156.750
Motospl10645.jpg;33;1280004;1157667565;209;1158947778;3200.010;2894169.000;0.522;2897369.500
Motospl10671.jpg;33;1274842;1157595569;181;1158870592;3187.105;2893989.000;0.452;2897176.250
Motospl10674.jpg;33;1279936;1157564167;225;1158844328;3199.840;2893910.500;0.562;2897110.750
Motospl10679.jpg;32;1277622;1157539921;201;1158817744;3194.055;2893850.000;0.502;2897044.250
Motospl10690.jpg;32;1279512;1157636002;244;1158915758;3198.780;2894090.000;0.610;2897289.250
Motospl10692.jpg;33;1278663;1157581700;201;1158860564;3196.657;2893954.250;0.502;2897151.500
Motospl10698.jpg;32;1276376;1157669115;195;1158945686;3190.940;2894172.750;0.488;2897364.250
Motospl10707.jpg;33;1281460;1157660987;209;1158942656;3203.650;2894152.250;0.522;2897356.750
Motospl10713.jpg;32;1280957;1157317740;201;1158598898;3202.392;2893294.250;0.502;2896497.500
Motospl10715.jpg;33;1279954;1157815613;205;1159095772;3199.885;2894538.750;0.512;2897739.500
Motospl10719.jpg;33;1281830;1157602713;209;1158884752;3204.575;2894006.750;0.522;2897211.750
Motospl10721.jpg;32;1276434;1157636215;195;1158912844;3191.085;2894090.500;0.488;2897282.250
Motospl10729.jpg;32;1278954;1157572723;195;1158851872;3197.385;2893931.750;0.488;2897129.500
Motospl10733.jpg;32;1278538;1157540428;206;1158819172;3196.345;2893851.250;0.515;2897048.000
Motospl10735.jpg;33;1275100;1157681523;201;1158956824;3187.750;2894204.000;0.502;2897392.000
Motospl10739.jpg;32;1279310;1157628409;197;1158907916;3198.275;2894071.000;0.493;2897269.750
Motospl10748.jpg;32;1282210;1157532255;193;1158814658;3205.525;2893830.750;0.482;2897036.750
Motospl10751.jpg;33;1277180;1157654929;205;1158932314;3192.950;2894137.250;0.512;2897331.000
Motospl10762.jpg;33;1281216;1157514567;231;1158796014;3203.040;2893786.500;0.577;2896990.000
Motospl10766.jpg;34;1281077;1157697218;197;1158978492;3202.693;2894243.250;0.493;2897446.000
Motospl10774.jpg;32;1278034;1157652123;207;1158930364;3195.085;2894130.250;0.517;2897326.000
Motospl10795.jpg;32;1278334;1157550481;205;1158829020;3195.835;2893876.250;0.512;2897072.500
Motospl10797.jpg;33;1278308;1157731227;247;1159009782;3195.770;2894328.250;0.618;2897524.500
Motospl10803.jpg;33;1270962;1157607663;209;1158878834;3177.405;2894019.000;0.522;2897197.000
Motospl10806.jpg;32;1279250;1157621535;207;1158900992;3198.125;2894053.750;0.517;2897252.500
Motospl10815.jpg;33;1279666;1157739951;207;1159019824;3199.165;2894349.500;0.517;2897549.250
Motospl10823.jpg;33;1279546;1157516529;209;1158796284;3198.865;2893791.250;0.522;2896990.750
Motospl10841.jpg;32;1274186;1157534581;229;1158808996;3185.465;2893836.500;0.572;2897022.500
Motospl10843.jpg;32;1278522;1157686651;199;1158965372;3196.305;2894216.750;0.498;2897413.500
Motospl10844.jpg;33;1273809;1157680480;195;1158954484;3184.522;2894201.250;0.488;2897386.250
Motospl10846.jpg;32;1280006;1157716881;209;1158997096;3200.015;2894292.250;0.522;2897492.750
Motospl10848.jpg;33;1278656;1157646047;195;1158924898;3196.640;2894115.000;0.488;2897312.500
Motospl10850.jpg;33;1267445;1157620498;195;1158888138;3168.613;2894051.250;0.488;2897220.500
Motospl10854.jpg;32;1281182;1157516521;207;1158797910;3202.955;2893791.250;0.517;2896995.000
Motospl10870.jpg;33;1281015;1157437058;231;1158718304;3202.538;2893592.500;0.577;2896795.750
Motospl10875.jpg;32;1281018;1157579483;207;1158860708;3202.545;2893949.000;0.517;2897151.750
Motospl10879.jpg;33;1276520;1157499809;207;1158776536;3191.300;2893749.250;0.517;2896941.250
Motospl10886.jpg;32;1282550;1157723647;211;1159006408;3206.375;2894309.000;0.527;2897516.250
Motospl10894.jpg;33;1278454;1157592467;207;1158871128;3196.135;2893981.250;0.517;2897178.000
Motospl10906.jpg;33;1273634;1157641433;207;1158915274;3184.085;2894103.750;0.517;2897288.250
Motospl10922.jpg;32;1276296;1157596769;229;1158873294;3190.740;2893992.000;0.572;2897183.250
Motospl10935.jpg;33;1276858;1157549573;197;1158826628;3192.145;2893873.750;0.493;2897066.500
Motospl10939.jpg;33;1272841;1157587968;271;1158861080;3182.103;2893969.750;0.678;2897152.750
Motospl10944.jpg;33;1279912;1157569349;215;1158849476;3199.780;2893923.500;0.538;2897124.000
Motospl10946.jpg;33;1279905;1157526756;197;1158806858;3199.762;2893817.000;0.493;2897017.250
Motospl10948.jpg;33;1291382;1157536769;211;1158828362;3228.455;2893842.000;0.527;2897071.250
Motospl10952.jpg;32;1277542;1157611135;205;1158888882;3193.855;2894027.750;0.512;2897222.250
Motospl10956.jpg;32;1276816;1157670975;209;1158948000;3192.040;2894177.250;0.522;2897369.750
Motospl10964.jpg;32;1281282;1157657091;235;1158938608;3203.205;2894142.500;0.587;2897346.750
Motospl10966.jpg;32;1277904;1157600051;195;1158878150;3194.760;2894000.000;0.488;2897195.250
Motospl10977.jpg;32;1280792;1157527161;207;1158808160;3201.980;2893817.750;0.517;2897020.500
Motospl10993.jpg;32;1278306;1157606735;195;1158885236;3195.765;2894017.000;0.488;2897213.250
Motospl11006.jpg;33;1278056;1157749335;313;1159027704;3195.140;2894373.500;0.783;2897569.250
Motospl11017.jpg;32;1280370;1157522993;229;1158803592;3200.925;2893807.250;0.572;2897008.750
Motospl11023.jpg;32;1281073;1157487458;201;1158768732;3202.682;2893718.750;0.502;2896922.000
Motospl11054.jpg;33;1279821;1157489002;319;1158769142;3199.552;2893722.500;0.798;2896923.000
Motospl11056.jpg;33;1276050;1157756419;195;1159032664;3190.125;2894391.000;0.488;2897582.000
Motospl11067.jpg;33;1273062;1157662305;191;1158935558;3182.655;2894156.000;0.477;2897339.000
Motospl11068.jpg;32;1269401;1157544474;231;1158814106;3173.502;2893861.000;0.577;2897035.250
Motospl11070.jpg;32;1268364;1157618321;209;1158886894;3170.910;2894045.500;0.522;2897217.250
Motospl11082.jpg;32;1281061;1157694696;277;1158976034;3202.653;2894236.750;0.692;2897440.000
Motospl11083.jpg;33;1282184;1157536699;195;1158819078;3205.460;2893841.500;0.488;2897047.750
Motospl11095.jpg;32;1276046;1157619868;192;1158896106;3190.115;2894049.750;0.480;2897240.250
Motospl11098.jpg;32;1274602;1157453463;197;1158728262;3186.505;2893633.500;0.493;2896821.000
Motospl11103.jpg;32;1278876;1157596391;231;1158875498;3197.190;2893991.000;0.577;2897188.750
Motospl11105.jpg;33;1271155;1157602550;207;1158873912;3177.887;2894006.250;0.517;2897184.500
Motospl11114.jpg;32;1280202;1157582569;197;1158862968;3200.505;2893956.250;0.493;2897157.500
Motospl11119.jpg;33;1280818;1157540315;207;1158821340;3202.045;2893851.000;0.517;2897053.500
Motospl11136.jpg;32;1280692;1157524971;195;1158805858;3201.730;2893812.500;0.488;2897014.750
Motospl11138.jpg;32;1271304;1157553457;207;1158824968;3178.260;2893883.500;0.517;2897062.500
Motospl11140.jpg;32;1279840;1157653381;195;1158933416;3199.600;2894133.500;0.488;2897333.500
Motospl11141.jpg;32;1272634;1157678357;209;1158951200;3181.585;2894196.000;0.522;2897378.000
Motospl11143.jpg;33;1278602;1157616125;201;1158894928;3196.505;2894040.250;0.502;2897237.250
Motospl11151.jpg;32;1280634;1157593603;203;1158874440;3201.585;2893983.750;0.507;2897186.250
Motospl11158.jpg;33;1281134;1157562715;195;1158844044;3202.835;2893907.000;0.488;2897110.250
Motospl11160.jpg;34;1279296;1157754503;195;1159033994;3198.240;2894386.250;0.488;2897585.000
Motospl11165.jpg;32;1282808;1157725295;209;1159008312;3207.020;2894313.250;0.522;2897520.500
Motospl11166.jpg;33;1276526;1157525165;193;1158801884;3191.315;2893812.750;0.482;2897004.750
Motospl11171.jpg;32;1279459;1157574034;195;1158853688;3198.647;2893935.250;0.488;2897134.000
Motospl11173.jpg;31;1279189;1157559173;209;1158838571;3197.973;2893898.000;0.522;2897096.250
Motospl11188.jpg;33;1279418;1157464025;209;1158743652;3198.545;2893660.000;0.522;2896859.250
Motospl11197.jpg;33;1278618;1157742675;207;1159021500;3196.545;2894356.750;0.517;2897553.750
Motospl11207.jpg;32;1279268;1157490543;179;1158769990;3198.170;2893726.500;0.447;2896925.250
Motospl11211.jpg;33;1283386;1157503067;197;1158786650;3208.465;2893757.750;0.493;2896966.750
Motospl11232.jpg;34;1280002;1157617715;195;1158897912;3200.005;2894044.250;0.488;2897244.750
Motospl11233.jpg;32;1280236;1157614143;209;1158894588;3200.590;2894035.250;0.522;2897236.750
Motospl11245.jpg;33;1280783;1157616038;195;1158897016;3201.958;2894040.000;0.488;2897242.750
Motospl11246.jpg;32;1281954;1157496237;193;1158778384;3204.885;2893740.500;0.482;2896946.000
Motospl11251.jpg;32;1279126;1157644619;207;1158923952;3197.815;2894111.750;0.517;2897309.750
Motospl11252.jpg;32;1278774;1157579493;197;1158858464;3196.935;2893949.000;0.493;2897146.250
Motospl11254.jpg;32;1276260;1157508557;195;1158785012;3190.650;2893771.500;0.488;2896962.500
Motospl11263.jpg;33;1267676;1157643215;225;1158911116;3169.190;2894108.000;0.562;2897278.000
Motospl11264.jpg;33;1278792;1157564643;207;1158843642;3196.980;2893911.750;0.517;2897109.000
Motospl11265.jpg;32;1279638;1157678887;201;1158958726;3199.095;2894197.250;0.502;2897396.750
Motospl11271.jpg;33;1281536;1157746983;197;1159028716;3203.840;2894367.500;0.493;2897571.750
Motospl11272.jpg;32;1279228;1157661787;213;1158941228;3198.070;2894154.750;0.533;2897353.000
Motospl11275.jpg;31;1276634;1157585273;207;1158862114;3191.585;2893963.000;0.517;2897155.000
Motospl11279.jpg;33;1278154;1157655393;201;1158933748;3195.385;2894138.500;0.502;2897334.250
Motospl11283.jpg;32;1267224;1157571041;205;1158838470;3168.060;2893927.750;0.512;2897096.250
Motospl11294.jpg;32;1267632;1157661633;205;1158929470;3169.080;2894154.250;0.512;2897323.500
Motospl11296.jpg;33;1280208;1157657351;195;1158937754;3200.520;2894143.250;0.488;2897344.250
Motospl11300.jpg;31;1279762;1157600675;195;1158880632;3199.405;2894001.750;0.488;2897201.750
Motospl11317.jpg;32;1273726;1157533017;209;1158806952;3184.315;2893832.500;0.522;2897017.250
Motospl11318.jpg;32;1276252;1157579305;207;1158855764;3190.630;2893948.250;0.517;2897139.750
Motospl11322.jpg;33;1279984;1157664891;195;1158945070;3199.960;2894162.250;0.488;2897362.500
Motospl11324.jpg;32;1278572;1157381627;207;1158660406;3196.430;2893454.000;0.517;2896650.750
Motospl11327.jpg;32;1280262;1157644073;197;1158924532;3200.655;2894110.000;0.493;2897311.500
Motospl11339.jpg;31;1272344;1157592163;207;1158864714;3180.860;2893980.500;0.517;2897161.750
Motospl11354.jpg;33;1279346;1157607867;273;1158887486;3198.365;2894019.500;0.683;2897218.500
Motospl11359.jpg;33;1278877;1157673960;193;1158953030;3197.192;2894184.750;0.482;2897382.500
Motospl11364.jpg;32;1279498;1157587327;195;1158867020;3198.745;2893968.500;0.488;2897167.750
Motospl11376.jpg;32;1282636;1157626101;197;1158908934;3206.590;2894065.500;0.493;2897272.250
Motospl11391.jpg;32;1280266;1157647701;207;1158928174;3200.665;2894119.500;0.517;2897320.250
Motospl11399.jpg;32;1280592;1157652223;195;1158933010;3201.480;2894130.500;0.488;2897332.500
Motospl11402.jpg;32;1279154;1157640751;195;1158920100;3197.885;2894101.750;0.488;2897300.000
Motospl11407.jpg;32;1271443;1157540404;209;1158812056;3178.607;2893851.000;0.522;2897030.000
Motospl11419.jpg;32;1278068;1157604781;275;1158883124;3195.170;2894011.750;0.687;2897207.750
Motospl11422.jpg;32;1278782;1157474517;193;1158753492;3196.955;2893686.250;0.482;2896884.000
Motospl11428.jpg;31;1280408;1157482987;195;1158763590;3201.020;2893707.250;0.488;2896909.250
Motospl11449.jpg;32;1273620;1157523571;195;1158797386;3184.050;2893809.000;0.488;2896993.750
Motospl11451.jpg;32;1280306;1157507031;207;1158787544;3200.765;2893767.750;0.517;2896968.750
Motospl11454.jpg;32;1279484;1157618753;209;1158898446;3198.710;2894047.000;0.522;2897246.000
Motospl11456.jpg;33;1280455;1157478342;207;1158759004;3201.137;2893696.000;0.517;2896897.750
Motospl11476.jpg;32;1279790;1157508325;207;1158788322;3199.475;2893770.750;0.517;2896971.000
Motospl11480.jpg;32;1270298;1157584573;195;1158855066;3175.745;2893961.500;0.488;2897137.750
Motospl11503.jpg;32;1281060;1157614469;207;1158895736;3202.650;2894036.250;0.517;2897239.250
Motospl11513.jpg;32;1280530;1157590075;207;1158870812;3201.325;2893975.250;0.517;2897177.000
Motospl11515.jpg;33;1278840;1157751839;205;1159030884;3197.100;2894379.500;0.512;2897577.250
Motospl11519.jpg;32;1282299;1157636230;207;1158918736;3205.748;2894090.500;0.517;2897297.000
Motospl11522.jpg;32;1277248;1157643385;209;1158920842;3193.120;2894108.250;0.522;2897302.000
Motospl11526.jpg;33;1270580;1157551215;195;1158821990;3176.450;2893878.250;0.488;2897055.000
Motospl11527.jpg;34;1279478;1157550257;221;1158829956;3198.695;2893875.500;0.553;2897075.000
Motospl11552.jpg;33;1270362;1157655625;195;1158926182;3175.905;2894139.250;0.488;2897315.500
Motospl11559.jpg;33;1282492;1157546611;243;1158829346;3206.230;2893866.500;0.608;2897073.250
Motospl11573.jpg;32;1278062;1157546725;233;1158825020;3195.155;2893866.750;0.582;2897062.500
Motospl11577.jpg;32;1278892;1157582851;231;1158861974;3197.230;2893957.000;0.577;2897154.750
Motospl11580.jpg;33;1281079;1157539298;211;1158820588;3202.698;2893848.250;0.527;2897051.500
Motospl11582.jpg;32;1282896;1157604166;224;1158887286;3207.240;2894010.750;0.560;2897218.250
Motospl11585.jpg;33;1280365;1157671248;197;1158951810;3200.913;2894178.250;0.493;2897379.500
Motospl11586.jpg;32;1279856;1157559977;205;1158840038;3199.640;2893900.000;0.512;2897100.000
Motospl11590.jpg;32;1279705;1157452600;197;1158732502;3199.262;2893631.250;0.493;2896831.250
Motospl11597.jpg;33;1280114;1157785717;205;1159066036;3200.285;2894464.250;0.512;2897665.000
Motospl11612.jpg;32;1280506;1157507887;295;1158788688;3201.265;2893769.500;0.738;2896972.000
Motospl11618.jpg;33;1278818;1157584601;195;1158863614;3197.045;2893961.750;0.488;2897159.000
Motospl11623.jpg;33;1280477;1157683988;205;1158964670;3201.192;2894210.000;0.512;2897411.500
Motospl11625.jpg;33;1271252;1157730275;227;1159001754;3178.130;2894325.750;0.567;2897504.500
Motospl11626.jpg;32;1280866;1157670567;211;1158951644;3202.165;2894176.500;0.527;2897379.250
Motospl11635.jpg;32;1275760;1157700459;247;1158976466;3189.400;2894251.250;0.618;2897441.250
Motospl11639.jpg;32;1279152;1157628447;189;1158907788;3197.880;2894071.000;0.472;2897269.500
Motospl11646.jpg;33;1278268;1157792807;211;1159071286;3195.670;2894481.750;0.527;2897678.250
Motospl11678.jpg;33;1282388;1157597159;231;1158879778;3205.970;2893993.000;0.577;2897199.500
Motospl11682.jpg;34;1279280;1157554065;201;1158833546;3198.200;2893885.250;0.502;2897084.000
Motospl11683.jpg;32;1273444;1157633407;203;1158907054;3183.610;2894083.500;0.507;2897267.500
Motospl11698.jpg;33;1280999;1157719300;195;1159000494;3202.498;2894298.250;0.488;2897501.000
Motospl11700.jpg;32;1279126;1157633141;209;1158912476;3197.815;2894082.750;0.522;2897281.250
Motospl11704.jpg;33;1279374;1157598347;207;1158877928;3198.435;2893996.000;0.517;2897195.000
Motospl11710.jpg;32;1281631;1157588878;195;1158870704;3204.078;2893972.000;0.488;2897176.500
Motospl11712.jpg;33;1279692;1157463759;207;1158743658;3199.230;2893659.500;0.517;2896859.250
Motospl11715.jpg;32;1279236;1157523505;195;1158802936;3198.090;2893808.750;0.488;2897007.500
Motospl11717.jpg;33;1274581;1157441788;217;1158716586;3186.452;2893604.250;0.543;2896791.250
Motospl11728.jpg;32;1280080;1157533957;195;1158814232;3200.200;2893835.000;0.488;2897035.750
Motospl11737.jpg;32;1278972;1157706721;209;1158985902;3197.430;2894266.750;0.522;2897464.750
Motospl11738.jpg;32;1280217;1157686336;205;1158966758;3200.543;2894215.750;0.512;2897416.750
Motospl11739.jpg;33;1269570;1157630323;197;1158900090;3173.925;2894075.750;0.493;2897250.500
Motospl11744.jpg;32;1270270;1157498319;195;1158768784;3175.675;2893746.000;0.488;2896922.000
Motospl11753.jpg;32;1280008;1157572411;195;1158852614;3200.020;2893930.750;0.488;2897131.500
Motospl11760.jpg;32;1280536;1157553575;227;1158834338;3201.340;2893883.750;0.567;2897085.750
Motospl11770.jpg;34;1282600;1157686057;205;1158968862;3206.500;2894215.000;0.512;2897422.250
Motospl11777.jpg;32;1282988;1157563891;207;1158847086;3207.470;2893909.750;0.517;2897117.750
Motospl11778.jpg;33;1278868;1157534537;207;1158813612;3197.170;2893836.500;0.517;2897034.000
Motospl11785.jpg;33;1292962;1157702313;209;1158995484;3232.405;2894255.750;0.522;2897488.500
Motospl11786.jpg;33;1280796;1157713485;209;1158994490;3201.990;2894283.750;0.522;2897486.000
Motospl11790.jpg;33;1281858;1157714305;277;1158996440;3204.645;2894285.750;0.692;2897491.250
Motospl11798.jpg;33;1280157;1157704736;209;1158985102;3200.393;2894261.750;0.522;2897462.750
Motospl11807.jpg;32;1275196;1157628561;217;1158903974;3187.990;2894071.500;0.543;2897259.750
Motospl11820.jpg;32;1279054;1157546363;209;1158825626;3197.635;2893866.000;0.522;2897064.250
Motospl11821.jpg;32;1278032;1157683777;193;1158962002;3195.080;2894209.750;0.482;2897405.000
Motospl11839.jpg;32;1280432;1157596701;205;1158877338;3201.080;2893991.500;0.512;2897193.250
Motospl11855.jpg;34;1281204;1157591923;215;1158873342;3203.010;2893979.750;0.538;2897183.250
Motospl11875.jpg;33;1267806;1157745585;207;1159013598;3169.515;2894363.750;0.517;2897534.000
Motospl11881.jpg;32;1279740;1157563627;195;1158843562;3199.350;2893909.000;0.488;2897108.750
Motospl11886.jpg;32;1278988;1157539399;227;1158818614;3197.470;2893848.750;0.567;2897046.250
Motospl11895.jpg;32;1276236;1157685197;197;1158961630;3190.590;2894213.000;0.493;2897404.000
Motospl11920.jpg;32;1292240;1157547561;193;1158839994;3230.600;2893868.750;0.482;2897099.750
Motospl11936.jpg;32;1280562;1157756263;277;1159037102;3201.405;2894391.000;0.692;2897592.750
Motospl11938.jpg;32;1279114;1157669725;207;1158949046;3197.785;2894174.500;0.517;2897372.500
Motospl11939.jpg;33;1277872;1157624601;209;1158902682;3194.680;2894061.250;0.522;2897256.750
Motospl11943.jpg;33;1270844;1157628973;197;1158900014;3177.110;2894072.500;0.493;2897250.000
Motospl11949.jpg;32;1281070;1157610999;207;1158892276;3202.675;2894027.500;0.517;2897230.500
Motospl11969.jpg;33;1276024;1157469241;197;1158745462;3190.060;2893672.750;0.493;2896863.750
Motospl11971.jpg;32;1278916;1157570278;192;1158849386;3197.290;2893925.750;0.480;2897123.500
Motospl11981.jpg;32;1279964;1157490177;207;1158770348;3199.910;2893725.500;0.517;2896926.000
Motospl11998.jpg;32;1281547;1157601838;207;1158883592;3203.868;2894004.250;0.517;2897209.000
Motospl11999.jpg;32;1272635;1157681624;229;1158954488;3181.588;2894204.250;0.572;2897386.250
Motospl12005.jpg;32;1281974;1157626187;193;1158908354;3204.935;2894065.750;0.482;2897271.250
Motospl12008.jpg;33;1280700;1157702941;193;1158983834;3201.750;2894257.250;0.482;2897459.500
Motospl12012.jpg;32;1278476;1157559603;277;1158838356;3196.190;2893899.000;0.692;2897096.000
Motospl12014.jpg;33;1279578;1157645017;217;1158924812;3198.945;2894112.750;0.543;2897312.000
Motospl12017.jpg;32;1275922;1157586204;190;1158862316;3189.805;2893965.500;0.475;2897155.750
Motospl12019.jpg;33;1275240;1157535469;195;1158810904;3188.100;2893838.500;0.488;2897027.250
Motospl12027.jpg;32;1280302;1157554183;207;1158834692;3200.755;2893885.500;0.517;2897086.750
Motospl12030.jpg;32;1292756;1157646231;207;1158939194;3231.890;2894115.500;0.517;2897347.750
Motospl12040.jpg;32;1281367;1157618888;205;1158900460;3203.417;2894047.250;0.512;2897251.000
Motospl12045.jpg;32;1276636;1157662111;207;1158938954;3191.590;2894155.250;0.517;2897347.250
Motospl12056.jpg;32;1279262;1157534451;203;1158813916;3198.155;2893836.250;0.507;2897035.000
Motospl12060.jpg;32;1264180;1157602209;189;1158866578;3160.450;2894005.250;0.472;2897166.500
Motospl12069.jpg;33;1278290;1157712847;207;1158991344;3195.725;2894282.250;0.517;2897478.500
Motospl12074.jpg;32;1277652;1157454055;207;1158731914;3194.130;2893635.250;0.517;2896829.500
Motospl12077.jpg;31;1278490;1157494441;209;1158773140;3196.225;2893736.000;0.522;2896933.000
Motospl12079.jpg;32;1278722;1157703437;205;1158982364;3196.805;2894258.750;0.512;2897456.000
Motospl12086.jpg;33;1279394;1157514445;205;1158794044;3198.485;2893786.250;0.512;2896985.000
Motospl12096.jpg;33;1279648;1157542271;227;1158822146;3199.120;2893855.750;0.567;2897055.500
Motospl12108.jpg;32;1278648;1157632151;195;1158910994;3196.620;2894080.250;0.488;2897277.500
Motospl12113.jpg;32;1279368;1157635929;257;1158915554;3198.420;2894090.000;0.642;2897289.000
Motospl12114.jpg;33;1280521;1157599442;231;1158880194;3201.302;2893998.500;0.577;2897200.750
Motospl12125.jpg;31;1281683;1157500420;197;1158782300;3204.208;2893751.000;0.493;2896955.750
Motospl12137.jpg;32;1272171;1157597642;199;1158870012;3180.427;2893994.250;0.498;2897175.000
Motospl12142.jpg;32;1281301;1157679838;205;1158961344;3203.252;2894199.500;0.512;2897403.500
Motospl12144.jpg;33;1270066;1157606625;245;1158876936;3175.165;2894016.750;0.613;2897192.250
Motospl12151.jpg;32;1278982;1157534387;207;1158813576;3197.455;2893836.000;0.517;2897034.000
Motospl12153.jpg;33;1280704;1157633797;205;1158914706;3201.760;2894084.500;0.512;2897286.500
Motospl12172.jpg;34;1279195;1157627014;227;1158906436;3197.987;2894067.500;0.567;2897266.250
Motospl12179.jpg;33;1276070;1157606281;205;1158882556;3190.175;2894015.750;0.512;2897206.500
Motospl12187.jpg;32;1279517;1157747118;207;1159026842;3198.792;2894367.750;0.517;2897567.250
Motospl12193.jpg;32;1275690;1157632395;209;1158908294;3189.225;2894080.750;0.522;2897270.750
Motospl12196.jpg;32;1280416;1157721355;195;1159001966;3201.040;2894303.250;0.488;2897505.000
Motospl12210.jpg;32;1275618;1157558983;207;1158834808;3189.045;2893897.750;0.517;2897087.000
Motospl12211.jpg;33;1279770;1157513487;207;1158793464;3199.425;2893783.500;0.517;2896983.750
Motospl12221.jpg;32;1279958;1157648071;209;1158928238;3199.895;2894120.500;0.522;2897320.500
Motospl12225.jpg;33;1282106;1157517523;215;1158799844;3205.265;2893794.000;0.538;2896999.750
Motospl12226.jpg;32;1279762;1157740511;295;1159020568;3199.405;2894351.250;0.738;2897551.250
Motospl12250.jpg;33;1280970;1157601999;195;1158883164;3202.425;2894005.000;0.488;2897208.000
Motospl12255.jpg;32;1280736;1157543091;303;1158824130;3201.840;2893857.750;0.757;2897060.500
Motospl12266.jpg;32;1280733;1157589596;195;1158870524;3201.832;2893974.250;0.488;2897176.250
Motospl12269.jpg;33;1281054;1157569795;203;1158851052;3202.635;2893924.500;0.507;2897127.500
Motospl12270.jpg;32;1276898;1157607433;195;1158884526;3192.245;2894018.500;0.488;2897211.250
Motospl12274.jpg;33;1281147;1157534790;209;1158816146;3202.867;2893837.250;0.522;2897040.250
Motospl12323.jpg;32;1277604;1157657275;207;1158935086;3194.010;2894143.000;0.517;2897337.750
Motospl12327.jpg;32;1281184;1157649905;193;1158931282;3202.960;2894124.750;0.482;2897328.250
Motospl12341.jpg;32;1281908;1157790217;207;1159072332;3204.770;2894475.500;0.517;2897681.000
Motospl12371.jpg;34;1281628;1157705253;197;1158987078;3204.070;2894263.000;0.493;2897467.750
Motospl12375.jpg;32;1272643;1157593148;201;1158865992;3181.608;2893982.750;0.502;2897165.250
Motospl12385.jpg;32;1280970;1157595601;229;1158876800;3202.425;2893989.250;0.572;2897192.000
Motospl12390.jpg;31;1272601;1157407314;195;1158680110;3181.502;2893518.500;0.488;2896700.000
Motospl12408.jpg;32;1280362;1157656911;209;1158937482;3200.905;2894142.250;0.522;2897343.750
Motospl12417.jpg;33;1280754;1157654747;205;1158935706;3201.885;2894136.750;0.512;2897339.250
Motospl12420.jpg;32;1278938;1157448199;203;1158727340;3197.345;2893620.500;0.507;2896818.250
Motospl12431.jpg;33;1279072;1157639359;207;1158918638;3197.680;2894098.250;0.517;2897296.750
Motospl12439.jpg;33;1270903;1157467128;1343;1158739374;3177.257;2893667.750;3.358;2896848.500
Placa102.png;33;1279925;1157700854;229;1158981008;3199.813;2894252.250;0.572;2897452.500
Placa119.png;32;1279404;1157715429;205;1158995038;3198.510;2894288.500;0.512;2897487.500
Placa128.png;33;1280573;1157650434;199;1158931206;3201.433;2894126.250;0.498;2897328.000
Placa130.png;32;1278502;1157653729;207;1158932438;3196.255;2894134.500;0.517;2897331.250
Placa132.png;32;1279858;1157522911;207;1158802976;3199.645;2893807.250;0.517;2897007.500
Placa136.png;32;1279946;1157658229;207;1158938382;3199.865;2894145.500;0.517;2897346.000
Placa14.png;32;1279376;1157657077;205;1158936658;3198.440;2894142.500;0.512;2897341.750
Placa144.png;32;1279319;1157446522;197;1158726038;3198.297;2893616.500;0.493;2896815.250
Placa149.png;32;1281828;1157673831;303;1158955962;3204.570;2894184.500;0.757;2897389.750
Placa151.png;32;1281654;1157614779;207;1158896640;3204.135;2894037.000;0.517;2897241.750
Placa156.png;33;1280988;1157699057;209;1158980254;3202.470;2894247.500;0.522;2897450.750
Placa171.png;33;1280430;1157788913;193;1159069536;3201.075;2894472.500;0.482;2897673.750
Placa172.png;33;1280808;1157624169;177;1158905154;3202.020;2894060.250;0.442;2897263.250
Placa180.png;32;1281030;1157535029;197;1158816256;3202.575;2893837.500;0.493;2897040.750
Placa195.png;33;1278417;1157547302;207;1158825926;3196.043;2893868.000;0.517;2897064.750
Placa20.png;33;1281710;1157610857;205;1158892772;3204.275;2894027.250;0.512;2897232.000
Placa26.png;32;1281115;1157674610;195;1158955920;3202.788;2894186.500;0.488;2897389.750
Placa29.png;32;1280272;1157531927;259;1158812458;3200.680;2893829.750;0.647;2897031.000
Placa39.png;32;1280248;1157503649;209;1158784106;3200.620;2893759.000;0.522;2896960.500
Placa40.png;33;1281664;1157641607;227;1158923498;3204.160;2894104.000;0.567;2897308.750
Placa41.png;33;1281482;1157762763;207;1159044452;3203.705;2894407.000;0.517;2897611.000
Placa63.png;32;1283027;1157567028;205;1158850260;3207.567;2893917.500;0.512;2897126.000
Placa76.png;33;1281568;1157483195;231;1158764994;3203.920;2893707.750;0.577;2896912.500
Placa78.png;32;1280486;1157847491;209;1159128186;3201.215;2894619.000;0.522;2897820.500
Placa89.png;32;1274436;1157606757;193;1158881386;3186.090;2894017.000;0.482;2897203.500
Placa92.png;32;1280548;1157666949;197;1158947694;3201.370;2894167.500;0.493;2897369.250
Placa96.png;32;1279686;1157655299;207;1158935192;3199.215;2894138.250;0.517;2897338.000
Placa98.png;32;1280912;1157653151;195;1158934258;3202.280;2894132.750;0.488;2897335.500
Placas11028.jpg;32;1280928;1157643079;201;1158924208;3202.320;2894107.750;0.502;2897310.500
Placas11098.jpg;32;1279644;1157683525;229;1158963398;3199.110;2894209.000;0.572;2897408.750
Placas11305.jpg;32;1280145;1157773222;207;1159053574;3200.362;2894432.750;0.517;2897634.000
Placas11342.jpg;33;1280834;1157714469;205;1158995508;3202.085;2894286.250;0.512;2897488.500
Placas11474.jpg;32;1277910;1157665415;227;1158943552;3194.775;2894163.500;0.567;2897358.750
Placas11530.jpg;32;1280906;1157677459;195;1158958560;3202.265;2894193.500;0.488;2897396.250
Placas11562.jpg;32;1279372;1157587352;1310;1158868034;3198.430;2893968.500;3.275;2897170.250
Placas11602.jpg;32;1282608;1157610107;207;1158892922;3206.520;2894025.250;0.517;2897232.250
Placasia1009.png;33;1280620;1157626331;207;1158907158;3201.550;2894066.000;0.517;2897267.750
Placasia1010.png;33;1279798;1157600959;305;1158881062;3199.495;2894002.250;0.762;2897202.500
Placasia1021.png;32;1276892;1157610841;201;1158887934;3192.230;2894027.250;0.502;2897219.750
Placasia1032.png;33;1278969;1157622824;213;1158902006;3197.422;2894057.000;0.533;2897255.000
Placasia1037.png;32;1290154;1157623703;207;1158914064;3225.385;2894059.250;0.517;2897285.250
Placasia1046.png;32;1279964;1157585921;227;1158866112;3199.910;2893964.750;0.567;2897165.500
Placasia1047.png;32;1279176;1157783147;215;1159062538;3197.940;2894458.000;0.538;2897656.500
Placasm10501.jpg;32;1291462;1157723281;301;1159015044;3228.655;2894308.000;0.752;2897537.500
Placasm10788.jpg;32;1274972;1157695249;197;1158970418;3187.430;2894238.250;0.493;2897425.750
Placasm10862.jpg;32;1275906;1157675439;227;1158951572;3189.765;2894188.500;0.567;2897379.000
Placasm10947.jpg;33;1279048;1157557719;207;1158836974;3197.620;2893894.250;0.517;2897092.250
Placasm10969.jpg;32;1275668;1157602789;193;1158878650;3189.170;2894007.000;0.482;2897196.250
Placasm11089.jpg;33;1275862;1157537965;229;1158814056;3189.655;2893845.000;0.572;2897035.250
Placasm11137.jpg;32;1274054;1157654551;303;1158928908;3185.135;2894136.250;0.757;2897322.250
Placass10192.jpg;33;1277776;1157596515;275;1158874566;3194.440;2893991.250;0.687;2897186.750
Placass10238.jpg;32;1274430;1157537523;207;1158812160;3186.075;2893844.000;0.517;2897030.250
Placass10357.jpg;32;1287574;1157471953;229;1158759756;3218.935;2893679.750;0.572;2896899.500
Placass10358.jpg;32;1278880;1157532133;207;1158811220;3197.200;2893830.500;0.517;2897028.250
Placass10486.jpg;33;1275340;1157659225;195;1158934760;3188.350;2894148.250;0.488;2897337.000
Placass10545.jpg;32;1280742;1157625529;225;1158906496;3201.855;2894063.750;0.562;2897266.250
Placass10933.jpg;33;1272792;1157819823;211;1159092826;3181.980;2894549.500;0.527;2897732.250
Placass10940.jpg;33;1279400;1157601919;207;1158881526;3198.500;2894004.750;0.517;2897203.750
Placass10965.jpg;32;1276086;1157528111;195;1158804392;3190.215;2893820.000;0.488;2897010.750
Placass11157.jpg;32;1276614;1157712489;209;1158989312;3191.535;2894281.250;0.522;2897473.250
Placass11214.jpg;32;1280208;1157622667;273;1158903148;3200.520;2894056.750;0.683;2897257.750
Placass11216.jpg;33;1278388;1157624249;207;1158902844;3195.970;2894060.250;0.517;2897257.000
Placass11233.jpg;32;1282228;1157619063;179;1158901470;3205.570;2894047.500;0.447;2897253.750
Placass11340.jpg;32;1279130;1157666847;205;1158946182;3197.825;2894167.000;0.512;2897365.500
Placass11344.jpg;32;1276304;1157508109;191;1158784604;3190.760;2893770.000;0.477;2896961.500
Placass11346.jpg;32;1283422;1157631265;193;1158914880;3208.555;2894078.250;0.482;2897287.000
Placass11350.jpg;33;1275016;1157761623;207;1159036846;3187.540;2894404.250;0.517;2897592.000
Placass11407.jpg;32;1275650;1157576867;207;1158852724;3189.125;2893942.000;0.517;2897132.000
Placass11584.jpg;32;1273936;1157742581;205;1159016722;3184.840;2894356.250;0.512;2897541.750
Placass11628.jpg;32;1276313;1157606452;195;1158882960;3190.782;2894016.000;0.488;2897207.500
Placass11630.jpg;32;1275134;1157417769;193;1158693096;3187.835;2893544.250;0.482;2896732.750
Placass11634.jpg;32;1276112;1157598613;209;1158874934;3190.280;2893996.500;0.522;2897187.250
plaacaas1076.jpg;32;1282338;1157655569;305;1158938212;3205.845;2894139.000;0.762;2897345.750
plaacaas1093.jpg;33;1279850;1157556357;229;1158836436;3199.625;2893891.000;0.572;2897091.250
plaacaas1172.jpg;32;1279900;1157562241;205;1158842346;3199.750;2893905.750;0.512;2897105.750
plaacaas1240.jpg;32;1279934;1157629741;231;1158909906;3199.835;2894074.000;0.577;2897275.000
plaacaas1258.jpg;32;1278602;1157571675;195;1158850472;3196.505;2893929.250;0.488;2897126.250
placaas10214.jpg;32;1281638;1157502997;209;1158784844;3204.095;2893757.250;0.522;2896962.250
placaas10220.jpg;33;1277172;1157805189;207;1159082568;3192.930;2894513.000;0.517;2897706.750
placaas10295.jpg;32;1280765;1157623604;205;1158904574;3201.912;2894059.000;0.512;2897261.500
placaas10338.jpg;32;1278588;1157702303;205;1158981096;3196.470;2894255.750;0.512;2897452.750
placaas10341.jpg;32;1278794;1157649461;193;1158928448;3196.985;2894123.500;0.482;2897320.750
placaas10389.jpg;32;1280297;1157730084;197;1159010578;3200.742;2894325.000;0.493;2897526.500
placaas10463.jpg;32;1271566;1157667019;193;1158938778;3178.915;2894167.750;0.482;2897347.000
placaas10473.jpg;33;1281690;1157661929;205;1158943824;3204.225;2894155.000;0.512;2897359.750
placaas10481.jpg;32;1282580;1157509707;231;1158792518;3206.450;2893774.500;0.577;2896981.250
placaas10756.jpg;32;1280584;1157625431;209;1158906224;3201.460;2894063.750;0.522;2897265.500
placaas10884.jpg;31;1282792;1157735309;195;1159018296;3206.980;2894338.250;0.488;2897545.750
placaas10897.jpg;32;1279906;1157578991;207;1158859104;3199.765;2893947.500;0.517;2897147.750
placaas10909.jpg;32;1273597;1157655678;275;1158929550;3183.992;2894139.250;0.687;2897323.750
placaas11047.jpg;33;1278050;1157813433;205;1159091688;3195.125;2894533.500;0.512;2897729.250
placaas11258.jpg;31;1282074;1157579643;207;1158861924;3205.185;2893949.000;0.517;2897154.750
placas1093.jpg;33;1267926;1157582929;205;1158851060;3169.815;2893957.250;0.512;2897127.500
placas1104.jpg;33;1281818;1157476760;200;1158758778;3204.545;2893692.000;0.500;2896897.000
placas1110.jpg;33;1268954;1157720007;207;1158989168;3172.385;2894300.250;0.517;2897472.750
placas1111.jpg;32;1274804;1157618827;205;1158893836;3187.010;2894047.000;0.512;2897234.500
placas1115.jpg;32;1286942;1157607067;207;1158894216;3217.355;2894017.750;0.517;2897235.500
placas1137.jpg;32;1279342;1157552539;277;1158832158;3198.355;2893881.250;0.692;2897080.250
placas1204.jpg;33;1282604;1157538237;231;1158821072;3206.510;2893845.250;0.577;2897052.750
placas1215.jpg;32;1281728;1157619297;197;1158901222;3204.320;2894048.250;0.493;2897253.000
placas1268.jpg;33;1281228;1157606029;205;1158887462;3203.070;2894015.000;0.512;2897218.500
placas1359.jpg;32;1279694;1157649119;209;1158929022;3199.235;2894122.750;0.522;2897322.500
placas1422.jpg;32;1282900;1157604445;225;1158887570;3207.250;2894011.000;0.562;2897218.750
placas1430.jpg;32;1282070;1157654721;205;1158936996;3205.175;2894136.750;0.512;2897342.250
placas1434.jpg;33;1280714;1157513811;207;1158794732;3201.785;2893784.500;0.517;2896987.000
placas1442.jpg;32;1277422;1157746457;207;1159024086;3193.555;2894366.000;0.517;2897560.500
placas1444.jpg;32;1279773;1157629326;227;1158909326;3199.432;2894073.000;0.567;2897273.250
placas1449.jpg;32;1280573;1157692274;207;1158973054;3201.433;2894230.750;0.517;2897432.500
placas1459.jpg;33;1277864;1157791713;197;1159069774;3194.660;2894479.500;0.493;2897674.500
placas1467.jpg;33;1280522;1157744043;207;1159024772;3201.305;2894360.000;0.517;2897561.750
placas1475.jpg;32;1277448;1157602791;203;1158880442;3193.620;2894007.000;0.507;2897201.000
placas1480.jpg;32;1279318;1157773265;209;1159052792;3198.295;2894433.250;0.522;2897632.000
placas1481.jpg;33;1264144;1157632301;193;1158896638;3160.360;2894080.500;0.482;2897241.750
placas1491.jpg;33;1281139;1157515694;267;1158797100;3202.848;2893789.250;0.668;2896992.750
placas1495.jpg;32;1280324;1157648559;195;1158929078;3200.810;2894121.500;0.488;2897322.500
placas1512.jpg;32;1279999;1157797714;195;1159077908;3199.997;2894494.500;0.488;2897694.750
placas1522.jpg;33;1281052;1157512719;207;1158793978;3202.630;2893781.750;0.517;2896985.000
placas1525.jpg;32;1282392;1157607813;205;1158890410;3205.980;2894019.500;0.512;2897226.000
placas1563.jpg;32;1268930;1157654303;273;1158923506;3172.325;2894135.500;0.683;2897308.750
placas1564.jpg;32;1269484;1157663723;197;1158933404;3173.710;2894159.250;0.493;2897333.500
placas1567.jpg;33;1280898;1157592733;197;1158873828;3202.245;2893981.750;0.493;2897184.500
placas1585.jpg;33;1282494;1157441759;243;1158724496;3206.235;2893604.250;0.608;2896811.250
placas1592.jpg;32;1259762;1157500493;229;1158760484;3149.405;2893751.250;0.572;2896901.000
placas1593.jpg;32;1279382;1157656803;207;1158936392;3198.455;2894142.250;0.517;2897341.000
placas1605.jpg;32;1281265;1157561752;207;1158843224;3203.162;2893904.250;0.517;2897108.000
placas1617.jpg;33;1280180;1157681695;207;1158962082;3200.450;2894204.250;0.517;2897405.000
placas1625.jpg;33;1279884;1157755953;257;1159036094;3199.710;2894389.750;0.642;2897590.000
placas1663.jpg;32;1271208;1157590161;205;1158861574;3178.020;2893975.500;0.512;2897154.000
placas1690.jpg;32;1278590;1157612673;189;1158891452;3196.475;2894031.750;0.472;2897228.500
