Image;TEMP_C;CYC_PRE;CYC_INF;CYC_POST;CYC_TOTAL;US_PRE;US_INF;US_POST;US_TOTAL
Placa42.png;38;1279662;159699725;205;160979592;3199.155;399249.344;0.512;402448.969
Placas11002.jpg;38;1281377;159862602;207;161144186;3203.443;399656.531;0.517;402860.469
Placas11004.jpg;39;1282074;159631763;255;160914092;3205.185;399079.375;0.637;402285.250
Placas11013.jpg;38;1280937;159858772;305;161140014;3202.343;399646.906;0.762;402850.031
Placas11017.jpg;40;1280690;159683979;367;160965036;3201.725;399209.969;0.918;402412.594
Placas11022.jpg;38;1277008;159797761;321;161075090;3192.520;399494.406;0.803;402687.688
Placas11026.jpg;39;1279036;159529161;257;160808454;3197.590;398822.906;0.642;402021.094
Placas11044.jpg;39;1278226;159682583;307;160961116;3195.565;399206.438;0.767;402402.781
Placas11065.jpg;39;1280419;159775150;323;161055892;3201.048;399437.875;0.808;402639.719
Placas11070.jpg;39;1277794;159808637;265;161086696;3194.485;399521.594;0.663;402716.719
Placas11076.jpg;40;1280680;159648697;289;160929666;3201.700;399121.750;0.723;402324.156
Placas11091.jpg;39;1278602;159732541;253;161011396;3196.505;399331.375;0.632;402528.500
Placas11116.jpg;39;1278432;159537697;273;160816402;3196.080;398844.250;0.683;402040.969
Placas11118.jpg;40;1281850;159664373;349;160946572;3204.625;399160.938;0.873;402366.406
Placas11122.jpg;39;1280008;159707607;207;160987822;3200.020;399269.000;0.517;402469.563
Placas11123.jpg;40;1282093;159663337;197;160945627;3205.232;399158.375;0.493;402364.063
Placas11135.jpg;39;1280424;159688229;197;160968850;3201.060;399220.563;0.493;402422.125
Placas11148.jpg;39;1280812;159757831;305;161038948;3202.030;399394.531;0.762;402597.344
Placas11179.jpg;39;1279728;159764697;195;161044620;3199.320;399411.750;0.488;402611.563
Placas11191.jpg;39;1278078;159622645;273;160900996;3195.195;399056.625;0.683;402252.469
Placas11193.jpg;40;1278840;159617889;275;160897004;3197.100;399044.750;0.687;402242.531
Placas11194.jpg;38;1278982;159499145;207;160778334;3197.455;398747.875;0.517;401945.844
Placas11199.jpg;39;1278106;159660807;207;160939120;3195.265;399152.000;0.517;402347.781
Placas11208.jpg;39;1274084;159750557;205;161024846;3185.210;399376.375;0.512;402562.125
Placas11209.jpg;40;1278922;159584469;209;160863600;3197.305;398961.156;0.522;402159.000
Placas11218.jpg;39;1280216;159738145;205;161018566;3200.540;399345.344;0.512;402546.406
Placas11219.jpg;39;1280440;159745799;287;161026526;3201.100;399364.469;0.717;402566.313
Placas11227.jpg;39;1278408;159632351;207;160910966;3196.020;399080.906;0.517;402277.406
Placas11249.jpg;40;1280970;159878243;207;161159420;3202.425;399695.625;0.517;402898.563
Placas11250.jpg;40;1278980;159836251;415;161115646;3197.450;399590.625;1.038;402789.125
Placas11254.jpg;39;1281971;159707754;207;160989932;3204.928;399269.375;0.517;402474.844
Placas11264.jpg;39;1281494;159912247;229;161193970;3203.735;399780.594;0.572;402984.906
Placas11298.jpg;38;1279181;159661154;1371;160941706;3197.953;399152.875;3.428;402354.313
Placas11315.jpg;40;1282232;159700761;209;160983202;3205.580;399251.938;0.522;402457.969
Placas11318.jpg;40;1280061;159614046;231;160894338;3200.152;399035.125;0.577;402235.844
Placas11320.jpg;40;1279893;159631384;275;160911552;3199.733;399078.469;0.687;402278.875
Placas11321.jpg;40;1281260;159651607;195;160933062;3203.150;399129.000;0.488;402332.656
Placas11350.jpg;40;1279608;159574421;253;160854282;3199.020;398936.031;0.632;402135.719
Placas11353.jpg;40;1277204;159648891;299;160926394;3193.010;399122.250;0.748;402316.000
Placas11366.jpg;40;1282618;159736671;195;161019484;3206.545;399341.688;0.488;402548.719
Placas11377.jpg;40;1280174;159722645;205;161003024;3200.435;399306.594;0.512;402507.563
Placas11388.jpg;40;1280963;159709712;273;160990948;3202.407;399274.281;0.683;402477.344
Placas11397.jpg;40;1279729;159630734;265;160910728;3199.322;399076.813;0.663;402276.781
Placas11402.jpg;40;1279006;159710705;1329;160991040;3197.515;399276.781;3.322;402477.625
Placas11419.jpg;41;1281014;159679657;285;160960956;3202.535;399199.188;0.712;402402.406
Placas11428.jpg;41;1278206;159863371;207;161141784;3195.515;399658.438;0.517;402854.469
Placas11453.jpg;40;1280282;159587931;341;160868554;3200.705;398969.844;0.853;402171.375
Placas11456.jpg;41;1279944;159720273;209;161000426;3199.860;399300.688;0.522;402501.094
Placas11460.jpg;40;1279100;159632891;259;160912250;3197.750;399082.250;0.647;402280.656
Placas11463.jpg;40;1280024;159730969;321;161011314;3200.060;399327.438;0.803;402528.281
Placas11496.jpg;40;1279630;159676177;205;160956012;3199.075;399190.438;0.512;402390.031
Placas11500.jpg;41;1279361;159644914;295;160924570;3198.403;399112.281;0.738;402311.438
Placas11507.jpg;41;1279129;159747718;263;161027110;3197.823;399369.281;0.658;402567.750
Placas11522.jpg;42;1281771;159778976;273;161061020;3204.427;399447.438;0.683;402652.563
Placas11528.jpg;41;1279748;159627777;181;160907706;3199.370;399069.438;0.452;402269.281
Placas11531.jpg;40;1282016;159611087;207;160893310;3205.040;399027.719;0.517;402233.281
Placas11534.jpg;40;1280272;159699303;303;160979878;3200.680;399248.250;0.757;402449.688
Placas11549.jpg;41;1278456;159802417;229;161081102;3196.140;399506.031;0.572;402702.750
Placas11556.jpg;41;1280498;159925293;257;161206048;3201.245;399813.219;0.642;403015.125
Placas11559.jpg;40;1281730;159590985;273;160872988;3204.325;398977.469;0.683;402182.500
Placas11566.jpg;39;1280855;159583270;255;160864380;3202.137;398958.156;0.637;402160.938
Placas11568.jpg;40;1278091;159826308;209;161104608;3195.227;399565.750;0.522;402761.531
Placas11569.jpg;40;1278564;159613129;205;160891898;3196.410;399032.844;0.512;402229.781
Placas11580.jpg;41;1282022;159691291;321;160973634;3205.055;399228.250;0.803;402434.063
Placas11581.jpg;40;1282684;159771933;205;161054822;3206.710;399429.813;0.512;402637.031
Placas11584.jpg;40;1276374;159864087;209;161140670;3190.935;399660.219;0.522;402851.688
Placas11605.jpg;40;1279654;159818147;329;161098130;3199.135;399545.375;0.822;402745.344
Placas11606.jpg;41;1280505;159572400;365;160853270;3201.262;398931.000;0.913;402133.188
Placas11609.jpg;40;1280034;159570915;371;160851320;3200.085;398927.313;0.928;402128.313
Placasm10017.jpg;41;1273643;159648082;275;160922000;3184.107;399120.188;0.687;402305.000
Placasm10043.jpg;41;1275308;159739523;197;161015028;3188.270;399348.781;0.493;402537.563
Placasm10049.jpg;40;1274975;159776920;257;161052152;3187.438;399442.313;0.642;402630.406
Placasm10052.jpg;41;1278824;159691945;275;160971044;3197.060;399229.875;0.687;402427.625
Placasm10054.jpg;40;1279224;159673711;207;160953142;3198.060;399184.281;0.517;402382.813
Placasm10100.jpg;40;1276298;159683773;1393;160961464;3190.745;399209.438;3.482;402403.656
Placasm10123.jpg;42;1276782;159871797;231;161148810;3191.955;399679.469;0.577;402872.031
Placasm10137.jpg;40;1277790;159755649;275;161033714;3194.475;399389.125;0.687;402584.281
Placasm10147.jpg;40;1274930;159669799;207;160944936;3187.325;399174.469;0.517;402362.313
Placasm10164.jpg;39;1272200;159718461;207;160990868;3180.500;399296.156;0.517;402477.156
Placasm10177.jpg;39;1277388;159770805;273;161048466;3193.470;399427.000;0.683;402621.125
Placasm10179.jpg;38;1279310;159779507;271;161059088;3198.275;399448.781;0.678;402647.719
Placasm10189.jpg;39;1274858;159857089;207;161132154;3187.145;399642.719;0.517;402830.406
Placasm10201.jpg;39;1276141;159658228;205;160934574;3190.353;399145.563;0.512;402336.438
Placasm10229.jpg;40;1274981;159612004;295;160887280;3187.452;399030.031;0.738;402218.188
Placasm10233.jpg;39;1279312;159583051;303;160862666;3198.280;398957.625;0.757;402156.656
Placasm10236.jpg;39;1280704;159707989;207;160988900;3201.760;399269.969;0.517;402472.250
Placasm10264.jpg;39;1280130;159565241;197;160845568;3200.325;398913.125;0.493;402113.938
Placasm10279.jpg;39;1275758;159777877;205;161053840;3189.395;399444.656;0.512;402634.594
Placasm10285.jpg;39;1275572;159547313;207;160823092;3188.930;398868.281;0.517;402057.719
Placasm10286.jpg;39;1275324;159709953;205;160985482;3188.310;399274.875;0.512;402463.719
Placasm10292.jpg;39;1276846;159866695;391;161143932;3192.115;399666.719;0.978;402859.844
Placasm10303.jpg;37;1278709;159930578;247;161209534;3196.772;399826.438;0.618;403023.844
Placasm10327.jpg;39;1279268;159805269;197;161084734;3198.170;399513.156;0.493;402711.813
Placasm10343.jpg;39;1278670;159663445;365;160942480;3196.675;399158.625;0.913;402356.188
Placasm10365.jpg;39;1274678;159684407;207;160959292;3186.695;399211.000;0.517;402398.250
Placasm10406.jpg;38;1276004;159860685;205;161136894;3190.010;399651.750;0.512;402842.219
Placasm10430.jpg;38;1273218;159693919;367;160967504;3183.045;399234.781;0.918;402418.750
Placasm10431.jpg;37;1277900;159675485;193;160953578;3194.750;399188.719;0.482;402383.938
Placasm10433.jpg;38;1273092;159805025;195;161078312;3182.730;399512.563;0.488;402695.750
Placasm10439.jpg;38;1280654;159695291;259;160976204;3201.635;399238.219;0.647;402440.531
Placasm10451.jpg;38;1278732;159832397;293;161111422;3196.830;399580.969;0.733;402778.563
Placasm10464.jpg;38;1275944;159730403;207;161006554;3189.860;399326.000;0.517;402516.406
Placasm10482.jpg;39;1277518;159513911;373;160791802;3193.795;398784.781;0.933;401979.531
Placasm10546.jpg;39;1273225;159680244;257;160953726;3183.063;399200.594;0.642;402384.344
Placasm10561.jpg;38;1283016;159727411;237;161010664;3207.540;399318.500;0.592;402526.656
Placasm10590.jpg;38;1279020;159743353;325;161022698;3197.550;399358.375;0.812;402556.750
Placasm10610.jpg;38;1274602;159787851;295;161062748;3186.505;399469.625;0.738;402656.875
Placasm10640.jpg;38;1276866;159670901;263;160948030;3192.165;399177.250;0.658;402370.063
Placasm10654.jpg;38;1279918;159781033;209;161061160;3199.795;399452.594;0.522;402652.875
Placasm10667.jpg;37;1280316;159779079;207;161059602;3200.790;399447.688;0.517;402649.000
Placasm10690.jpg;38;1278157;159704642;205;160983004;3195.393;399261.594;0.512;402457.531
Placasm10720.jpg;38;1271614;159623615;399;160895628;3179.035;399059.031;0.998;402239.094
Placasm10739.jpg;39;1277133;159835640;205;161112978;3192.833;399589.125;0.512;402782.438
Placasm10751.jpg;37;1274986;159719925;321;160995232;3187.465;399299.781;0.803;402488.094
Placasm10773.jpg;37;1280136;159698539;305;160978980;3200.340;399246.375;0.762;402447.469
Placasm10811.jpg;38;1277020;159548265;209;160825494;3192.550;398870.688;0.522;402063.719
Placasm10841.jpg;38;1283392;159844909;277;161128578;3208.480;399612.281;0.692;402821.469
Placasm10863.jpg;38;1276888;159746229;357;161023474;3192.220;399365.563;0.892;402558.688
Placasm10867.jpg;38;1277862;159731161;323;161009346;3194.655;399327.938;0.808;402523.375
Placasm10875.jpg;39;1272200;159924529;275;161197004;3180.500;399811.344;0.687;402992.500
Placasm10879.jpg;39;1274406;159679275;195;160953876;3186.015;399198.219;0.488;402384.656
Placasm10907.jpg;38;1281249;159578368;205;160859822;3203.123;398945.938;0.512;402149.563
Placasm10925.jpg;39;1273523;159769104;195;161042822;3183.807;399422.781;0.488;402607.031
Placasm10928.jpg;39;1275630;159812599;367;161088596;3189.075;399531.500;0.918;402721.469
Placasm10978.jpg;39;1275248;159712991;263;160988502;3188.120;399282.469;0.658;402471.250
Placasm10987.jpg;40;1275656;159682371;207;160958234;3189.140;399205.938;0.517;402395.625
Placasm10991.jpg;39;1274049;159611554;249;160885852;3185.122;399028.875;0.623;402214.625
Placasm11007.jpg;38;1275763;159707288;209;160983260;3189.407;399268.250;0.522;402458.156
Placasm11033.jpg;38;1271368;159784905;287;161056560;3178.420;399462.281;0.717;402641.406
Placasm11038.jpg;39;1279100;159706135;367;160985602;3197.750;399265.313;0.918;402464.031
Placasm11069.jpg;39;1273766;159735589;247;161009602;3184.415;399338.969;0.618;402524.000
Placasm11094.jpg;39;1274748;159735047;205;161010000;3186.870;399337.594;0.512;402525.000
Placasm11133.jpg;39;1277791;159878760;305;161156856;3194.478;399696.875;0.762;402892.188
Placasm11154.jpg;40;1273234;159714745;207;160988186;3183.085;399286.875;0.517;402470.469
Placasm11155.jpg;39;1274171;159655856;325;160930352;3185.427;399139.656;0.812;402325.875
Placasm11213.jpg;40;1278064;159734803;277;161013144;3195.160;399337.000;0.692;402532.906
Placasm11215.jpg;39;1273266;159832531;205;161106002;3183.165;399581.313;0.512;402765.000
Placasm11222.jpg;40;1273022;159677657;195;160950874;3182.555;399194.156;0.488;402377.188
Placass10014.jpg;39;1273088;159778447;287;161051822;3182.720;399446.125;0.717;402629.563
Placass10015.jpg;39;1274384;159768699;209;161043292;3185.960;399421.781;0.522;402608.219
Placass10016.jpg;39;1270215;159716584;195;160986994;3175.537;399291.438;0.488;402467.469
Placass10020.jpg;39;1275329;159590756;289;160866374;3188.323;398976.875;0.723;402165.938
Placass10024.jpg;38;1272668;159888805;305;161161778;3181.670;399722.000;0.762;402904.438
Placass10037.jpg;38;1275096;159696223;233;160971552;3187.740;399240.563;0.582;402428.875
Placass10044.jpg;39;1277140;159663509;197;160940846;3192.850;399158.750;0.493;402352.125
Placass10051.jpg;39;1274123;159689736;275;160964134;3185.307;399224.344;0.687;402410.344
Placass10055.jpg;39;1275720;159650731;207;160926658;3189.300;399126.813;0.517;402316.625
Placass10068.jpg;39;1275528;159715747;195;160991470;3188.820;399289.344;0.488;402478.688
Placass10070.jpg;41;1275792;159776089;191;161052072;3189.480;399440.219;0.477;402630.156
Placass10077.jpg;39;1280184;159848557;209;161128950;3200.460;399621.406;0.522;402822.344
Placass10088.jpg;40;1278899;159787594;275;161066768;3197.248;399469.000;0.687;402666.906
Placass10091.jpg;38;1277422;159745781;321;161023524;3193.555;399364.438;0.803;402558.813
Placass10101.jpg;40;1279968;159719255;195;160999418;3199.920;399298.125;0.488;402498.531
Placass10109.jpg;39;1276988;159611487;209;160888684;3192.470;399028.719;0.522;402221.719
Placass10112.jpg;40;1278936;159624701;337;160903974;3197.340;399061.781;0.842;402259.938
Placass10122.jpg;40;1276192;159737297;205;161013694;3190.480;399343.250;0.512;402534.219
Placass10126.jpg;40;1274852;159728325;323;161003500;3187.130;399320.813;0.808;402508.781
Placass10130.jpg;40;1275206;159549919;207;160825332;3188.015;398874.781;0.517;402063.344
Placass10132.jpg;39;1274207;159606186;207;160880600;3185.518;399015.469;0.517;402201.500
Placass10138.jpg;39;1276394;159556225;349;160832968;3190.985;398890.563;0.873;402082.375
Placass10140.jpg;39;1278686;159747393;369;161026448;3196.715;399368.500;0.923;402566.125
Placass10154.jpg;38;1276530;159855785;277;161132592;3191.325;399639.500;0.692;402831.469
Placass10163.jpg;39;1280150;159850787;277;161131214;3200.375;399626.938;0.692;402828.031
Placass10175.jpg;39;1275780;159696487;209;160972476;3189.450;399241.188;0.522;402431.188
Placass10183.jpg;39;1273914;159686659;277;160960850;3184.785;399216.625;0.692;402402.125
Placass10186.jpg;39;1275859;159614178;207;160890244;3189.648;399035.438;0.517;402225.625
Placass10206.jpg;38;1276476;159748197;277;161024950;3191.190;399370.469;0.692;402562.375
Placass10208.jpg;38;1277030;159729313;197;161006540;3192.575;399323.281;0.493;402516.375
Placass10210.jpg;38;1280019;159724620;369;161005008;3200.048;399311.531;0.923;402512.500
Placass10215.jpg;38;1273456;159705579;207;160979242;3183.640;399263.969;0.517;402448.125
Placass10223.jpg;39;1286931;159764844;207;161051982;3217.327;399412.125;0.517;402629.938
Placass10244.jpg;38;1276956;159747151;367;161024474;3192.390;399367.875;0.918;402561.188
Placass10257.jpg;39;1276326;159660225;273;160936824;3190.815;399150.563;0.683;402342.094
Placass10266.jpg;38;1274836;159627301;207;160902344;3187.090;399068.219;0.517;402255.844
Placass10268.jpg;39;1278978;159620739;303;160900020;3197.445;399051.844;0.757;402250.031
Placass10274.jpg;39;1276312;159588067;293;160864672;3190.780;398970.156;0.733;402161.688
Placass10276.jpg;38;1279544;159619697;203;160899444;3198.860;399049.219;0.507;402248.594
Placass10281.jpg;39;1279002;159723351;193;161002546;3197.505;399308.344;0.482;402506.344
Placass10296.jpg;39;1280348;159618725;193;160899266;3200.870;399046.781;0.482;402248.125
Placass10304.jpg;39;1274091;159604052;369;160878512;3185.228;399010.125;0.923;402196.313
Placass10309.jpg;38;1275252;159783833;273;161059358;3188.130;399459.594;0.683;402648.406
Placass10347.jpg;39;1279251;159777644;275;161057170;3198.128;399444.125;0.687;402642.906
Placass10374.jpg;37;1274406;159655093;195;160929694;3186.015;399137.719;0.488;402324.219
Placass10376.jpg;39;1276635;159665742;319;160942696;3191.587;399164.375;0.798;402356.719
Placass10388.jpg;38;1278408;159649019;255;160927682;3196.020;399122.531;0.637;402319.188
Placass10395.jpg;39;1274992;159659785;275;160935052;3187.480;399149.469;0.687;402337.656
Placass10397.jpg;38;1278110;159700851;275;160979236;3195.275;399252.094;0.687;402448.094
Placass10407.jpg;39;1277218;159636607;369;160914194;3193.045;399091.500;0.923;402285.469
Placass10411.jpg;39;1276852;159705147;231;160982230;3192.130;399262.875;0.577;402455.563
Placass10413.jpg;39;1276490;159712587;245;160989322;3191.225;399281.469;0.613;402473.344
Placass10416.jpg;39;1277849;159584659;197;160862705;3194.623;398961.656;0.493;402156.750
Placass10418.jpg;38;1282100;159548715;207;160831022;3205.250;398871.813;0.517;402077.563
Placass10431.jpg;39;1275702;159854121;343;161130166;3189.255;399635.344;0.858;402825.406
Placass10432.jpg;39;1273562;159814907;207;161088676;3183.905;399537.281;0.517;402721.688
Placass10436.jpg;39;1280892;159728149;295;161009336;3202.230;399320.344;0.738;402523.375
Placass10439.jpg;39;1271404;159690977;209;160962590;3178.510;399227.438;0.522;402406.469
Placass10442.jpg;39;1270645;159693963;207;160964815;3176.613;399234.906;0.517;402412.063
Placass10446.jpg;40;1275258;159700287;209;160975754;3188.145;399250.719;0.522;402439.406
Placass10454.jpg;38;1282736;159736201;197;161019134;3206.840;399340.531;0.493;402547.813
Placass10456.jpg;38;1279217;159625984;323;160905524;3198.042;399064.969;0.808;402263.781
Placass10457.jpg;39;1275348;159657405;303;160933056;3188.370;399143.531;0.757;402332.656
Placass10466.jpg;38;1276232;159626749;229;160903210;3190.580;399066.875;0.572;402258.031
Placass10470.jpg;39;1277477;159610356;337;160888170;3193.692;399025.875;0.842;402220.469
Placass10480.jpg;40;1275218;159718755;207;160994180;3188.045;399296.875;0.517;402485.469
Placass10484.jpg;39;1275632;159539707;275;160815614;3189.080;398849.281;0.687;402039.063
Placass10489.jpg;38;1274762;159749945;207;161024914;3186.905;399374.875;0.517;402562.281
Placass10495.jpg;38;1277742;159697551;277;160975570;3194.355;399243.875;0.692;402438.938
Placass10499.jpg;37;1278098;159756261;237;161034596;3195.245;399390.656;0.592;402586.500
Placass10509.jpg;39;1278605;159686850;277;160965732;3196.512;399217.125;0.692;402414.313
Placass10515.jpg;38;1281392;159781661;205;161063258;3203.480;399454.156;0.512;402658.188
Placass10516.jpg;38;1275242;159718815;365;160994422;3188.105;399297.031;0.913;402486.031
Placass10520.jpg;38;1280622;159859347;285;161140254;3201.555;399648.344;0.712;402850.656
Placass10522.jpg;37;1276760;159775793;295;161052848;3191.900;399439.469;0.738;402632.125
Placass10526.jpg;38;1275155;159674392;245;160949792;3187.888;399186.000;0.613;402374.469
Placass10532.jpg;37;1277372;159579595;367;160857334;3193.430;398949.000;0.918;402143.313
Placass10535.jpg;39;1274061;159806176;205;161080442;3185.153;399515.438;0.512;402701.125
Placass10565.jpg;38;1277689;159496114;207;160774010;3194.222;398740.281;0.517;401935.031
Placass10579.jpg;39;1273712;159837509;275;161111496;3184.280;399593.781;0.687;402778.719
Placass10596.jpg;38;1278360;159682127;289;160960776;3195.900;399205.344;0.723;402401.906
Placass10603.jpg;37;1272110;159823863;195;161096168;3180.275;399559.625;0.488;402740.375
Placass10613.jpg;40;1279473;159550454;263;160830190;3198.682;398876.125;0.658;402075.469
Placass10629.jpg;39;1278442;159751019;195;161029656;3196.105;399377.563;0.488;402574.156
Placass10632.jpg;39;1275784;159675151;209;160951144;3189.460;399187.906;0.522;402377.813
Placass10658.jpg;39;1278836;159697385;193;160976414;3197.090;399243.469;0.482;402441.031
Placass10660.jpg;39;1276232;159677651;321;160954204;3190.580;399194.094;0.803;402385.500
Placass10670.jpg;39;1275964;159596693;195;160872852;3189.910;398991.719;0.488;402182.125
Placass10679.jpg;39;1273068;159768547;367;161041982;3182.670;399421.344;0.918;402604.938
Placass10689.jpg;39;1274782;159683199;245;160958226;3186.955;399207.969;0.613;402395.563
Placass10719.jpg;38;1281756;159762735;195;161044686;3204.390;399406.844;0.488;402611.688
Placass10722.jpg;38;1276215;159578060;263;160854538;3190.538;398945.156;0.658;402136.375
Placass10725.jpg;38;1278994;159662183;195;160941372;3197.485;399155.438;0.488;402353.469
Placass10726.jpg;41;1275735;159737624;195;161013554;3189.338;399344.094;0.488;402533.906
Placass10733.jpg;38;1282292;159772805;273;161055370;3205.730;399432.000;0.683;402638.406
Placass10736.jpg;38;1276419;159688472;289;160965180;3191.047;399221.188;0.723;402412.969
Placass10737.jpg;39;1275192;159679053;207;160954452;3187.980;399197.625;0.517;402386.125
Placass10740.jpg;39;1279890;159823973;275;161104138;3199.725;399559.938;0.687;402760.344
Placass10743.jpg;41;1278011;159531018;207;160809236;3195.027;398827.563;0.517;402023.063
Placass10745.jpg;38;1272426;159685721;207;160958354;3181.065;399214.313;0.517;402395.875
Placass10803.jpg;38;1279522;159710203;195;160989920;3198.805;399275.500;0.488;402474.813
Placass10804.jpg;39;1281768;159824251;367;161106386;3204.420;399560.625;0.918;402765.969
Placass10807.jpg;40;1275540;159666447;207;160942194;3188.850;399166.125;0.517;402355.469
Placass10811.jpg;40;1280034;159589327;195;160869556;3200.085;398973.313;0.488;402173.906
Placass10812.jpg;39;1277498;159590205;277;160867980;3193.745;398975.531;0.692;402169.969
Placass10823.jpg;40;1274401;159890414;385;161165200;3186.002;399726.031;0.962;402912.969
Placass10824.jpg;40;1279040;159761545;275;161040860;3197.600;399403.906;0.687;402602.125
Placass10839.jpg;40;1274036;159711429;263;160985728;3185.090;399278.563;0.658;402464.313
Placass10840.jpg;41;1273034;159717559;275;160990868;3182.585;399293.875;0.687;402477.156
Placass10843.jpg;41;1274621;159752852;205;161027678;3186.552;399382.125;0.512;402569.219
Placass10845.jpg;40;1280936;159709293;197;160990426;3202.340;399273.250;0.493;402476.094
Placass10848.jpg;40;1279726;159804111;233;161084070;3199.315;399510.281;0.582;402710.156
Placass10849.jpg;39;1273132;159731417;195;161004744;3182.830;399328.563;0.488;402511.844
Placass10862.jpg;39;1274090;159693163;195;160967448;3185.225;399232.938;0.488;402418.625
Placass10864.jpg;39;1277684;159708809;207;160986700;3194.210;399272.031;0.517;402466.750
Placass10877.jpg;40;1279218;159687403;207;160966828;3198.045;399218.500;0.517;402417.094
Placass10880.jpg;40;1278325;159714698;365;160993388;3195.813;399286.750;0.913;402483.469
Placass10884.jpg;40;1275188;159874023;305;161149516;3187.970;399685.031;0.762;402873.813
Placass10897.jpg;40;1284422;159872477;209;161157108;3211.055;399681.188;0.522;402892.750
Placass10903.jpg;39;1276022;159830365;207;161106594;3190.055;399575.906;0.517;402766.469
Placass10906.jpg;40;1275367;159599508;275;160875150;3188.417;398998.781;0.687;402187.875
Placass10909.jpg;38;1277396;159651485;209;160929090;3193.490;399128.719;0.522;402322.719
Placass10915.jpg;40;1274555;159745772;351;161020678;3186.387;399364.438;0.877;402551.688
Placass10916.jpg;39;1275398;159781851;247;161057496;3188.495;399454.656;0.618;402643.750
Placass10929.jpg;40;1272794;159782593;197;161055584;3181.985;399456.500;0.493;402638.969
Placass10937.jpg;40;1281568;159763771;275;161045614;3203.920;399409.438;0.687;402614.063
Placass10947.jpg;40;1275336;159848911;289;161124536;3188.340;399622.281;0.723;402811.344
Placass10951.jpg;40;1278044;159798035;367;161076446;3195.110;399495.094;0.918;402691.094
Placass10955.jpg;39;1279376;159747381;197;161026954;3198.440;399368.469;0.493;402567.406
Placass10960.jpg;39;1271324;159717657;285;160989266;3178.310;399294.188;0.712;402473.156
Placass10969.jpg;39;1278355;159579308;273;160857936;3195.888;398948.281;0.683;402144.844
Placass10972.jpg;39;1275380;159727753;257;161003390;3188.450;399319.375;0.642;402508.469
Placass10988.jpg;38;1277089;159753674;195;161030958;3192.723;399384.188;0.488;402577.406
Placass10992.jpg;38;1276670;159728719;205;161005594;3191.675;399321.813;0.512;402514.031
Placass10995.jpg;39;1278820;159880759;433;161160012;3197.050;399701.875;1.082;402900.063
Placass10996.jpg;38;1280004;159827931;205;161108140;3200.010;399569.813;0.512;402770.375
Placass11000.jpg;39;1275966;159650068;257;160926291;3189.915;399125.156;0.642;402315.719
Placass11005.jpg;38;1281365;159814371;207;161095943;3203.412;399535.938;0.517;402739.844
Placass11008.jpg;40;1275669;159804478;277;161080424;3189.172;399511.188;0.692;402701.031
Placass11010.jpg;40;1278572;159844893;311;161123776;3196.430;399612.219;0.777;402809.406
Placass11013.jpg;39;1276596;159535515;229;160812340;3191.490;398838.813;0.572;402030.844
Placass11014.jpg;39;1273310;159622843;257;160896410;3183.275;399057.125;0.642;402241.063
Placass11018.jpg;39;1276736;159661847;277;160938860;3191.840;399154.594;0.692;402347.156
Placass11020.jpg;38;1275186;159854177;259;161129622;3187.965;399635.438;0.647;402824.063
Placass11021.jpg;39;1280460;159925135;275;161205870;3201.150;399812.844;0.687;403014.688
Placass11035.jpg;39;1275119;159763778;259;161039156;3187.798;399409.438;0.647;402597.875
Placass11037.jpg;39;1277486;159775483;209;161053178;3193.715;399438.719;0.522;402632.969
Placass11051.jpg;39;1279682;159809411;247;161089340;3199.205;399523.531;0.618;402723.344
Placass11054.jpg;40;1272784;159703727;247;160976758;3181.960;399259.313;0.618;402441.875
Placass11076.jpg;40;1277516;159612791;207;160890514;3193.790;399031.938;0.517;402226.281
Placass11077.jpg;38;1280604;159673275;275;160954154;3201.510;399183.188;0.687;402385.406
Placass11080.jpg;39;1281652;159638233;197;160920082;3204.130;399095.625;0.493;402300.188
Placass11092.jpg;38;1275237;159661508;195;160936940;3188.093;399153.750;0.488;402342.344
Placass11093.jpg;39;1278328;159674977;365;160953670;3195.820;399187.438;0.913;402384.156
Placass11105.jpg;40;1272924;159697419;195;160970538;3182.310;399243.563;0.488;402426.344
Placass11124.jpg;38;1275790;159663047;207;160939044;3189.475;399157.594;0.517;402347.594
Placass11126.jpg;39;1278469;159617430;205;160896104;3196.172;399043.563;0.512;402240.250
Placass11127.jpg;39;1278912;159665877;205;160944994;3197.280;399164.688;0.512;402362.469
Placass11128.jpg;38;1276108;159663401;197;160939706;3190.270;399158.531;0.493;402349.250
Placass11130.jpg;39;1279140;159564033;257;160843430;3197.850;398910.063;0.642;402108.563
Placass11131.jpg;39;1274624;159611815;207;160886646;3186.560;399029.500;0.517;402216.594
Placass11153.jpg;39;1277102;159891553;209;161168864;3192.755;399728.875;0.522;402922.156
Placass11155.jpg;39;1276010;159783037;209;161059256;3190.025;399457.594;0.522;402648.156
Placass11168.jpg;38;1272082;159666055;277;160938414;3180.205;399165.125;0.692;402346.031
Placass11170.jpg;39;1275326;159683195;231;160958752;3188.315;399207.969;0.577;402396.875
Placass11176.jpg;39;1275802;159687369;197;160963368;3189.505;399218.438;0.493;402408.406
Placass11178.jpg;38;1278380;159701889;207;160980476;3195.950;399254.719;0.517;402451.188
Placass11181.jpg;38;1274506;159717571;207;160992284;3186.265;399293.938;0.517;402480.719
Placass11187.jpg;38;1275786;159524355;197;160800338;3189.465;398810.875;0.493;402000.844
Placass11193.jpg;38;1281816;159700023;303;160982142;3204.540;399250.063;0.757;402455.375
Placass11205.jpg;39;1273497;159702542;207;160976246;3183.742;399256.344;0.517;402440.625
Placass11223.jpg;38;1275748;159851249;275;161127272;3189.370;399628.125;0.687;402818.156
Placass11229.jpg;39;1276734;159548827;293;160825854;3191.835;398872.063;0.733;402064.625
Placass11243.jpg;38;1279080;159887233;249;161166562;3197.700;399718.094;0.623;402916.406
Placass11247.jpg;38;1275265;159727518;305;161003088;3188.163;399318.781;0.762;402507.719
Placass11248.jpg;38;1279796;159732809;205;161012810;3199.490;399332.063;0.512;402532.063
Placass11258.jpg;38;1280918;159700449;303;160981670;3202.295;399251.094;0.757;402454.156
Placass11262.jpg;39;1275972;159920085;253;161196310;3189.930;399800.219;0.632;402990.750
Placass11266.jpg;39;1278280;159820195;323;161098798;3195.700;399550.500;0.808;402747.000
Placass11273.jpg;39;1279773;159841284;275;161121332;3199.432;399603.219;0.687;402803.344
Placass11279.jpg;39;1276452;159848271;307;161125030;3191.130;399620.656;0.767;402812.563
Placass11290.jpg;39;1277004;159809623;273;161086900;3192.510;399524.031;0.683;402717.219
Placass11303.jpg;38;1278234;159565099;331;160843664;3195.585;398912.750;0.827;402109.156
Placass11311.jpg;40;1274944;159710183;247;160985374;3187.360;399275.438;0.618;402463.438
Placass11326.jpg;39;1278882;159713331;245;160992458;3197.205;399283.313;0.613;402481.188
Placass11335.jpg;38;1274852;159739445;367;161014664;3187.130;399348.625;0.918;402536.625
Placass11359.jpg;39;1279104;159789381;277;161068762;3197.760;399473.438;0.692;402671.938
Placass11360.jpg;39;1274852;159802491;207;161077550;3187.130;399506.250;0.517;402693.875
Placass11378.jpg;38;1277540;159756855;277;161034672;3193.850;399392.125;0.692;402586.656
Placass11388.jpg;38;1280022;159777267;247;161057536;3200.055;399443.156;0.618;402643.844
Placass11397.jpg;39;1274221;159586534;293;160861048;3185.552;398966.313;0.733;402152.625
Placass11403.jpg;38;1280118;159819387;207;161099712;3200.295;399548.469;0.517;402749.281
Placass11404.jpg;39;1274305;159752948;207;161027460;3185.763;399382.344;0.517;402568.625
Placass11424.jpg;40;1278704;159774639;303;161053646;3196.760;399436.625;0.757;402634.094
Placass11429.jpg;39;1279914;159713021;197;160993132;3199.785;399282.563;0.493;402482.844
Placass11435.jpg;38;1280384;159843065;245;161123694;3200.960;399607.688;0.613;402809.250
Placass11439.jpg;40;1276375;159650742;207;160927324;3190.937;399126.813;0.517;402318.313
Placass11442.jpg;38;1274510;159603475;275;160878260;3186.275;399008.656;0.687;402195.625
Placass11444.jpg;39;1279490;159638625;283;160918398;3198.725;399096.531;0.707;402296.000
Placass11445.jpg;38;1281788;159694059;303;160976150;3204.470;399235.156;0.757;402440.375
Placass11448.jpg;39;1277014;159659703;207;160936924;3192.535;399149.219;0.517;402342.313
Placass11459.jpg;39;1279180;159714813;197;160994190;3197.950;399287.031;0.493;402485.500
Placass11461.jpg;38;1279225;159819110;209;161098544;3198.063;399547.750;0.522;402746.344
Placass11467.jpg;39;1278160;159863439;347;161141946;3195.400;399658.625;0.868;402854.875
Placass11470.jpg;38;1281362;159778881;275;161060518;3203.405;399447.188;0.687;402651.281
Placass11479.jpg;39;1278538;159563021;253;160841812;3196.345;398907.531;0.632;402104.531
Placass11486.jpg;38;1282420;159725331;323;161008074;3206.050;399313.313;0.808;402520.188
Placass11488.jpg;38;1286918;159668721;297;160955936;3217.295;399171.781;0.743;402389.813
Placass11498.jpg;39;1279748;159726515;287;161006550;3199.370;399316.281;0.717;402516.375
Placass11507.jpg;39;1277526;159736067;257;161013850;3193.815;399340.156;0.642;402534.656
Placass11510.jpg;38;1279097;159657526;205;160936828;3197.743;399143.813;0.512;402342.094
Placass11521.jpg;39;1276166;159757441;245;161033852;3190.415;399393.594;0.613;402584.656
Placass11531.jpg;39;1273005;159785046;349;161058400;3182.512;399462.625;0.873;402646.000
Placass11538.jpg;39;1275990;159814333;205;161090528;3189.975;399535.844;0.512;402726.344
Placass11542.jpg;39;1276009;159602956;197;160879162;3190.022;399007.406;0.493;402197.938
Placass11553.jpg;39;1275382;159805885;209;161081476;3188.455;399514.719;0.522;402703.688
Placass11560.jpg;39;1281712;159631263;255;160913230;3204.280;399078.156;0.637;402283.094
Placass11561.jpg;39;1279106;159644531;395;160924032;3197.765;399111.313;0.988;402310.094
Placass11563.jpg;40;1273396;159693785;295;160967476;3183.490;399234.500;0.738;402418.688
Placass11567.jpg;39;1275024;159772413;207;161047644;3187.560;399431.031;0.517;402619.125
Placass11569.jpg;39;1279588;159860029;207;161139824;3198.970;399650.063;0.517;402849.563
Placass11575.jpg;38;1274196;159856171;209;161130576;3185.490;399640.469;0.522;402826.438
Placass11579.jpg;40;1272536;159635591;197;160908324;3181.340;399088.938;0.493;402270.781
Placass11586.jpg;39;1275834;159641125;215;160917174;3189.585;399102.781;0.538;402292.938
Placass11597.jpg;39;1276390;159932725;209;161209324;3190.975;399831.813;0.522;403023.344
Placass11620.jpg;38;1279936;159620583;205;160900724;3199.840;399051.438;0.512;402251.781
Placass11623.jpg;39;1275020;159634301;293;160909614;3187.550;399085.750;0.733;402274.063
Placass11625.jpg;38;1277016;159840341;207;161117564;3192.540;399600.813;0.517;402793.906
Placass11655.jpg;40;1275502;159678173;209;160953884;3188.755;399195.438;0.522;402384.719
Placass11659.jpg;40;1279276;159733485;197;161012958;3198.190;399333.719;0.493;402532.375
Placass11668.jpg;38;1272164;159661665;327;160934156;3180.410;399154.156;0.817;402335.375
Placass11673.jpg;39;1281078;159624461;289;160905828;3202.695;399061.125;0.723;402264.531
Placass11676.jpg;39;1280406;159846227;205;161126838;3201.015;399615.531;0.512;402817.094
Placass11684.jpg;38;1273908;159810331;245;161084484;3184.770;399525.813;0.613;402711.188
Placass11700.jpg;38;1275982;159501115;207;160777304;3189.955;398752.813;0.517;401943.313
Placass11704.jpg;37;1281346;159601659;255;160883260;3203.365;399004.125;0.637;402208.156
plaacaas1016.jpg;39;1283056;159668637;307;160952000;3207.640;399171.625;0.767;402380.000
plaacaas1024.jpg;39;1279407;159750242;277;161029926;3198.518;399375.594;0.692;402574.781
plaacaas1029.jpg;38;1276516;159653571;247;160930334;3191.290;399133.906;0.618;402325.875
plaacaas1030.jpg;38;1279768;159656209;197;160936174;3199.420;399140.531;0.493;402340.469
plaacaas1040.jpg;39;1278112;159703253;305;160981670;3195.280;399258.094;0.762;402454.156
plaacaas1045.jpg;38;1281494;159801981;193;161083668;3203.735;399504.938;0.482;402709.188
plaacaas1068.jpg;38;1282016;159581403;275;160863694;3205.040;398953.500;0.687;402159.219
plaacaas1075.jpg;39;1278968;159741947;391;161021306;3197.420;399354.875;0.978;402553.281
plaacaas1077.jpg;37;1282793;159732042;195;161015030;3206.982;399330.125;0.488;402537.563
plaacaas1105.jpg;39;1278222;159733435;257;161011914;3195.555;399333.594;0.642;402529.781
plaacaas1111.jpg;39;1278042;159610839;247;160889128;3195.105;399027.094;0.618;402222.813
plaacaas1124.jpg;39;1279780;159740765;209;161020754;3199.450;399351.938;0.522;402551.906
plaacaas1126.jpg;38;1278080;159837281;367;161115728;3195.200;399593.188;0.918;402789.344
plaacaas1141.jpg;39;1279250;159747229;263;161026742;3198.125;399368.094;0.658;402566.813
plaacaas1147.jpg;39;1280392;159664779;259;160945430;3200.980;399161.969;0.647;402363.563
plaacaas1159.jpg;38;1278512;159539321;243;160818076;3196.280;398848.313;0.608;402045.219
plaacaas1160.jpg;38;1280512;159547521;193;160828226;3201.280;398868.781;0.482;402070.563
plaacaas1175.jpg;38;1282086;159797153;213;161079452;3205.215;399492.875;0.533;402698.656
plaacaas1177.jpg;38;1278720;159568665;205;160847590;3196.800;398921.688;0.512;402118.969
plaacaas1181.jpg;38;1278917;159678488;325;160957730;3197.292;399196.250;0.812;402394.313
plaacaas1186.jpg;38;1279808;159691299;303;160971410;3199.520;399228.250;0.757;402428.531
plaacaas1188.jpg;38;1277410;159645589;197;160923196;3193.525;399113.938;0.493;402308.000
plaacaas1193.jpg;38;1281841;159655000;277;160937118;3204.603;399137.531;0.692;402342.813
plaacaas1199.jpg;38;1289570;159452297;209;160742076;3223.925;398630.750;0.522;401855.219
plaacaas1200.jpg;38;1281132;159670745;329;160952206;3202.830;399176.875;0.822;402380.500
plaacaas1201.jpg;38;1278964;159510007;263;160789234;3197.410;398775.000;0.658;401973.063
plaacaas1207.jpg;38;1280060;159680109;205;160960374;3200.150;399200.250;0.512;402400.938
plaacaas1218.jpg;37;1279872;159844639;275;161124786;3199.680;399611.594;0.687;402811.969
plaacaas1220.jpg;38;1279587;159699162;273;160979022;3198.968;399247.906;0.683;402447.594
plaacaas1234.jpg;37;1279118;159676127;305;160955550;3197.795;399190.313;0.762;402388.906
plaacaas1251.jpg;39;1278910;159662985;337;160942232;3197.275;399157.469;0.842;402355.594
plaacaas1252.jpg;39;1278919;159559365;277;160838561;3197.298;398898.406;0.692;402096.375
plaacaas1280.jpg;37;1280067;159592674;207;160872948;3200.167;398981.688;0.517;402182.375
plaacaas1286.jpg;37;1279894;159619795;275;160899964;3199.735;399049.469;0.687;402249.906
plaacaas1299.jpg;38;1279846;159696487;205;160976538;3199.615;399241.188;0.512;402441.375
plaacaas1305.jpg;39;1290830;159655495;207;160946532;3227.075;399138.750;0.517;402366.344
plaacaas1309.jpg;37;1280711;159739974;197;161020882;3201.777;399349.906;0.493;402552.188
placaas10004.jpg;38;1277021;159644399;273;160921693;3192.552;399111.000;0.683;402304.250
placaas10007.jpg;38;1279330;159618677;195;160898202;3198.325;399046.656;0.488;402245.531
placaas10008.jpg;39;1273672;159660445;415;160934532;3184.180;399151.094;1.038;402336.313
placaas10011.jpg;37;1280539;159661204;197;160941940;3201.347;399153.000;0.493;402354.844
placaas10020.jpg;37;1280408;159637795;323;160918526;3201.020;399094.500;0.808;402296.344
placaas10023.jpg;37;1275170;159737719;287;161013176;3187.925;399344.313;0.717;402532.969
placaas10034.jpg;39;1275500;159699327;321;160975148;3188.750;399248.344;0.803;402437.875
placaas10037.jpg;39;1286610;159657047;307;160943964;3216.525;399142.594;0.767;402359.906
placaas10047.jpg;38;1274092;159646403;205;160920700;3185.230;399116.000;0.512;402301.750
placaas10049.jpg;38;1281788;159623179;303;160905270;3204.470;399057.938;0.757;402263.156
placaas10061.jpg;38;1274980;159704019;273;160979272;3187.450;399260.031;0.683;402448.156
placaas10063.jpg;38;1280674;159681101;205;160961980;3201.685;399202.750;0.512;402404.969
placaas10068.jpg;38;1273204;159690809;259;160964272;3183.010;399227.031;0.647;402410.656
placaas10073.jpg;38;1279400;159635779;227;160915406;3198.500;399089.438;0.567;402288.531
placaas10078.jpg;39;1279176;159613081;257;160892514;3197.940;399032.688;0.642;402231.281
placaas10081.jpg;39;1280840;159610329;245;160891414;3202.100;399025.813;0.613;402228.500
placaas10083.jpg;39;1280224;159555495;275;160835994;3200.560;398888.719;0.687;402090.000
placaas10089.jpg;39;1279042;159678637;209;160957888;3197.605;399196.625;0.522;402394.719
placaas10106.jpg;39;1277964;159681415;209;160959588;3194.910;399203.531;0.522;402398.969
placaas10113.jpg;38;1278607;159582686;287;160861580;3196.517;398956.688;0.717;402153.969
placaas10117.jpg;39;1278668;159631027;2681;160912376;3196.670;399077.531;6.702;402280.938
placaas10118.jpg;38;1279920;159672819;191;160952930;3199.800;399182.031;0.477;402382.313
placaas10136.jpg;40;1272054;159795165;205;161067424;3180.135;399487.906;0.512;402668.563
placaas10151.jpg;40;1292863;159687872;289;160981024;3232.157;399219.688;0.723;402452.563
placaas10160.jpg;39;1279478;159589327;255;160869060;3198.695;398973.313;0.637;402172.656
placaas10163.jpg;39;1278032;159662333;195;160940560;3195.080;399155.844;0.488;402351.406
placaas10166.jpg;39;1282072;159535431;259;160817762;3205.180;398838.563;0.647;402044.375
placaas10170.jpg;38;1279370;159652139;245;160931754;3198.425;399130.344;0.613;402329.375
placaas10184.jpg;39;1278012;159652761;277;160931050;3195.030;399131.938;0.692;402327.625
placaas10205.jpg;39;1278833;159597803;259;160876895;3197.082;398994.531;0.647;402192.219
placaas10209.jpg;39;1273280;159711977;197;160985454;3183.200;399279.969;0.493;402463.656
placaas10221.jpg;38;1282099;159636624;317;160919040;3205.248;399091.563;0.793;402297.594
placaas10222.jpg;38;1274299;159714912;193;160989404;3185.748;399287.313;0.482;402473.500
placaas10231.jpg;39;1279317;159603760;193;160883270;3198.292;399009.375;0.482;402208.156
placaas10247.jpg;39;1280085;159611662;205;160891952;3200.212;399029.188;0.512;402229.906
placaas10270.jpg;39;1277320;159747457;351;161025128;3193.300;399368.625;0.877;402562.781
placaas10275.jpg;39;1273814;159692747;197;160966758;3184.535;399231.875;0.493;402416.875
placaas10279.jpg;38;1281593;159589386;209;160871188;3203.983;398973.469;0.522;402177.969
placaas10282.jpg;38;1280558;159589613;305;160870476;3201.395;398974.031;0.762;402176.219
placaas10312.jpg;39;1276320;159637949;207;160914476;3190.800;399094.875;0.517;402286.188
placaas10316.jpg;38;1283408;159572265;207;160855880;3208.520;398930.688;0.517;402139.688
placaas10332.jpg;38;1282024;159657945;275;160940244;3205.060;399144.906;0.687;402350.594
placaas10357.jpg;40;1280278;159658049;369;160938696;3200.695;399145.125;0.923;402346.719
placaas10364.jpg;38;1277020;159699219;303;160976542;3192.550;399248.031;0.757;402441.375
placaas10392.jpg;39;1280903;159581168;263;160862334;3202.257;398952.938;0.658;402155.813
placaas10396.jpg;38;1279195;159647566;415;160927176;3197.987;399118.938;1.038;402317.938
placaas10398.jpg;39;1279596;159674503;207;160954306;3198.990;399186.250;0.517;402385.750
placaas10400.jpg;38;1281398;159607783;209;160889390;3203.495;399019.438;0.522;402223.469
placaas10412.jpg;39;1278808;159653963;195;160932966;3197.020;399134.906;0.488;402332.406
placaas10417.jpg;38;1279143;159646054;205;160925402;3197.858;399115.125;0.512;402313.531
placaas10423.jpg;39;1281632;159649689;325;160931646;3204.080;399124.219;0.812;402329.125
placaas10426.jpg;39;1275248;159680705;207;160956160;3188.120;399201.781;0.517;402390.406
placaas10434.jpg;39;1278844;159583315;275;160862434;3197.110;398958.281;0.687;402156.063
placaas10447.jpg;39;1279160;159608877;195;160888232;3197.900;399022.219;0.488;402220.531
placaas10452.jpg;38;1281400;159654453;197;160936050;3203.500;399136.125;0.493;402340.125
placaas10453.jpg;37;1278988;159656315;195;160935498;3197.470;399140.781;0.488;402338.781
placaas10458.jpg;38;1289894;159661519;273;160951686;3224.735;399153.781;0.683;402379.219
placaas10467.jpg;38;1281794;159692153;229;160974176;3204.485;399230.375;0.572;402435.469
placaas10468.jpg;37;1276847;159675318;275;160952440;3192.118;399188.281;0.687;402381.094
placaas10472.jpg;39;1279089;159668986;209;160948284;3197.723;399172.500;0.522;402370.750
placaas10493.jpg;38;1275736;159661527;231;160937494;3189.340;399153.781;0.577;402343.719
placaas10504.jpg;37;1282378;159689767;305;160972450;3205.945;399224.375;0.762;402431.125
placaas10509.jpg;38;1270640;159715239;349;160986228;3176.600;399288.094;0.873;402465.563
placaas10513.jpg;37;1280240;159539999;207;160820446;3200.600;398850.000;0.517;402051.125
placaas10519.jpg;39;1278624;159544235;275;160823134;3196.560;398860.625;0.687;402057.844
placaas10520.jpg;38;1277386;159669913;337;160947636;3193.465;399174.813;0.842;402369.063
placaas10533.jpg;38;1278304;159692377;305;160970986;3195.760;399230.969;0.762;402427.500
placaas10545.jpg;39;1279629;159627354;207;160907190;3199.072;399068.406;0.517;402267.969
placaas10558.jpg;39;1275304;159665013;289;160940606;3188.260;399162.531;0.723;402351.531
placaas10567.jpg;39;1280960;159698013;305;160979278;3202.400;399245.063;0.762;402448.219
placaas10569.jpg;37;1274218;159660019;275;160934512;3185.545;399150.063;0.687;402336.250
placaas10573.jpg;39;1281388;159697469;207;160979064;3203.470;399243.688;0.517;402447.656
placaas10582.jpg;39;1274965;159740682;259;161015906;3187.413;399351.719;0.647;402539.781
placaas10602.jpg;39;1278950;159629869;305;160909124;3197.375;399074.688;0.762;402272.813
placaas10606.jpg;38;1280427;159622334;197;160902958;3201.068;399055.844;0.493;402257.406
placaas10614.jpg;38;1281810;159642609;197;160924616;3204.525;399106.531;0.493;402311.531
placaas10617.jpg;38;1275164;159634425;207;160909796;3187.910;399086.094;0.517;402274.469
placaas10625.jpg;39;1275856;159666303;305;160942464;3189.640;399165.750;0.762;402356.156
placaas10641.jpg;38;1266280;159769731;417;161036428;3165.700;399424.313;1.043;402591.063
placaas10646.jpg;38;1279328;159588049;209;160867586;3198.320;398970.125;0.522;402168.938
placaas10650.jpg;38;1273467;159687714;367;160961548;3183.667;399219.250;0.918;402403.875
placaas10668.jpg;38;1278004;159641581;209;160919794;3195.010;399103.969;0.522;402299.469
placaas10669.jpg;38;1279671;159538942;323;160818936;3199.177;398847.344;0.808;402047.344
placaas10679.jpg;38;1279885;159598546;1327;160879758;3199.713;398996.375;3.318;402199.406
placaas10685.jpg;39;1279386;159632569;197;160912152;3198.465;399081.438;0.493;402280.406
placaas10688.jpg;38;1277912;159659087;369;160937368;3194.780;399147.719;0.923;402343.438
placaas10697.jpg;39;1278144;159680049;207;160958400;3195.360;399200.125;0.517;402396.000
placaas10700.jpg;38;1277916;159619335;259;160897510;3194.790;399048.313;0.647;402243.781
placaas10705.jpg;38;1280858;159602909;205;160883972;3202.145;399007.281;0.512;402209.938
placaas10713.jpg;39;1280132;159675263;197;160955592;3200.330;399188.156;0.493;402388.938
placaas10716.jpg;38;1278100;159725191;205;161003496;3195.250;399312.969;0.512;402508.719
placaas10717.jpg;38;1281644;159628851;195;160910690;3204.110;399072.125;0.488;402276.719
placaas10724.jpg;37;1282246;159670725;245;160953216;3205.615;399176.813;0.613;402383.031
placaas10730.jpg;39;1280076;159615149;205;160895430;3200.190;399037.875;0.512;402238.563
placaas10735.jpg;38;1275015;159643618;207;160918840;3187.537;399109.031;0.517;402297.125
placaas10739.jpg;37;1279958;159670441;349;160950748;3199.895;399176.094;0.873;402376.875
placaas10752.jpg;38;1278340;159713683;195;160992218;3195.850;399284.188;0.488;402480.531
placaas10764.jpg;38;1272422;159681451;275;160954148;3181.055;399203.625;0.687;402385.375
placaas10769.jpg;37;1280524;159701741;197;160982462;3201.310;399254.375;0.493;402456.188
placaas10773.jpg;39;1275002;159781295;209;161056506;3187.505;399453.219;0.522;402641.281
placaas10779.jpg;38;1279138;159587835;291;160867264;3197.845;398969.625;0.728;402168.156
placaas10787.jpg;38;1279356;159618413;195;160897964;3198.390;399046.031;0.488;402244.906
placaas10797.jpg;38;1275074;159779143;197;161054414;3187.685;399447.844;0.493;402636.031
placaas10805.jpg;38;1270668;159649097;343;160920108;3176.670;399122.750;0.858;402300.281
placaas10837.jpg;38;1282335;159556230;259;160838824;3205.838;398890.563;0.647;402097.031
placaas10842.jpg;39;1279648;159656693;209;160936550;3199.120;399141.719;0.522;402341.375
placaas10857.jpg;37;1277925;159683756;207;160961888;3194.813;399209.406;0.517;402404.719
placaas10861.jpg;38;1279833;159560072;415;160840320;3199.583;398900.156;1.038;402100.781
placaas10880.jpg;38;1274165;159753110;195;161027470;3185.412;399382.750;0.488;402568.656
placaas10882.jpg;39;1270692;159748709;303;161019704;3176.730;399371.781;0.757;402549.281
placaas10889.jpg;39;1274798;159674859;225;160949882;3186.995;399187.188;0.562;402374.719
placaas10910.jpg;38;1292845;159609958;197;160903000;3232.113;399024.875;0.493;402257.531
placaas10911.jpg;39;1274580;159628751;367;160903698;3186.450;399071.875;0.918;402259.250
placaas10913.jpg;38;1278500;159702425;207;160981132;3196.250;399256.094;0.517;402452.813
placaas10918.jpg;38;1280412;159555085;205;160835702;3201.030;398887.719;0.512;402089.250
placaas10923.jpg;37;1278100;159738029;299;161016428;3195.250;399345.094;0.748;402541.063
placaas10924.jpg;38;1276213;159687910;195;160964318;3190.532;399219.781;0.488;402410.781
placaas10928.jpg;38;1281118;159581157;207;160862482;3202.795;398952.875;0.517;402156.188
placaas10934.jpg;39;1279796;159609681;209;160889686;3199.490;399024.188;0.522;402224.188
placaas10935.jpg;38;1280082;159597821;273;160878176;3200.205;398994.563;0.683;402195.469
placaas10941.jpg;37;1279043;159679518;247;160958808;3197.608;399198.813;0.618;402397.031
placaas10979.jpg;38;1280462;159689201;197;160969860;3201.155;399223.000;0.493;402424.625
placaas10986.jpg;38;1274674;159599771;207;160874652;3186.685;398999.438;0.517;402186.656
placaas10995.jpg;38;1276780;159615405;197;160892382;3191.950;399038.531;0.493;402230.938
placaas10996.jpg;39;1279872;159662597;207;160942676;3199.680;399156.469;0.517;402356.688
placaas10999.jpg;37;1280411;159595396;285;160876092;3201.028;398988.500;0.712;402190.250
placaas11002.jpg;38;1276569;159651474;321;160928364;3191.423;399128.656;0.803;402320.906
placaas11011.jpg;38;1275596;159566667;243;160842506;3188.990;398916.688;0.608;402106.281
placaas11012.jpg;38;1280810;159591565;349;160872724;3202.025;398978.938;0.873;402181.781
placaas11014.jpg;38;1279988;159648525;263;160928776;3199.970;399121.344;0.658;402321.906
placaas11036.jpg;37;1278410;159669493;195;160948098;3196.025;399173.719;0.488;402370.250
placaas11048.jpg;37;1279660;159655945;209;160935814;3199.150;399139.875;0.522;402339.531
placaas11052.jpg;37;1277733;159606138;195;160884066;3194.333;399015.375;0.488;402210.125
placaas11064.jpg;37;1279386;159599887;205;160879478;3198.465;398999.750;0.512;402198.688
placaas11070.jpg;38;1274764;159585639;203;160860606;3186.910;398964.094;0.507;402151.500
placaas11071.jpg;38;1276061;159643716;207;160919984;3190.153;399109.281;0.517;402299.938
placaas11074.jpg;38;1273329;159722274;215;160995818;3183.323;399305.656;0.538;402489.563
placaas11100.jpg;39;1278794;159577619;205;160856618;3196.985;398944.031;0.512;402141.563
placaas11107.jpg;38;1279468;159550957;193;160830618;3198.670;398877.375;0.482;402076.563
placaas11111.jpg;38;1280138;159666347;197;160946682;3200.345;399165.875;0.493;402366.719
placaas11116.jpg;37;1278276;159704311;237;160982824;3195.690;399260.750;0.592;402457.063
placaas11119.jpg;37;1277226;159673679;207;160951112;3193.065;399184.188;0.517;402377.750
placaas11120.jpg;37;1278655;159697494;193;160976342;3196.637;399243.719;0.482;402440.813
placaas11143.jpg;37;1278841;159695784;207;160974832;3197.103;399239.438;0.517;402437.094
placaas11145.jpg;39;1274762;159750849;207;161025818;3186.905;399377.125;0.517;402564.563
placaas11150.jpg;38;1276940;159686413;197;160963550;3192.350;399216.031;0.493;402408.875
placaas11151.jpg;38;1278914;159683037;195;160962146;3197.285;399207.594;0.488;402405.344
placaas11169.jpg;38;1281331;159560008;337;160841676;3203.328;398900.000;0.842;402104.188
placaas11170.jpg;39;1277768;159610281;345;160888394;3194.420;399025.750;0.863;402221.000
placaas11174.jpg;39;1273232;159751309;209;161024750;3183.080;399378.281;0.522;402561.875
placaas11176.jpg;39;1281738;159674437;273;160956448;3204.345;399186.094;0.683;402391.125
placaas11177.jpg;38;1279278;159612093;247;160891618;3198.195;399030.219;0.618;402229.063
placaas11179.jpg;37;1279484;159592667;415;160872566;3198.710;398981.688;1.038;402181.406
placaas11181.jpg;37;1278164;159622607;207;160900978;3195.410;399056.531;0.517;402252.469
placaas11187.jpg;38;1280074;159653347;275;160933696;3200.185;399133.375;0.687;402334.250
placaas11193.jpg;37;1273883;159629470;277;160903630;3184.708;399073.688;0.692;402259.094
placaas11194.jpg;38;1277778;159670101;257;160948136;3194.445;399175.219;0.642;402370.313
placaas11198.jpg;38;1278917;159616228;275;160895420;3197.292;399040.531;0.687;402238.563
placaas11206.jpg;38;1274412;159649213;255;160923880;3186.030;399123.063;0.637;402309.656
placaas11213.jpg;38;1272110;159703017;205;160975332;3180.275;399257.563;0.512;402438.313
placaas11215.jpg;38;1280810;159611279;209;160892298;3202.025;399028.219;0.522;402230.781
placaas11218.jpg;38;1277650;159656253;249;160934152;3194.125;399140.625;0.623;402335.344
placaas11229.jpg;37;1272880;159722427;283;160995590;3182.200;399306.094;0.707;402488.969
placaas11249.jpg;37;1273488;159704319;413;160978220;3183.720;399260.781;1.033;402445.563
placaas11260.jpg;37;1279718;159685983;195;160965896;3199.295;399214.938;0.488;402414.750
placaas11264.jpg;38;1274116;159662737;207;160937060;3185.290;399156.844;0.517;402342.625
placaas11265.jpg;38;1275445;159640516;305;160916266;3188.613;399101.281;0.762;402290.656
placaas11268.jpg;39;1278646;159609607;207;160888460;3196.615;399024.031;0.517;402221.156
placaas11271.jpg;37;1274596;159716421;293;160991310;3186.490;399291.031;0.733;402478.281
placaas11280.jpg;38;1270610;159770985;545;161042140;3176.525;399427.469;1.362;402605.375
placaas11299.jpg;37;1276309;159707350;273;160983932;3190.772;399268.375;0.683;402459.813
placaas11302.jpg;38;1278112;159671383;195;160949690;3195.280;399178.469;0.488;402374.219
placaas11304.jpg;37;1281930;159617207;351;160899488;3204.825;399043.031;0.877;402248.719
placaas11324.jpg;38;1279500;159642915;367;160922782;3198.750;399107.281;0.918;402306.938
placaas11328.jpg;37;1279134;159661669;283;160941086;3197.835;399154.156;0.707;402352.719
placaas11338.jpg;38;1279104;159704711;207;160984022;3197.760;399261.750;0.517;402460.031
placaas11342.jpg;39;1273696;159619735;277;160893708;3184.240;399049.313;0.692;402234.313
placaas11353.jpg;38;1278408;159540581;205;160819194;3196.020;398851.438;0.512;402048.000
placaas11366.jpg;37;1282453;159607762;197;160890412;3206.133;399019.406;0.493;402226.031
placaas11370.jpg;37;1278662;159579163;1399;160859224;3196.655;398947.938;3.498;402148.063
placaas11390.jpg;38;1279464;159614949;205;160894618;3198.660;399037.344;0.512;402236.563
placaas11393.jpg;38;1280840;159718421;273;160999534;3202.100;399296.031;0.683;402498.844
placaas11395.jpg;38;1278722;159721261;207;161000190;3196.805;399303.156;0.517;402500.469
placaas11403.jpg;38;1280132;159563929;285;160844346;3200.330;398909.844;0.712;402110.875
placaas11410.jpg;38;1280716;159675571;351;160956638;3201.790;399188.938;0.877;402391.594
placaas11417.jpg;39;1279068;159609355;195;160888618;3197.670;399023.406;0.488;402221.563
placas1010.jpg;38;1280398;159824037;289;161104724;3200.995;399560.094;0.723;402761.813
placas1033.jpg;38;1279191;159836132;205;161115528;3197.978;399590.344;0.512;402788.781
placas1034.jpg;39;1269352;159866261;195;161135808;3173.380;399665.625;0.488;402839.531
placas1038.jpg;38;1268750;159614277;273;160883300;3171.875;399035.688;0.683;402208.250
placas1054.jpg;37;1266261;159856338;319;161122918;3165.653;399640.844;0.798;402807.281
placas1055.jpg;38;1279890;159512859;259;160793008;3199.725;398782.188;0.647;401982.500
placas1078.jpg;38;1280264;159718593;197;160999054;3200.660;399296.469;0.493;402497.656
placas1099.jpg;39;1271671;159652748;259;160924678;3179.177;399131.906;0.647;402311.688
placas1101.jpg;37;1279988;159626543;233;160906764;3199.970;399066.344;0.582;402266.938
placas1105.jpg;38;1278528;159860115;209;161138852;3196.320;399650.281;0.522;402847.125
placas1106.jpg;38;1261228;159853407;207;161114842;3153.070;399633.531;0.517;402787.094
placas1113.jpg;38;1279383;159453186;195;160732764;3198.458;398632.938;0.488;401831.938
placas1116.jpg;37;1280154;159614237;319;160894710;3200.385;399035.594;0.798;402236.781
placas1127.jpg;37;1279382;159573703;321;160853406;3198.455;398934.219;0.803;402133.500
placas1131.jpg;38;1278534;159618895;207;160897636;3196.335;399047.250;0.517;402244.063
placas1145.jpg;38;1273276;159797525;205;161071006;3183.190;399493.781;0.512;402677.500
placas1152.jpg;37;1279613;159584164;305;160864082;3199.032;398960.406;0.762;402160.188
placas1159.jpg;37;1278810;159562013;289;160841112;3197.025;398905.031;0.723;402102.813
placas1171.jpg;38;1270454;159712813;213;160983480;3176.135;399282.063;0.533;402458.750
placas1174.jpg;38;1281718;159598799;277;160880794;3204.295;398997.000;0.692;402202.000
placas1175.jpg;38;1279244;159458139;273;160737656;3198.110;398645.344;0.683;401844.156
placas1180.jpg;39;1279996;159890551;305;161170852;3199.990;399726.344;0.762;402927.125
placas1188.jpg;38;1273710;159860145;195;161134050;3184.275;399650.344;0.488;402835.125
placas1216.jpg;38;1279512;159826379;195;161106086;3198.780;399565.969;0.488;402765.219
placas1247.jpg;38;1277498;159693513;305;160971316;3193.745;399233.813;0.762;402428.281
placas1261.jpg;38;1275386;159503757;275;160779418;3188.465;398759.406;0.687;401948.531
placas1264.jpg;37;1275030;159780571;209;161055810;3187.575;399451.406;0.522;402639.500
placas1285.jpg;38;1279164;159786107;293;161065564;3197.910;399465.250;0.733;402663.906
placas1299.jpg;37;1272538;159783967;275;161056780;3181.345;399459.938;0.687;402641.938
placas1305.jpg;38;1265962;159862771;207;161128940;3164.905;399656.906;0.517;402822.344
placas1313.jpg;38;1276029;159692282;303;160968614;3190.073;399230.719;0.757;402421.531
placas1338.jpg;38;1279690;159793249;207;161073146;3199.225;399483.125;0.517;402682.875
placas1342.jpg;38;1278535;159836554;195;161115284;3196.337;399591.375;0.488;402788.188
placas1345.jpg;38;1234202;159880455;229;161114886;3085.505;399701.094;0.572;402787.188
placas1352.jpg;37;1278169;159604366;273;160882808;3195.423;399010.938;0.683;402207.031
placas1353.jpg;38;1272778;159616161;215;160889154;3181.945;399040.406;0.538;402222.875
placas1355.jpg;38;1270232;159717219;275;160987726;3175.580;399293.031;0.687;402469.313
placas1366.jpg;37;1253322;159847195;207;161100724;3133.305;399618.031;0.517;402751.781
placas1399.jpg;38;1279688;159895957;259;161175904;3199.220;399739.875;0.647;402939.781
placas1405.jpg;38;1278402;159687253;257;160965912;3196.005;399218.125;0.642;402414.781
placas1419.jpg;36;1279290;159657743;273;160937306;3198.225;399144.344;0.683;402343.281
placas1504.jpg;38;1266044;159755407;301;161021752;3165.110;399388.500;0.752;402554.406
placas1516.jpg;38;1281632;159613109;245;160894986;3204.080;399032.750;0.613;402237.500
placas1540.jpg;37;1282044;159660743;207;160942994;3205.110;399151.813;0.517;402357.500
placas1557.jpg;37;1281545;159751986;349;161033880;3203.862;399379.938;0.873;402584.719
placas1578.jpg;37;1280804;159796303;275;161077382;3202.010;399490.750;0.687;402693.438
placas1602.jpg;38;1271902;159782641;205;161054748;3179.755;399456.594;0.512;402636.875
placas1610.jpg;38;1234562;159833557;245;161068364;3086.405;399583.875;0.613;402670.938
placas1619.jpg;38;1281716;159707237;205;160989158;3204.290;399268.094;0.512;402472.875
placas1621.jpg;38;1273998;159734469;275;161008742;3184.995;399336.156;0.687;402521.875
placas1627.jpg;37;1274074;159757667;209;161031950;3185.185;399394.156;0.522;402579.875
placas1637.jpg;38;1291162;159670151;207;160961520;3227.905;399175.344;0.517;402403.781
placas1644.jpg;38;1292256;159566317;387;160858960;3230.640;398915.813;0.967;402147.406
placas1658.jpg;38;1281338;159811771;233;161093342;3203.345;399529.438;0.582;402733.375
placas1677.jpg;37;1265754;159902697;207;161168658;3164.385;399756.750;0.517;402921.625
placas1680.jpg;38;1278096;159749507;207;161027810;3195.240;399373.750;0.517;402569.500
placas1684.jpg;38;1263779;159849598;259;161113636;3159.448;399624.031;0.647;402784.094
placas1700.jpg;37;1282447;159546054;247;160828748;3206.117;398865.125;0.618;402071.906
placas1723.jpg;39;1280970;159674585;209;160955764;3202.425;399186.469;0.522;402389.406
placas1726.jpg;39;1280544;159719347;207;161000098;3201.360;399298.375;0.517;402500.250
placas1729.jpg;37;1279618;159534145;229;160813992;3199.045;398835.375;0.572;402034.938
Motospl10011.jpg;39;1277754;159582113;207;160860074;3194.385;398955.281;0.517;402150.188
Motospl10016.jpg;38;1277998;159774867;195;161053060;3194.995;399437.156;0.488;402632.625
Motospl10019.jpg;38;1279294;159652043;249;160931586;3198.235;399130.125;0.623;402328.969
Motospl10031.jpg;37;1279137;159704128;205;160983470;3197.843;399260.313;0.512;402458.688
Motospl10035.jpg;38;1277530;159675433;339;160953302;3193.825;399188.594;0.848;402383.250
Motospl10037.jpg;38;1282472;159662129;197;160944798;3206.180;399155.313;0.493;402362.000
Motospl10039.jpg;36;1290504;159637525;367;160928396;3226.260;399093.813;0.918;402321.000
Motospl10041.jpg;37;1274502;159730653;207;161005362;3186.255;399326.625;0.517;402513.375
Motospl10054.jpg;37;1275772;159758015;207;161033994;3189.430;399395.063;0.517;402585.000
Motospl10059.jpg;36;1270860;159798753;275;161069888;3177.150;399496.875;0.687;402674.688
Motospl10075.jpg;38;1279480;159774749;289;161054518;3198.700;399436.875;0.723;402636.281
Motospl10080.jpg;37;1273453;159835776;209;161109438;3183.632;399589.469;0.522;402773.594
Motospl10082.jpg;38;1278720;159645820;195;160924735;3196.800;399114.563;0.488;402311.844
Motospl10084.jpg;37;1279908;159622239;311;160902458;3199.770;399055.594;0.777;402256.156
Motospl10091.jpg;37;1283208;159583039;205;160866452;3208.020;398957.594;0.512;402166.094
Motospl10106.jpg;38;1278941;159644288;197;160923426;3197.352;399110.719;0.493;402308.594
Motospl10114.jpg;37;1280182;159629837;195;160910214;3200.455;399074.594;0.488;402275.531
Motospl10120.jpg;38;1279405;159514436;205;160794046;3198.513;398786.063;0.512;401985.125
Motospl10127.jpg;38;1280454;159664823;231;160945508;3201.135;399162.063;0.577;402363.781
Motospl10138.jpg;37;1275366;159656781;337;160932484;3188.415;399141.969;0.842;402331.188
Motospl10147.jpg;37;1281312;159652877;257;160934446;3203.280;399132.188;0.642;402336.125
Motospl10156.jpg;38;1277674;159619869;197;160897740;3194.185;399049.688;0.493;402244.375
Motospl10157.jpg;37;1280420;159631099;207;160911726;3201.050;399077.750;0.517;402279.313
Motospl10161.jpg;37;1277736;159656939;197;160934872;3194.340;399142.344;0.493;402337.188
Motospl10164.jpg;38;1276646;159568103;195;160844944;3191.615;398920.250;0.488;402112.375
Motospl10190.jpg;38;1278693;159759018;305;161038016;3196.732;399397.563;0.762;402595.063
Motospl10199.jpg;36;1277366;159670251;195;160947812;3193.415;399175.656;0.488;402369.531
Motospl10200.jpg;38;1279062;159673422;365;160952849;3197.655;399183.563;0.913;402382.094
Motospl10202.jpg;38;1275878;159654173;265;160930316;3189.695;399135.406;0.663;402325.813
Motospl10204.jpg;38;1281550;159653893;205;160935648;3203.875;399134.719;0.512;402339.125
Motospl10206.jpg;39;1290624;159669575;305;160960504;3226.560;399173.938;0.762;402401.281
Motospl10208.jpg;38;1279240;159684171;207;160963618;3198.100;399210.469;0.517;402409.031
Motospl10210.jpg;36;1278666;159480089;351;160759106;3196.665;398700.219;0.877;401897.750
Motospl10222.jpg;37;1268192;159906537;249;161174978;3170.480;399766.375;0.623;402937.438
Motospl10224.jpg;38;1267198;159823239;195;161090632;3167.995;399558.094;0.488;402726.531
Motospl10233.jpg;38;1278354;159689103;201;160967658;3195.885;399222.750;0.502;402419.156
Motospl10235.jpg;38;1280050;159653579;227;160933856;3200.125;399133.969;0.567;402334.625
Motospl10239.jpg;38;1277644;159671513;245;160949402;3194.110;399178.781;0.613;402373.500
Motospl10240.jpg;38;1278080;159604075;321;160882476;3195.200;399010.188;0.803;402206.188
Motospl10266.jpg;37;1282418;159607571;283;160890272;3206.045;399018.906;0.707;402225.688
Motospl10272.jpg;38;1282149;159624516;201;160906866;3205.373;399061.281;0.502;402267.125
Motospl10273.jpg;37;1274879;159766316;305;161041500;3187.198;399415.813;0.762;402603.781
Motospl10297.jpg;38;1278884;159631813;205;160910902;3197.210;399079.500;0.512;402277.250
Motospl10313.jpg;38;1282991;159693796;205;160976992;3207.478;399234.500;0.512;402442.469
Motospl10337.jpg;38;1271467;159720112;295;160991874;3178.667;399300.313;0.738;402479.656
Motospl10367.jpg;38;1274015;159722778;275;160997068;3185.038;399306.969;0.687;402492.656
Motospl10371.jpg;38;1279728;159673903;255;160953886;3199.320;399184.750;0.637;402384.719
Motospl10372.jpg;38;1272908;159790149;369;161063426;3182.270;399475.375;0.923;402658.563
Motospl10375.jpg;38;1279960;159584903;303;160865166;3199.900;398962.250;0.757;402162.906
Motospl10377.jpg;37;1279174;159744261;207;161023642;3197.935;399360.656;0.517;402559.094
Motospl10387.jpg;37;1280063;159665354;209;160945626;3200.158;399163.406;0.522;402364.063
Motospl10396.jpg;37;1278040;159805899;287;161084226;3195.100;399514.750;0.717;402710.563
Motospl10406.jpg;38;1280611;159689304;193;160970108;3201.528;399223.281;0.482;402425.250
Motospl10409.jpg;38;1278968;159604743;245;160883956;3197.420;399011.844;0.613;402209.875
Motospl10416.jpg;38;1279782;159623021;285;160903088;3199.455;399057.563;0.712;402257.688
Motospl10418.jpg;38;1272940;159767961;195;161041096;3182.350;399419.906;0.488;402602.719
Motospl10421.jpg;37;1277015;159716672;275;160993962;3192.537;399291.656;0.687;402484.906
Motospl10422.jpg;37;1278618;159674965;365;160953948;3196.545;399187.375;0.913;402384.875
Motospl10427.jpg;37;1277582;159722929;275;161000786;3193.955;399307.313;0.687;402501.969
Motospl10428.jpg;37;1276560;159710952;213;160987725;3191.400;399277.344;0.533;402469.313
Motospl10438.jpg;38;1273164;159663741;303;160937208;3182.910;399159.375;0.757;402343.063
Motospl10441.jpg;38;1266799;159741128;275;161008202;3166.997;399352.813;0.687;402520.531
Motospl10444.jpg;37;1264035;159843660;295;161107990;3160.088;399609.156;0.738;402769.969
Motospl10451.jpg;38;1277431;159612850;203;160890484;3193.577;399032.125;0.507;402226.219
Motospl10461.jpg;38;1278288;159693011;275;160971574;3195.720;399232.531;0.687;402428.906
Motospl10469.jpg;38;1276890;159662085;253;160939228;3192.225;399155.219;0.632;402348.094
Motospl10476.jpg;38;1279406;159646407;231;160926044;3198.515;399116.000;0.577;402315.125
Motospl10484.jpg;37;1279254;159614629;255;160894138;3198.135;399036.563;0.637;402235.344
Motospl10492.jpg;38;1279916;159641635;263;160921814;3199.790;399104.094;0.658;402304.500
Motospl10501.jpg;38;1282047;159632357;275;160914679;3205.117;399080.906;0.687;402286.688
Motospl10516.jpg;37;1279290;159626991;221;160906502;3198.225;399067.469;0.553;402266.250
Motospl10519.jpg;38;1280146;159645033;257;160925436;3200.365;399112.594;0.642;402313.625
Motospl10520.jpg;38;1278919;159652530;207;160931656;3197.298;399131.313;0.517;402329.125
Motospl10538.jpg;38;1272635;159827608;285;161100528;3181.588;399569.031;0.712;402751.344
Motospl10542.jpg;38;1276920;159563197;249;160840366;3192.300;398908.000;0.623;402100.906
Motospl10544.jpg;38;1281718;159579203;275;160861196;3204.295;398948.031;0.687;402153.000
Motospl10552.jpg;38;1275797;159722100;307;160998204;3189.493;399305.250;0.767;402495.531
Motospl10556.jpg;37;1280855;159573164;209;160854228;3202.137;398932.906;0.522;402135.563
Motospl10563.jpg;38;1280627;159681468;249;160962344;3201.568;399203.656;0.623;402405.844
Motospl10565.jpg;38;1278462;159697301;209;160975972;3196.155;399243.250;0.522;402439.906
Motospl10570.jpg;37;1267622;159767397;205;161035224;3169.055;399418.500;0.512;402588.094
Motospl10576.jpg;38;1277577;159668806;195;160946578;3193.943;399172.000;0.488;402366.406
Motospl10577.jpg;36;1277583;159651133;205;160928921;3193.958;399127.844;0.512;402322.344
Motospl10582.jpg;38;1279732;159702443;207;160982382;3199.330;399256.125;0.517;402455.969
Motospl10589.jpg;38;1282052;159658265;209;160940526;3205.130;399145.688;0.522;402351.313
Motospl10602.jpg;37;1269266;159713285;285;160982836;3173.165;399283.188;0.712;402457.094
Motospl10605.jpg;38;1278802;159588291;207;160867300;3197.005;398970.719;0.517;402168.250
Motospl10623.jpg;37;1273658;159759057;275;161032990;3184.145;399397.656;0.687;402582.469
Motospl10626.jpg;38;1279066;159661687;227;160940980;3197.665;399154.219;0.567;402352.438
Motospl10628.jpg;38;1281322;159637557;257;160919136;3203.305;399093.906;0.642;402297.844
Motospl10630.jpg;37;1278292;159709497;265;160988054;3195.730;399273.750;0.663;402470.094
Motospl10635.jpg;38;1277794;159646365;209;160924368;3194.485;399115.906;0.522;402310.938
Motospl10645.jpg;38;1279140;159604863;195;160884198;3197.850;399012.156;0.488;402210.469
Motospl10671.jpg;37;1274990;159679203;207;160954400;3187.475;399198.000;0.517;402386.000
Motospl10674.jpg;38;1279864;159541189;233;160821286;3199.660;398852.969;0.582;402053.188
Motospl10679.jpg;39;1278100;159687823;207;160966130;3195.250;399219.563;0.517;402415.313
Motospl10690.jpg;38;1277484;159601227;367;160879078;3193.710;399003.094;0.918;402197.688
Motospl10692.jpg;38;1275846;159655149;205;160931200;3189.615;399137.906;0.512;402328.000
Motospl10698.jpg;39;1274727;159685240;303;160960270;3186.817;399213.094;0.757;402400.688
Motospl10707.jpg;39;1281124;159675229;257;160956610;3202.810;399188.063;0.642;402391.500
Motospl10713.jpg;38;1282596;159647407;275;160930278;3206.490;399118.531;0.687;402325.688
Motospl10715.jpg;38;1278708;159693323;205;160972236;3196.770;399233.313;0.512;402430.594
Motospl10719.jpg;39;1281480;159593943;197;160875620;3203.700;398984.844;0.493;402189.031
Motospl10721.jpg;39;1276116;159651759;207;160928082;3190.290;399129.375;0.517;402320.188
Motospl10729.jpg;39;1277258;159716581;273;160994112;3193.145;399291.438;0.683;402485.281
Motospl10733.jpg;39;1281534;159777335;195;161059064;3203.835;399443.313;0.488;402647.688
Motospl10735.jpg;39;1273989;159779065;207;161053261;3184.973;399447.688;0.517;402633.188
Motospl10739.jpg;39;1278362;159666567;207;160945136;3195.905;399166.406;0.517;402362.844
Motospl10748.jpg;40;1278581;159644488;207;160923276;3196.453;399111.219;0.517;402308.188
Motospl10751.jpg;40;1278634;159652819;205;160931658;3196.585;399132.031;0.512;402329.188
Motospl10762.jpg;38;1277898;159595491;233;160873622;3194.745;398988.719;0.582;402184.063
Motospl10766.jpg;38;1278760;159619001;311;160898072;3196.900;399047.500;0.777;402245.219
Motospl10774.jpg;39;1276472;159679667;213;160956352;3191.180;399199.188;0.533;402390.875
Motospl10795.jpg;38;1275384;159693451;209;160969044;3188.460;399233.656;0.522;402422.594
Motospl10797.jpg;38;1278766;159587489;273;160866528;3196.915;398968.750;0.683;402166.313
Motospl10803.jpg;38;1271018;159831399;399;161102816;3177.545;399578.469;0.998;402757.031
Motospl10806.jpg;39;1278258;159715830;209;160994297;3195.645;399289.563;0.522;402485.750
Motospl10815.jpg;38;1281093;159661852;197;160943142;3202.732;399154.625;0.493;402357.813
Motospl10823.jpg;37;1279796;159731175;207;161011178;3199.490;399327.938;0.517;402527.938
Motospl10841.jpg;38;1276854;159768457;321;161045632;3192.135;399421.188;0.803;402614.094
Motospl10843.jpg;37;1279652;159657059;209;160936920;3199.130;399142.625;0.522;402342.313
Motospl10844.jpg;38;1270545;159709700;365;160980610;3176.363;399274.250;0.913;402451.531
Motospl10846.jpg;38;1280842;159672145;349;160953336;3202.105;399180.344;0.873;402383.375
Motospl10848.jpg;39;1281770;159676313;211;160958294;3204.425;399190.781;0.527;402395.750
Motospl10850.jpg;39;1265895;159804924;307;161071126;3164.737;399512.313;0.767;402677.813
Motospl10854.jpg;37;1279650;159637261;205;160917116;3199.125;399093.156;0.512;402292.813
Motospl10870.jpg;39;1279127;159627988;213;160907328;3197.818;399069.938;0.533;402268.313
Motospl10875.jpg;37;1280498;159612523;275;160893296;3201.245;399031.313;0.687;402233.250
Motospl10879.jpg;38;1275503;159757304;275;161033082;3188.758;399393.281;0.687;402582.719
Motospl10886.jpg;37;1278935;159661740;307;160940982;3197.338;399154.375;0.767;402352.438
Motospl10894.jpg;38;1281023;159624138;303;160905464;3202.558;399060.344;0.757;402263.688
Motospl10906.jpg;39;1271690;159765111;275;161037076;3179.225;399412.750;0.687;402592.656
Motospl10922.jpg;38;1274276;159807593;291;161082160;3185.690;399519.000;0.728;402705.406
Motospl10935.jpg;38;1276472;159664607;195;160941274;3191.180;399161.500;0.488;402353.219
Motospl10939.jpg;37;1271456;159712475;207;160984138;3178.640;399281.219;0.517;402460.375
Motospl10944.jpg;39;1279452;159682027;207;160961686;3198.630;399205.094;0.517;402404.219
Motospl10946.jpg;39;1277870;159655595;367;160933832;3194.675;399139.000;0.918;402334.531
Motospl10948.jpg;38;1280130;159685131;197;160965458;3200.325;399212.844;0.493;402413.656
Motospl10952.jpg;37;1275920;159909397;207;161185524;3189.800;399773.500;0.517;402963.813
Motospl10956.jpg;38;1280436;159651325;325;160932086;3201.090;399128.344;0.812;402330.188
Motospl10964.jpg;38;1278826;159644357;303;160923486;3197.065;399110.875;0.757;402308.719
Motospl10966.jpg;38;1280932;159677905;195;160959032;3202.330;399194.781;0.488;402397.594
Motospl10977.jpg;38;1280030;159600223;255;160880508;3200.075;399000.563;0.637;402201.281
Motospl10993.jpg;38;1279456;159625337;207;160905000;3198.640;399063.375;0.517;402262.500
Motospl11006.jpg;39;1277624;159660597;345;160938566;3194.060;399151.500;0.863;402346.406
Motospl11017.jpg;39;1279360;159645221;299;160924880;3198.400;399113.031;0.748;402312.188
Motospl11023.jpg;37;1279318;159627645;269;160907232;3198.295;399069.094;0.673;402268.063
Motospl11054.jpg;38;1277389;159690572;207;160968168;3193.473;399226.438;0.517;402420.406
Motospl11056.jpg;38;1275100;159763633;193;161038926;3187.750;399409.094;0.482;402597.313
Motospl11067.jpg;39;1271596;159814547;257;161086400;3178.990;399536.344;0.642;402716.000
Motospl11068.jpg;37;1268339;159787790;305;161056434;3170.848;399469.500;0.762;402641.063
Motospl11070.jpg;38;1266080;159812255;303;161078638;3165.200;399530.656;0.757;402696.594
Motospl11082.jpg;37;1277972;159579243;319;160857534;3194.930;398948.094;0.798;402143.813
Motospl11083.jpg;37;1277453;159637596;277;160915326;3193.633;399093.969;0.692;402288.313
Motospl11095.jpg;38;1276782;159659995;193;160936970;3191.955;399150.031;0.482;402342.438
Motospl11098.jpg;38;1272250;159776919;287;161049456;3180.625;399442.281;0.717;402623.656
Motospl11103.jpg;38;1280766;159711385;331;160992482;3201.915;399278.500;0.827;402481.219
Motospl11105.jpg;38;1270888;159767001;203;161038092;3177.220;399417.531;0.507;402595.250
Motospl11114.jpg;38;1289074;159704287;303;160993664;3222.685;399260.719;0.757;402484.156
Motospl11119.jpg;38;1289824;159702115;197;160992136;3224.560;399255.281;0.493;402480.344
Motospl11136.jpg;38;1279444;159669473;365;160949282;3198.610;399173.688;0.913;402373.219
Motospl11138.jpg;38;1270058;159861649;247;161131954;3175.145;399654.125;0.618;402829.875
Motospl11140.jpg;38;1279760;159686815;207;160966782;3199.400;399217.031;0.517;402416.969
Motospl11141.jpg;37;1269006;159732505;305;161001816;3172.515;399331.281;0.762;402504.594
Motospl11143.jpg;38;1278938;159706443;275;160985656;3197.345;399266.125;0.687;402464.156
Motospl11151.jpg;39;1277868;159645485;193;160923546;3194.670;399113.750;0.482;402308.875
Motospl11158.jpg;39;1278594;159650445;365;160929404;3196.485;399126.125;0.913;402323.500
Motospl11160.jpg;38;1278740;159624209;273;160903222;3196.850;399060.500;0.683;402258.031
Motospl11165.jpg;37;1279778;159680039;207;160960024;3199.445;399200.094;0.517;402400.094
Motospl11166.jpg;38;1275816;159708719;245;160984780;3189.540;399271.813;0.613;402461.969
Motospl11171.jpg;37;1279368;159738977;205;161018550;3198.420;399347.438;0.512;402546.344
Motospl11173.jpg;38;1279289;159650120;205;160929614;3198.223;399125.281;0.512;402324.063
Motospl11188.jpg;39;1282310;159720751;339;161003400;3205.775;399301.906;0.848;402508.469
Motospl11197.jpg;39;1279186;159570919;229;160850334;3197.965;398927.313;0.572;402125.844
Motospl11207.jpg;38;1279491;159558370;367;160838228;3198.728;398895.938;0.918;402095.563
Motospl11211.jpg;38;1279242;159667459;203;160946904;3198.105;399168.625;0.507;402367.313
Motospl11232.jpg;38;1280386;159604011;207;160884604;3200.965;399010.063;0.517;402211.531
Motospl11233.jpg;39;1278392;159636219;205;160914816;3195.980;399090.531;0.512;402287.031
Motospl11245.jpg;39;1276457;159627832;303;160904592;3191.143;399069.625;0.757;402261.469
Motospl11246.jpg;38;1278279;159691382;197;160969858;3195.698;399228.438;0.493;402424.625
Motospl11251.jpg;38;1280566;159680063;195;160960824;3201.415;399200.125;0.488;402402.063
Motospl11252.jpg;38;1278502;159732459;365;161011326;3196.255;399331.156;0.913;402528.313
Motospl11254.jpg;38;1275434;159684913;195;160960542;3188.585;399212.250;0.488;402401.344
Motospl11263.jpg;39;1271606;159752303;277;161024186;3179.015;399380.750;0.692;402560.500
Motospl11264.jpg;38;1280774;159693127;247;160974148;3201.935;399232.813;0.618;402435.375
Motospl11265.jpg;38;1279423;159659120;203;160938746;3198.558;399147.781;0.507;402346.875
Motospl11271.jpg;38;1280440;159721369;385;161002194;3201.100;399303.438;0.962;402505.469
Motospl11272.jpg;38;1277882;159699835;197;160977914;3194.705;399249.594;0.493;402444.813
Motospl11275.jpg;38;1276404;159773621;351;161050376;3191.010;399434.063;0.877;402625.906
Motospl11279.jpg;37;1279206;159546561;197;160825964;3198.015;398866.406;0.493;402064.938
Motospl11283.jpg;39;1263442;159838167;195;161101804;3158.605;399595.406;0.488;402754.531
Motospl11294.jpg;39;1269460;159785590;197;161055247;3173.650;399463.969;0.493;402638.125
Motospl11296.jpg;39;1279534;159648735;195;160928464;3198.835;399121.844;0.488;402321.156
Motospl11300.jpg;39;1282171;159566242;379;160848792;3205.427;398915.594;0.947;402122.031
Motospl11317.jpg;39;1274000;159663985;229;160938214;3185.000;399159.969;0.572;402345.531
Motospl11318.jpg;39;1277100;159684523;195;160961818;3192.750;399211.344;0.488;402404.531
Motospl11322.jpg;37;1280285;159667870;275;160948430;3200.712;399169.688;0.687;402371.063
Motospl11324.jpg;38;1277218;159614485;305;160892008;3193.045;399036.188;0.762;402230.031
Motospl11327.jpg;38;1280403;159729430;263;161010096;3201.008;399323.563;0.658;402525.250
Motospl11339.jpg;39;1268174;159800237;207;161068618;3170.435;399500.625;0.517;402671.563
Motospl11354.jpg;38;1279965;159693734;209;160973908;3199.913;399234.313;0.522;402434.750
Motospl11359.jpg;39;1277688;159608645;275;160886608;3194.220;399021.594;0.687;402216.500
Motospl11364.jpg;38;1280206;159659649;273;160940128;3200.515;399149.125;0.683;402350.313
Motospl11376.jpg;39;1279902;159626841;257;160907000;3199.755;399067.125;0.642;402267.531
Motospl11391.jpg;39;1278289;159630862;263;160909414;3195.722;399077.156;0.658;402273.500
Motospl11399.jpg;39;1276520;159629043;245;160905808;3191.300;399072.594;0.613;402264.531
Motospl11402.jpg;38;1278349;159670678;209;160949236;3195.873;399176.688;0.522;402373.094
Motospl11407.jpg;38;1270717;159820182;205;161091104;3176.792;399550.438;0.512;402727.750
Motospl11419.jpg;38;1277494;159677107;275;160954876;3193.735;399192.750;0.687;402387.188
Motospl11422.jpg;38;1279558;159676977;259;160956794;3198.895;399192.406;0.647;402392.000
Motospl11428.jpg;39;1277496;159681503;273;160959272;3193.740;399203.750;0.683;402398.156
Motospl11449.jpg;38;1275282;159769135;275;161044692;3188.205;399422.844;0.687;402611.688
Motospl11451.jpg;38;1277423;159707096;197;160984716;3193.557;399267.750;0.493;402461.813
Motospl11454.jpg;38;1281048;159584325;207;160865580;3202.620;398960.813;0.517;402163.969
Motospl11456.jpg;38;1280358;159647391;351;160928100;3200.895;399118.469;0.877;402320.250
Motospl11476.jpg;38;1282193;159601088;193;160883474;3205.482;399002.719;0.482;402208.656
Motospl11480.jpg;38;1270788;159730481;209;161001478;3176.970;399326.219;0.522;402503.688
Motospl11503.jpg;38;1279612;159587917;321;160867850;3199.030;398969.781;0.803;402169.625
Motospl11513.jpg;38;1279150;159651101;257;160930508;3197.875;399127.750;0.642;402326.281
Motospl11515.jpg;38;1278973;159647760;207;160926940;3197.433;399119.406;0.517;402317.344
Motospl11519.jpg;37;1278322;159598887;337;160877546;3195.805;398997.219;0.842;402193.875
Motospl11522.jpg;38;1278626;159695579;195;160974400;3196.565;399238.969;0.488;402436.000
Motospl11526.jpg;38;1269605;159844670;247;161114522;3174.012;399611.688;0.618;402786.313
Motospl11527.jpg;39;1279168;159631681;205;160911054;3197.920;399079.219;0.512;402277.625
Motospl11552.jpg;39;1270709;159806392;277;161077378;3176.772;399516.000;0.692;402693.438
Motospl11559.jpg;39;1280324;159674751;275;160955350;3200.810;399186.875;0.687;402388.344
Motospl11573.jpg;38;1275877;159646160;209;160922246;3189.692;399115.406;0.522;402305.594
Motospl11577.jpg;37;1281162;159676101;207;160957470;3202.905;399190.250;0.517;402393.688
Motospl11580.jpg;38;1277990;159603111;207;160881308;3194.975;399007.750;0.517;402203.250
Motospl11582.jpg;39;1279254;159675743;255;160955252;3198.135;399189.375;0.637;402388.094
Motospl11585.jpg;38;1279012;159624937;319;160904268;3197.530;399062.344;0.798;402260.688
Motospl11586.jpg;38;1280514;159634535;205;160915254;3201.285;399086.313;0.512;402288.125
Motospl11590.jpg;39;1276618;159684999;191;160961808;3191.545;399212.469;0.477;402404.500
Motospl11597.jpg;38;1282176;159623213;305;160905694;3205.440;399058.031;0.762;402264.250
Motospl11612.jpg;38;1279358;159599081;337;160878776;3198.395;398997.719;0.842;402196.969
Motospl11618.jpg;38;1278836;159655697;349;160934882;3197.090;399139.250;0.873;402337.188
Motospl11623.jpg;39;1279587;159651810;275;160931672;3198.968;399129.500;0.687;402329.219
Motospl11625.jpg;39;1271710;159699921;207;160971838;3179.275;399249.813;0.517;402429.594
Motospl11626.jpg;38;1278392;159689357;273;160968022;3195.980;399223.406;0.683;402420.031
Motospl11635.jpg;39;1276691;159566628;253;160843572;3191.727;398916.563;0.632;402108.938
Motospl11639.jpg;38;1279250;159677561;347;160957158;3198.125;399193.938;0.868;402392.875
Motospl11646.jpg;39;1280250;159677239;311;160957800;3200.625;399193.094;0.777;402394.469
Motospl11678.jpg;39;1282234;159621871;347;160904452;3205.585;399054.688;0.868;402261.094
Motospl11682.jpg;39;1279470;159744371;195;161024036;3198.675;399360.906;0.488;402560.063
Motospl11683.jpg;38;1272790;159668639;195;160941624;3181.975;399171.625;0.488;402354.094
Motospl11698.jpg;39;1280276;159640577;303;160921156;3200.690;399101.438;0.757;402302.875
Motospl11700.jpg;38;1280380;159710843;289;160991512;3200.950;399277.094;0.723;402478.781
Motospl11704.jpg;40;1279553;159650286;267;160930106;3198.883;399125.719;0.668;402325.281
Motospl11710.jpg;39;1278749;159754062;231;161033042;3196.873;399385.156;0.577;402582.594
Motospl11712.jpg;38;1280236;159745981;275;161026492;3200.590;399364.969;0.687;402566.250
Motospl11715.jpg;39;1276996;159733553;283;161010832;3192.490;399333.906;0.707;402527.063
Motospl11717.jpg;39;1272800;159882875;195;161155870;3182.000;399707.188;0.488;402889.688
Motospl11728.jpg;38;1279554;159665707;275;160945536;3198.885;399164.281;0.687;402363.875
Motospl11737.jpg;38;1277547;159743392;255;161021194;3193.867;399358.469;0.637;402552.969
Motospl11738.jpg;38;1278148;159668493;209;160946850;3195.370;399171.250;0.522;402367.125
Motospl11739.jpg;39;1269902;159848543;273;161118718;3174.755;399621.375;0.683;402796.813
Motospl11744.jpg;39;1269488;159780537;197;161050222;3173.720;399451.375;0.493;402625.531
Motospl11753.jpg;38;1278290;159561013;205;160839508;3195.725;398902.500;0.512;402098.781
Motospl11760.jpg;39;1279726;159678947;207;160958880;3199.315;399197.375;0.517;402397.219
Motospl11770.jpg;38;1279752;159660163;195;160940110;3199.380;399150.406;0.488;402350.281
Motospl11777.jpg;39;1276902;159729189;337;161006428;3192.255;399322.938;0.842;402516.063
Motospl11778.jpg;39;1279188;159567901;207;160847296;3197.970;398919.750;0.517;402118.250
Motospl11785.jpg;40;1281286;159674091;247;160955624;3203.215;399185.250;0.618;402389.031
Motospl11786.jpg;39;1278848;159616375;195;160895418;3197.120;399040.938;0.488;402238.563
Motospl11790.jpg;40;1292294;159538199;259;160830752;3230.735;398845.469;0.647;402076.875
Motospl11798.jpg;38;1277824;159607241;205;160885270;3194.560;399018.094;0.512;402213.156
Motospl11807.jpg;40;1276291;159730632;305;161007228;3190.728;399326.563;0.762;402518.094
Motospl11820.jpg;38;1278270;159713153;209;160991632;3195.675;399282.906;0.522;402479.094
Motospl11821.jpg;39;1277496;159653327;305;160931128;3193.740;399133.313;0.762;402327.844
Motospl11839.jpg;40;1279374;159627005;349;160906728;3198.435;399067.500;0.873;402266.813
Motospl11855.jpg;39;1278426;159722685;275;161001386;3196.065;399306.719;0.687;402503.500
Motospl11875.jpg;39;1266103;159765968;207;161032278;3165.257;399414.938;0.517;402580.656
Motospl11881.jpg;39;1278424;159707775;275;160986474;3196.060;399269.438;0.687;402466.188
Motospl11886.jpg;37;1277837;159699036;193;160977066;3194.593;399247.625;0.482;402442.688
Motospl11895.jpg;39;1279469;159740780;301;161020550;3198.673;399351.969;0.752;402551.344
Motospl11920.jpg;39;1279852;159620133;207;160900192;3199.630;399050.313;0.517;402250.500
Motospl11936.jpg;37;1279996;159650515;195;160930706;3199.990;399126.281;0.488;402326.750
Motospl11938.jpg;39;1280033;159704186;305;160984524;3200.083;399260.500;0.762;402461.344
Motospl11939.jpg;37;1282514;159720281;277;161003072;3206.285;399300.719;0.692;402507.688
Motospl11943.jpg;40;1271157;159712684;293;160984134;3177.892;399281.719;0.733;402460.344
Motospl11949.jpg;40;1279984;159673579;209;160953772;3199.960;399183.938;0.522;402384.469
Motospl11969.jpg;40;1278576;159644779;263;160923618;3196.440;399111.969;0.658;402309.031
Motospl11971.jpg;39;1278624;159646771;197;160925592;3196.560;399116.938;0.493;402314.000
Motospl11981.jpg;40;1288554;159648405;293;160937252;3221.385;399121.000;0.733;402343.094
Motospl11998.jpg;38;1291194;159714611;257;161006062;3227.985;399286.500;0.642;402515.156
Motospl11999.jpg;40;1275208;159698223;207;160973638;3188.020;399245.563;0.517;402434.063
Motospl12005.jpg;38;1280787;159752720;303;161033810;3201.967;399381.781;0.757;402584.531
Motospl12008.jpg;40;1279511;159656878;275;160936664;3198.777;399142.219;0.687;402341.688
Motospl12012.jpg;40;1278940;159639589;205;160918734;3197.350;399098.969;0.512;402296.844
Motospl12014.jpg;39;1275447;159687560;205;160963212;3188.617;399218.875;0.512;402408.031
Motospl12017.jpg;39;1275652;159779305;209;161055166;3189.130;399448.281;0.522;402637.906
Motospl12019.jpg;40;1275030;159664273;321;160939624;3187.575;399160.656;0.803;402349.063
Motospl12027.jpg;40;1279016;159605659;323;160884998;3197.540;399014.156;0.808;402212.500
Motospl12030.jpg;39;1283169;159533670;275;160817114;3207.923;398834.156;0.687;402042.781
Motospl12040.jpg;39;1279206;159672725;231;160952162;3198.015;399181.813;0.577;402380.375
Motospl12045.jpg;38;1279887;159627956;209;160908052;3199.718;399069.875;0.522;402270.125
Motospl12056.jpg;40;1278524;159683007;387;160961918;3196.310;399207.531;0.967;402404.813
Motospl12060.jpg;40;1264680;159855787;207;161120674;3161.700;399639.500;0.517;402801.656
Motospl12069.jpg;38;1280958;159672009;197;160953164;3202.395;399180.063;0.493;402382.906
Motospl12074.jpg;39;1275654;159676267;273;160952194;3189.135;399190.656;0.683;402380.469
Motospl12077.jpg;40;1278014;159577803;207;160856024;3195.035;398944.531;0.517;402140.094
Motospl12079.jpg;40;1277936;159662123;205;160940264;3194.840;399155.313;0.512;402350.656
Motospl12086.jpg;40;1282668;159611803;247;160894718;3206.670;399029.500;0.618;402236.813
Motospl12096.jpg;39;1275660;159653215;209;160929084;3189.150;399133.031;0.522;402322.719
Motospl12108.jpg;40;1278382;159676575;319;160955276;3195.955;399191.469;0.798;402388.188
Motospl12113.jpg;39;1279787;159644376;229;160924392;3199.468;399110.969;0.572;402310.969
Motospl12114.jpg;38;1278560;159674725;305;160953590;3196.400;399186.813;0.762;402383.938
Motospl12125.jpg;39;1279179;159691252;205;160970636;3197.948;399228.125;0.512;402426.594
Motospl12137.jpg;39;1270770;159841129;305;161112204;3176.925;399602.844;0.762;402780.531
Motospl12142.jpg;39;1279672;159696801;197;160976670;3199.180;399242.000;0.493;402441.656
Motospl12144.jpg;40;1269454;159839149;331;161108934;3173.635;399597.875;0.827;402772.313
Motospl12151.jpg;38;1280672;159696437;205;160977314;3201.680;399241.063;0.512;402443.250
Motospl12153.jpg;40;1277686;159592833;207;160870726;3194.215;398982.063;0.517;402176.781
Motospl12172.jpg;39;1278408;159654663;277;160933348;3196.020;399136.625;0.692;402333.375
Motospl12179.jpg;39;1277826;159703071;337;160981234;3194.565;399257.688;0.842;402453.063
Motospl12187.jpg;40;1281594;159543218;209;160825021;3203.985;398858.063;0.522;402062.531
Motospl12193.jpg;39;1277306;159715177;205;160992688;3193.265;399287.969;0.512;402481.719
Motospl12196.jpg;38;1280762;159676869;229;160957860;3201.905;399192.156;0.572;402394.656
Motospl12210.jpg;39;1272884;159713135;209;160986228;3182.210;399282.844;0.522;402465.563
Motospl12211.jpg;39;1277859;159597334;205;160875398;3194.647;398993.313;0.512;402188.500
Motospl12221.jpg;38;1279792;159720483;273;161000548;3199.480;399301.188;0.683;402501.344
Motospl12225.jpg;39;1279808;159692885;207;160972900;3199.520;399232.188;0.517;402432.219
Motospl12226.jpg;40;1279855;159610530;195;160890580;3199.638;399026.313;0.488;402226.469
Motospl12250.jpg;38;1279065;159579064;273;160858402;3197.663;398947.688;0.683;402146.000
Motospl12255.jpg;38;1278724;159716447;207;160995378;3196.810;399291.125;0.517;402488.438
Motospl12266.jpg;39;1279171;159719224;207;160998602;3197.927;399298.063;0.517;402496.531
Motospl12269.jpg;40;1280389;159733824;197;161014410;3200.973;399334.563;0.493;402536.031
Motospl12270.jpg;39;1289130;159669275;321;160958726;3222.825;399173.219;0.803;402396.781
Motospl12274.jpg;39;1278790;159624233;209;160903232;3196.975;399060.594;0.522;402258.094
Motospl12323.jpg;38;1277931;159628212;325;160906468;3194.828;399070.531;0.812;402266.188
Motospl12327.jpg;39;1279236;159713935;195;160993366;3198.090;399284.813;0.488;402483.406
Motospl12341.jpg;38;1279301;159633362;231;160912894;3198.252;399083.406;0.577;402282.250
Motospl12371.jpg;38;1282133;159720096;193;161002422;3205.332;399300.250;0.482;402506.063
Motospl12375.jpg;39;1274584;159786177;229;161060990;3186.460;399465.438;0.572;402652.469
Motospl12385.jpg;39;1280131;159629072;209;160909412;3200.327;399072.688;0.522;402273.500
Motospl12390.jpg;39;1275268;159742951;263;161018482;3188.170;399357.344;0.658;402546.188
Motospl12408.jpg;40;1280380;159582143;207;160862730;3200.950;398955.375;0.517;402156.844
Motospl12417.jpg;38;1279632;159698165;277;160978074;3199.080;399245.406;0.692;402445.188
Motospl12420.jpg;39;1282903;159701584;205;160984692;3207.258;399253.938;0.512;402461.719
Motospl12431.jpg;38;1278388;159618843;275;160897506;3195.970;399047.125;0.687;402243.781
Motospl12439.jpg;38;1269367;159891988;305;161161660;3173.418;399729.969;0.762;402904.156
Placa102.png;39;1281396;159745159;339;161026894;3203.490;399362.875;0.848;402567.250
Placa119.png;39;1278374;159745831;365;161024570;3195.935;399364.563;0.913;402561.469
Placa128.png;39;1292271;159782028;305;161074604;3230.677;399455.063;0.762;402686.531
Placa130.png;39;1278310;159612989;259;160891558;3195.775;399032.500;0.647;402228.875
Placa132.png;38;1278440;159789165;293;161067898;3196.100;399472.938;0.733;402669.750
Placa136.png;37;1276544;159733065;305;161009914;3191.360;399332.688;0.762;402524.781
Placa14.png;39;1279794;159663907;323;160944024;3199.485;399159.750;0.808;402360.094
Placa144.png;39;1281320;159720073;277;161001670;3203.300;399300.219;0.692;402504.156
Placa149.png;39;1279372;159759183;207;161038762;3198.430;399397.938;0.517;402596.938
Placa151.png;38;1278554;159724325;273;161003152;3196.385;399310.781;0.683;402507.906
Placa156.png;40;1282198;159852953;207;161135358;3205.495;399632.406;0.517;402838.406
Placa171.png;40;1278136;159850467;275;161128878;3195.340;399626.156;0.687;402822.219
Placa172.png;38;1280672;159696901;209;160977782;3201.680;399242.250;0.522;402444.438
Placa180.png;40;1279855;159770890;275;161051020;3199.638;399427.250;0.687;402627.563
Placa195.png;39;1279406;159673853;273;160953532;3198.515;399184.625;0.683;402383.813
Placa20.png;38;1292222;159701493;275;160993990;3230.555;399253.688;0.687;402484.938
Placa26.png;40;1279590;159821199;277;161101066;3198.975;399553.000;0.692;402752.688
Placa29.png;39;1281784;159748145;197;161030126;3204.460;399370.344;0.493;402575.344
Placa39.png;38;1278871;159856078;247;161135196;3197.177;399640.219;0.618;402838.000
Placa40.png;39;1279104;159720563;275;160999942;3197.760;399301.375;0.687;402499.844
Placa41.png;39;1276349;159719094;259;160995702;3190.873;399297.750;0.647;402489.219
Placa63.png;40;1278084;159663095;195;160941374;3195.210;399157.750;0.488;402353.469
Placa76.png;39;1279322;159770343;259;161049924;3198.305;399425.844;0.647;402624.781
Placa78.png;39;1279920;159849965;209;161130094;3199.800;399624.938;0.522;402825.219
Placa89.png;39;1280417;159702884;193;160983494;3201.042;399257.188;0.482;402458.750
Placa92.png;38;1280164;159672977;301;160953442;3200.410;399182.438;0.752;402383.625
Placa96.png;39;1279870;159722897;209;161002976;3199.675;399307.219;0.522;402507.438
Placa98.png;39;1280684;159578845;205;160859734;3201.710;398947.125;0.512;402149.313
Placas11028.jpg;40;1281375;159643330;207;160924912;3203.437;399108.313;0.517;402312.281
Placas11098.jpg;39;1278882;159744361;277;161023520;3197.205;399360.906;0.692;402558.813
Placas11305.jpg;39;1279191;159662158;197;160941546;3197.978;399155.375;0.493;402353.875
Placas11342.jpg;39;1281070;159824371;209;161105650;3202.675;399560.938;0.522;402764.125
Placas11474.jpg;38;1279065;159682132;265;160961462;3197.663;399205.344;0.663;402403.625
Placas11530.jpg;37;1277064;159703641;209;160980914;3192.660;399259.125;0.522;402452.281
Placas11562.jpg;38;1281640;159583071;199;160864910;3204.100;398957.656;0.498;402162.281
Placas11602.jpg;39;1283086;159784331;287;161067704;3207.715;399460.844;0.717;402669.281
Placasia1009.png;38;1281562;159558485;247;160840294;3203.905;398896.219;0.618;402100.719
Placasia1010.png;39;1281196;159841603;197;161122996;3202.990;399604.000;0.493;402807.500
Placasia1021.png;39;1277626;159535455;207;160813288;3194.065;398838.625;0.517;402033.188
Placasia1032.png;39;1277648;159685519;273;160963440;3194.120;399213.813;0.683;402408.625
Placasia1037.png;40;1276432;159711749;313;160988494;3191.080;399279.375;0.783;402471.250
Placasia1046.png;38;1278664;159583217;277;160862158;3196.660;398958.031;0.692;402155.406
Placasia1047.png;39;1280773;159539326;303;160820402;3201.933;398848.313;0.757;402051.000
Placasm10501.jpg;39;1279513;159628306;205;160908024;3198.782;399070.750;0.512;402270.063
Placasm10788.jpg;39;1273368;159794113;229;161067710;3183.420;399485.281;0.572;402669.281
Placasm10862.jpg;40;1275006;159684643;207;160959856;3187.515;399211.594;0.517;402399.625
Placasm10947.jpg;38;1279454;159768921;197;161048572;3198.635;399422.313;0.493;402621.438
Placasm10969.jpg;39;1277581;159793000;365;161070946;3193.952;399482.500;0.913;402677.344
Placasm11089.jpg;40;1273442;159610233;349;160884024;3183.605;399025.625;0.873;402210.094
Placasm11137.jpg;39;1272482;159677383;273;160950138;3181.205;399193.438;0.683;402375.344
Placass10192.jpg;39;1276086;159732171;259;161008516;3190.215;399330.469;0.647;402521.281
Placass10238.jpg;38;1276938;159725767;207;161002912;3192.345;399314.406;0.517;402507.250
Placass10357.jpg;40;1273529;159812154;275;161085958;3183.823;399530.406;0.687;402714.875
Placass10358.jpg;38;1282608;159746883;275;161029766;3206.520;399367.188;0.687;402574.406
Placass10486.jpg;38;1274226;159677907;273;160952406;3185.565;399194.781;0.683;402381.000
Placass10545.jpg;39;1278614;159666901;195;160945710;3196.535;399167.250;0.488;402364.281
Placass10933.jpg;39;1273916;159543501;197;160817614;3184.790;398858.750;0.493;402044.031
Placass10940.jpg;38;1281070;159643029;249;160924348;3202.675;399107.563;0.623;402310.875
Placass10965.jpg;41;1274920;159753895;305;161029120;3187.300;399384.719;0.762;402572.781
Placass11157.jpg;39;1276190;159711373;205;160987768;3190.475;399278.438;0.512;402469.438
Placass11214.jpg;39;1279347;159584144;275;160863766;3198.367;398960.344;0.687;402159.375
Placass11216.jpg;39;1277190;159660153;413;160937756;3192.975;399150.406;1.033;402344.406
Placass11233.jpg;39;1282266;159616601;209;160899076;3205.665;399041.500;0.522;402247.688
Placass11340.jpg;39;1277706;159608467;435;160886608;3194.265;399021.156;1.087;402216.500
Placass11344.jpg;39;1274772;159559283;257;160834312;3186.930;398898.188;0.642;402085.781
Placass11346.jpg;40;1283028;159724443;195;161007666;3207.570;399311.125;0.488;402519.188
Placass11350.jpg;39;1275596;159801797;289;161077682;3188.990;399504.469;0.723;402694.219
Placass11407.jpg;40;1274310;159691487;207;160966004;3185.775;399228.688;0.517;402415.000
Placass11584.jpg;40;1272120;159780091;275;161052486;3180.300;399450.250;0.687;402631.219
Placass11628.jpg;39;1274384;159646525;273;160921182;3185.960;399116.344;0.683;402302.969
Placass11630.jpg;38;1273164;159745419;277;161018860;3182.910;399363.563;0.692;402547.156
Placass11634.jpg;39;1273238;159705265;195;160978698;3183.095;399263.188;0.488;402446.750
plaacaas1076.jpg;38;1279808;159608849;249;160888906;3199.520;399022.125;0.623;402222.250
plaacaas1093.jpg;39;1278606;159707273;197;160986076;3196.515;399268.219;0.493;402465.188
plaacaas1172.jpg;39;1281710;159729963;207;161011880;3204.275;399324.906;0.517;402529.656
plaacaas1240.jpg;40;1278928;159662237;387;160941552;3197.320;399155.594;0.967;402353.875
plaacaas1258.jpg;39;1278762;159621489;323;160900574;3196.905;399053.719;0.808;402251.469
placaas10214.jpg;39;1276428;159643177;413;160920018;3191.070;399107.938;1.033;402300.031
placaas10220.jpg;38;1275362;159722521;321;160998204;3188.405;399306.344;0.803;402495.531
placaas10295.jpg;40;1282235;159598198;319;160880752;3205.588;398995.500;0.798;402201.875
placaas10338.jpg;40;1277084;159735537;339;161012960;3192.710;399338.844;0.848;402532.375
placaas10341.jpg;39;1275964;159642273;323;160918560;3189.910;399105.688;0.808;402296.406
placaas10389.jpg;40;1282544;159640715;355;160923614;3206.360;399101.781;0.887;402309.031
placaas10463.jpg;40;1272451;159681434;259;160954144;3181.128;399203.625;0.647;402385.375
placaas10473.jpg;39;1279833;159616952;209;160896994;3199.583;399042.406;0.522;402242.469
placaas10481.jpg;39;1279390;159610349;275;160890014;3198.475;399025.875;0.687;402225.031
placaas10756.jpg;40;1277252;159673911;209;160951372;3193.130;399184.750;0.522;402378.469
placaas10884.jpg;40;1280918;159545447;231;160826596;3202.295;398863.594;0.577;402066.500
placaas10897.jpg;40;1278966;159666063;321;160945350;3197.415;399165.156;0.803;402363.344
placaas10909.jpg;40;1271674;159733439;239;161005352;3179.185;399333.594;0.598;402513.344
placaas11047.jpg;40;1277176;159642329;275;160919780;3192.940;399105.844;0.687;402299.438
placaas11258.jpg;40;1280040;159680297;209;160960546;3200.100;399200.781;0.522;402401.344
placas1093.jpg;38;1266676;159716053;209;160982938;3166.690;399290.094;0.522;402457.344
placas1104.jpg;38;1280142;159644803;247;160925192;3200.355;399112.031;0.618;402312.938
placas1110.jpg;39;1268341;159659528;305;160928174;3170.853;399148.813;0.762;402320.438
placas1111.jpg;39;1273744;159630517;305;160904566;3184.360;399076.281;0.762;402261.406
placas1115.jpg;40;1273388;159760555;307;161034250;3183.470;399401.375;0.767;402585.656
placas1137.jpg;40;1280408;159727813;207;161008428;3201.020;399319.500;0.517;402521.063
placas1204.jpg;39;1279620;159589215;367;160869202;3199.050;398973.063;0.918;402173.031
placas1215.jpg;39;1283150;159638521;197;160921868;3207.875;399096.344;0.493;402304.688
placas1268.jpg;39;1279940;159603465;195;160883600;3199.850;399008.656;0.488;402209.000
placas1359.jpg;40;1281876;159395545;209;160677630;3204.690;398488.875;0.522;401694.063
placas1422.jpg;39;1278926;159705519;237;160984682;3197.315;399263.813;0.592;402461.719
placas1430.jpg;38;1281956;159646775;205;160928936;3204.890;399116.938;0.512;402322.344
placas1434.jpg;40;1276978;159733607;265;161010850;3192.445;399333.969;0.663;402527.094
placas1442.jpg;39;1278824;159646853;209;160925886;3197.060;399117.125;0.522;402314.719
placas1444.jpg;38;1282092;159682603;205;160964900;3205.230;399206.500;0.512;402412.219
placas1449.jpg;39;1281801;159785460;197;161067458;3204.503;399463.625;0.493;402668.625
placas1459.jpg;40;1278434;159697793;207;160976434;3196.085;399244.469;0.517;402441.063
placas1467.jpg;38;1280792;159659983;275;160941050;3201.980;399149.969;0.687;402352.625
placas1475.jpg;40;1280410;159712353;205;160992968;3201.025;399280.875;0.512;402482.406
placas1480.jpg;39;1279089;159656006;245;160935340;3197.723;399140.000;0.613;402338.375
placas1481.jpg;39;1263613;159830768;209;161094590;3159.032;399576.906;0.522;402736.469
placas1491.jpg;38;1279984;159732745;207;161012936;3199.960;399331.875;0.517;402532.313
placas1495.jpg;37;1278321;159686814;209;160965344;3195.802;399217.031;0.522;402413.344
placas1512.jpg;39;1280652;159646755;209;160927616;3201.630;399116.875;0.522;402319.031
placas1522.jpg;40;1279029;159676572;321;160955922;3197.573;399191.469;0.803;402389.781
placas1525.jpg;40;1279288;159693007;351;160972646;3198.220;399232.531;0.877;402431.594
placas1563.jpg;39;1269500;159672093;275;160941868;3173.750;399180.250;0.687;402354.688
placas1564.jpg;38;1266760;159748203;367;161015330;3166.900;399370.500;0.918;402538.313
placas1567.jpg;39;1279110;159619815;209;160899134;3197.775;399049.531;0.522;402247.844
placas1585.jpg;40;1279714;159742343;303;161022360;3199.285;399355.844;0.757;402555.906
placas1592.jpg;39;1259530;159929509;209;161189248;3148.825;399823.750;0.522;402973.125
placas1593.jpg;40;1278039;159637528;303;160915870;3195.098;399093.844;0.757;402289.656
placas1605.jpg;40;1279703;159697372;277;160977352;3199.258;399243.438;0.692;402443.344
placas1617.jpg;39;1280334;159739865;193;161020392;3200.835;399349.656;0.482;402550.969
placas1625.jpg;39;1279554;159623485;197;160903236;3198.885;399058.719;0.493;402258.094
placas1663.jpg;39;1267090;159856751;2585;161126426;3167.725;399641.875;6.462;402816.094
placas1690.jpg;38;1279254;159672961;273;160952488;3198.135;399182.406;0.683;402381.188
