Image;TEMP_C;CYC_PRE;CYC_INF;CYC_POST;CYC_TOTAL;US_PRE;US_INF;US_POST;US_TOTAL
Placa42.png;34;1281024;1157628557;213;1158909794;3202.560;2894071.500;0.533;2897274.500
Placas11002.jpg;33;1283232;1157559299;207;1158842738;3208.080;2893898.250;0.517;2897106.750
Placas11004.jpg;34;1279848;1157761759;207;1159041814;3199.620;2894404.750;0.517;2897604.500
Placas11013.jpg;33;1278882;1157752681;267;1159031830;3197.205;2894381.750;0.668;2897579.500
Placas11017.jpg;33;1282815;1157630440;209;1158913464;3207.038;2894076.250;0.522;2897283.500
Placas11022.jpg;33;1280836;1157710021;229;1158991086;3202.090;2894275.000;0.572;2897478.000
Placas11026.jpg;33;1279656;1157621751;319;1158901726;3199.140;2894054.250;0.798;2897254.500
Placas11044.jpg;33;1280170;1157595799;207;1158876176;3200.425;2893989.500;0.517;2897190.250
Placas11065.jpg;33;1280878;1157629693;209;1158910780;3202.195;2894074.000;0.522;2897277.000
Placas11070.jpg;33;1282130;1157741295;179;1159023604;3205.325;2894353.250;0.447;2897559.000
Placas11076.jpg;33;1280178;1157603135;195;1158883508;3200.445;2894007.750;0.488;2897208.750
Placas11091.jpg;32;1279322;1157517877;305;1158797504;3198.305;2893794.500;0.762;2896994.000
Placas11116.jpg;33;1280424;1157503641;209;1158784274;3201.060;2893759.000;0.522;2896960.500
Placas11118.jpg;33;1281525;1157538552;205;1158820282;3203.813;2893846.250;0.512;2897050.500
Placas11122.jpg;33;1278816;1157680997;229;1158960042;3197.040;2894202.750;0.572;2897400.000
Placas11123.jpg;33;1279760;1157560921;207;1158840888;3199.400;2893902.250;0.517;2897102.000
Placas11135.jpg;33;1280946;1157520951;195;1158802092;3202.365;2893802.250;0.488;2897005.000
Placas11148.jpg;32;1280306;1157710593;207;1158991106;3200.765;2894276.500;0.517;2897478.000
Placas11179.jpg;32;1279314;1157527537;195;1158807046;3198.285;2893818.750;0.488;2897017.500
Placas11191.jpg;33;1280650;1157521451;195;1158802296;3201.625;2893803.750;0.488;2897005.750
Placas11193.jpg;33;1280886;1157623803;207;1158904896;3202.215;2894059.250;0.517;2897262.250
Placas11194.jpg;32;1281206;1157630099;331;1158911636;3203.015;2894075.250;0.827;2897279.000
Placas11199.jpg;33;1282704;1157544893;197;1158827794;3206.760;2893862.000;0.493;2897069.500
Placas11208.jpg;34;1273622;1157625231;273;1158899126;3184.055;2894063.000;0.683;2897247.750
Placas11209.jpg;34;1282860;1157625499;207;1158908566;3207.150;2894063.750;0.517;2897271.500
Placas11218.jpg;33;1279516;1157708637;207;1158988360;3198.790;2894271.750;0.517;2897471.250
Placas11219.jpg;33;1281204;1157792615;207;1159074026;3203.010;2894481.500;0.517;2897685.250
Placas11227.jpg;33;1280582;1157682093;217;1158962892;3201.455;2894205.000;0.543;2897407.500
Placas11249.jpg;34;1281430;1157525471;303;1158807204;3203.575;2893813.750;0.757;2897017.750
Placas11250.jpg;33;1279826;1157558783;193;1158838802;3199.565;2893897.000;0.482;2897097.000
Placas11254.jpg;34;1282154;1157652651;209;1158935014;3205.385;2894131.500;0.522;2897337.750
Placas11264.jpg;33;1278916;1157909439;209;1159188564;3197.290;2894773.500;0.522;2897971.500
Placas11298.jpg;34;1279522;1157551835;327;1158831684;3198.805;2893879.750;0.817;2897079.250
Placas11315.jpg;32;1280162;1157733993;193;1159014348;3200.405;2894335.250;0.482;2897536.000
Placas11318.jpg;34;1281614;1157699265;193;1158981072;3204.035;2894248.250;0.482;2897452.750
Placas11320.jpg;33;1283034;1157603329;205;1158886568;3207.585;2894008.250;0.512;2897216.250
Placas11321.jpg;33;1278967;1157798932;207;1159078106;3197.417;2894497.250;0.517;2897695.250
Placas11350.jpg;33;1281462;1157674489;193;1158956144;3203.655;2894186.250;0.482;2897390.250
Placas11353.jpg;33;1277504;1157619453;193;1158897150;3193.760;2894048.500;0.482;2897243.000
Placas11366.jpg;33;1279118;1157722083;203;1159001404;3197.795;2894305.250;0.507;2897503.500
Placas11377.jpg;33;1282798;1157696547;259;1158979604;3206.995;2894241.250;0.647;2897449.000
Placas11388.jpg;33;1279481;1157674204;209;1158953894;3198.702;2894185.500;0.522;2897384.500
Placas11397.jpg;33;1280620;1157578813;207;1158859640;3201.550;2893947.000;0.517;2897149.000
Placas11402.jpg;33;1282642;1157659861;205;1158942708;3206.605;2894149.500;0.512;2897356.750
Placas11419.jpg;33;1282284;1157751107;207;1159033598;3205.710;2894377.750;0.517;2897584.000
Placas11428.jpg;34;1292740;1157646199;195;1158939134;3231.850;2894115.500;0.488;2897347.750
Placas11453.jpg;33;1280206;1157597621;197;1158878024;3200.515;2893994.000;0.493;2897195.250
Placas11456.jpg;33;1280153;1157504388;205;1158784746;3200.382;2893761.000;0.512;2896961.750
Placas11460.jpg;33;1280890;1157544763;227;1158825880;3202.225;2893861.750;0.567;2897064.500
Placas11463.jpg;34;1278878;1157538767;291;1158817936;3197.195;2893847.000;0.728;2897044.750
Placas11496.jpg;33;1280578;1157537043;207;1158817828;3201.445;2893842.500;0.517;2897044.250
Placas11500.jpg;34;1280448;1157680527;311;1158961286;3201.120;2894201.250;0.777;2897403.000
Placas11507.jpg;33;1280781;1157747128;209;1159028118;3201.953;2894367.750;0.522;2897570.250
Placas11522.jpg;34;1279408;1157666125;209;1158945742;3198.520;2894165.500;0.522;2897364.500
Placas11528.jpg;33;1281585;1157661570;195;1158943350;3203.963;2894154.000;0.488;2897358.500
Placas11531.jpg;33;1279724;1157655705;229;1158935658;3199.310;2894139.250;0.572;2897339.250
Placas11534.jpg;33;1279984;1157393745;209;1158673938;3199.960;2893484.500;0.522;2896684.750
Placas11549.jpg;33;1278969;1157868586;195;1159147750;3197.422;2894671.500;0.488;2897869.500
Placas11556.jpg;33;1281231;1157588514;207;1158869952;3203.078;2893971.000;0.517;2897175.000
Placas11559.jpg;33;1280495;1157557700;209;1158838404;3201.238;2893894.250;0.522;2897096.000
Placas11566.jpg;34;1282434;1157677223;195;1158959852;3206.085;2894193.000;0.488;2897399.750
Placas11568.jpg;32;1279698;1157574493;217;1158854408;3199.245;2893936.250;0.543;2897136.000
Placas11569.jpg;33;1278872;1157671239;213;1158950324;3197.180;2894178.250;0.533;2897375.500
Placas11580.jpg;33;1280678;1157612193;209;1158893080;3201.695;2894030.500;0.522;2897232.500
Placas11581.jpg;33;1280270;1157575731;207;1158856208;3200.675;2893939.250;0.517;2897140.250
Placas11584.jpg;34;1280606;1157726475;247;1159007328;3201.515;2894316.000;0.618;2897518.500
Placas11605.jpg;33;1280606;1157527853;205;1158808664;3201.515;2893819.500;0.512;2897022.000
Placas11606.jpg;33;1280104;1157613099;195;1158893398;3200.260;2894032.500;0.488;2897233.500
Placas11609.jpg;34;1279834;1157650823;195;1158930852;3199.585;2894127.250;0.488;2897327.000
Placasm10017.jpg;33;1274064;1157480675;193;1158754932;3185.160;2893701.750;0.482;2896887.250
Placasm10043.jpg;34;1275780;1157610729;205;1158886714;3189.450;2894026.750;0.512;2897216.500
Placasm10049.jpg;34;1273622;1157620159;193;1158893974;3184.055;2894050.250;0.482;2897235.000
Placasm10052.jpg;33;1280366;1157591073;219;1158871658;3200.915;2893977.500;0.548;2897179.250
Placasm10054.jpg;33;1282714;1157538635;203;1158821552;3206.785;2893846.500;0.507;2897053.750
Placasm10100.jpg;33;1277437;1157681318;225;1158958980;3193.593;2894203.250;0.562;2897397.250
Placasm10123.jpg;32;1276536;1157656493;217;1158933246;3191.340;2894141.250;0.543;2897333.250
Placasm10137.jpg;33;1273698;1157558411;213;1158832322;3184.245;2893896.000;0.533;2897081.000
Placasm10147.jpg;34;1274491;1157592468;199;1158867158;3186.228;2893981.250;0.498;2897167.750
Placasm10164.jpg;33;1273616;1157669411;199;1158943226;3184.040;2894173.500;0.498;2897358.000
Placasm10177.jpg;34;1274906;1157669489;197;1158944592;3187.265;2894173.750;0.493;2897361.500
Placasm10179.jpg;33;1280728;1157479955;207;1158760890;3201.820;2893700.000;0.517;2896902.000
Placasm10189.jpg;33;1276705;1157786314;287;1159063306;3191.762;2894466.000;0.717;2897658.500
Placasm10201.jpg;33;1288100;1157585609;193;1158873902;3220.250;2893964.000;0.482;2897184.500
Placasm10229.jpg;33;1287888;1157622303;209;1158910400;3219.720;2894055.750;0.522;2897276.250
Placasm10233.jpg;34;1281100;1157474095;197;1158755392;3202.750;2893685.250;0.493;2896888.250
Placasm10236.jpg;33;1279182;1157731845;207;1159011234;3197.955;2894329.500;0.517;2897528.000
Placasm10264.jpg;33;1280464;1157635997;197;1158916658;3201.160;2894090.000;0.493;2897291.750
Placasm10279.jpg;33;1276752;1157807439;207;1159084398;3191.880;2894518.750;0.517;2897711.000
Placasm10285.jpg;33;1275864;1157745255;225;1159021344;3189.660;2894363.250;0.562;2897553.500
Placasm10286.jpg;33;1275182;1157607743;195;1158883120;3187.955;2894019.000;0.488;2897207.750
Placasm10292.jpg;32;1276976;1157808699;179;1159085854;3192.440;2894521.750;0.447;2897714.500
Placasm10303.jpg;33;1280088;1157749151;197;1159029436;3200.220;2894372.750;0.493;2897573.500
Placasm10327.jpg;34;1278486;1157868357;205;1159147048;3196.215;2894671.000;0.512;2897867.500
Placasm10343.jpg;32;1281299;1157633620;233;1158915152;3203.248;2894084.250;0.582;2897288.000
Placasm10365.jpg;33;1277164;1157613311;207;1158890682;3192.910;2894033.250;0.517;2897226.500
Placasm10406.jpg;34;1279658;1157698317;215;1158978190;3199.145;2894246.000;0.538;2897445.250
Placasm10430.jpg;32;1273496;1157594159;195;1158867850;3183.740;2893985.250;0.488;2897169.500
Placasm10431.jpg;34;1276152;1157594653;233;1158871038;3190.380;2893986.500;0.582;2897177.500
Placasm10433.jpg;34;1276418;1157658877;207;1158935502;3191.045;2894147.250;0.517;2897339.000
Placasm10439.jpg;33;1280644;1157691427;207;1158972278;3201.610;2894228.500;0.517;2897430.500
Placasm10451.jpg;35;1280430;1157551463;207;1158832100;3201.075;2893878.750;0.517;2897080.250
Placasm10464.jpg;33;1275106;1157556109;209;1158831424;3187.765;2893890.250;0.522;2897078.250
Placasm10482.jpg;33;1280002;1157603108;188;1158883298;3200.005;2894007.750;0.470;2897208.500
Placasm10546.jpg;33;1273272;1157667545;229;1158941046;3183.180;2894169.000;0.572;2897352.750
Placasm10561.jpg;33;1280975;1157801368;209;1159082552;3202.438;2894503.250;0.522;2897706.500
Placasm10590.jpg;33;1279147;1157564410;225;1158843782;3197.867;2893911.000;0.562;2897109.500
Placasm10610.jpg;34;1272966;1157699567;277;1158972810;3182.415;2894249.000;0.692;2897432.000
Placasm10640.jpg;33;1277938;1157741537;195;1159019670;3194.845;2894354.000;0.488;2897549.000
Placasm10654.jpg;33;1280133;1157596390;275;1158876798;3200.333;2893991.000;0.687;2897192.000
Placasm10667.jpg;33;1280682;1157717423;231;1158998336;3201.705;2894293.500;0.577;2897495.750
Placasm10690.jpg;34;1280940;1157613763;321;1158895024;3202.350;2894034.500;0.803;2897237.250
Placasm10720.jpg;33;1275556;1157764101;231;1159039888;3188.890;2894410.250;0.577;2897599.750
Placasm10739.jpg;33;1274948;1157642427;195;1158917570;3187.370;2894106.000;0.488;2897294.000
Placasm10751.jpg;33;1287594;1157732517;205;1159020316;3218.985;2894331.250;0.512;2897550.750
Placasm10773.jpg;33;1280395;1157510528;193;1158791116;3200.988;2893776.250;0.482;2896978.000
Placasm10811.jpg;33;1276077;1157607448;205;1158883730;3190.193;2894018.500;0.512;2897209.000
Placasm10841.jpg;33;1280984;1157690775;207;1158971966;3202.460;2894226.750;0.517;2897430.000
Placasm10863.jpg;33;1274690;1157555737;229;1158830656;3186.725;2893889.250;0.572;2897076.500
Placasm10867.jpg;31;1272184;1157683175;203;1158955562;3180.460;2894208.000;0.507;2897389.000
Placasm10875.jpg;33;1271450;1157653885;193;1158925528;3178.625;2894134.750;0.482;2897313.750
Placasm10879.jpg;32;1275028;1157685211;219;1158960458;3187.570;2894213.000;0.548;2897401.500
Placasm10907.jpg;33;1281792;1157595169;195;1158877156;3204.480;2893988.000;0.488;2897193.000
Placasm10925.jpg;33;1273242;1157589105;195;1158862542;3183.105;2893972.750;0.488;2897156.500
Placasm10928.jpg;32;1277446;1157520097;189;1158797732;3193.615;2893800.250;0.472;2896994.250
Placasm10978.jpg;32;1272090;1157625699;231;1158898020;3180.225;2894064.500;0.577;2897245.000
Placasm10987.jpg;33;1274950;1157869751;207;1159144908;3187.375;2894674.000;0.517;2897862.500
Placasm10991.jpg;34;1276542;1157634421;209;1158911172;3191.355;2894086.250;0.522;2897278.250
Placasm11007.jpg;33;1274846;1157681979;231;1158957056;3187.115;2894204.750;0.577;2897392.750
Placasm11033.jpg;33;1274660;1157689517;205;1158964382;3186.650;2894223.750;0.512;2897410.750
Placasm11038.jpg;34;1280368;1157695783;195;1158976346;3200.920;2894239.250;0.488;2897441.000
Placasm11069.jpg;33;1271860;1157679997;207;1158952064;3179.650;2894200.000;0.517;2897380.250
Placasm11094.jpg;34;1274954;1157656813;205;1158931972;3187.385;2894142.250;0.512;2897330.000
Placasm11133.jpg;33;1277686;1157839345;229;1159117260;3194.215;2894598.250;0.572;2897793.250
Placasm11154.jpg;33;1274572;1157699419;195;1158974186;3186.430;2894248.500;0.488;2897435.500
Placasm11155.jpg;33;1276792;1157724147;195;1159001134;3191.980;2894310.250;0.488;2897502.750
Placasm11213.jpg;33;1275430;1157562335;195;1158837960;3188.575;2893906.000;0.488;2897095.000
Placasm11215.jpg;33;1275712;1157661249;205;1158937166;3189.280;2894153.250;0.512;2897343.000
Placasm11222.jpg;34;1271950;1157651325;199;1158923474;3179.875;2894128.500;0.498;2897308.750
Placass10014.jpg;33;1275732;1157655345;193;1158931270;3189.330;2894138.250;0.482;2897328.250
Placass10015.jpg;33;1275870;1157707251;231;1158983352;3189.675;2894268.000;0.577;2897458.000
Placass10016.jpg;33;1272534;1157617517;197;1158890248;3181.335;2894044.000;0.493;2897225.500
Placass10020.jpg;33;1277164;1157528105;231;1158805500;3192.910;2893820.000;0.577;2897013.750
Placass10024.jpg;33;1277612;1157731435;207;1159009254;3194.030;2894328.750;0.517;2897523.250
Placass10037.jpg;35;1274218;1157711247;197;1158985662;3185.545;2894278.250;0.493;2897464.250
Placass10044.jpg;33;1275848;1157571015;1267;1158848130;3189.620;2893927.750;3.168;2897120.250
Placass10051.jpg;34;1275830;1157728889;207;1159004926;3189.575;2894322.000;0.517;2897512.500
Placass10055.jpg;33;1276970;1157742727;207;1159019904;3192.425;2894356.750;0.517;2897549.750
Placass10068.jpg;34;1276204;1157621081;195;1158897480;3190.510;2894052.750;0.488;2897243.750
Placass10070.jpg;33;1293210;1157723377;207;1159016794;3233.025;2894308.250;0.517;2897542.000
Placass10077.jpg;33;1277486;1157609531;205;1158887222;3193.715;2894023.750;0.512;2897217.750
Placass10088.jpg;33;1280691;1157811596;227;1159092514;3201.728;2894529.000;0.567;2897731.250
Placass10091.jpg;33;1277740;1157643955;207;1158921902;3194.350;2894109.750;0.517;2897304.750
Placass10101.jpg;34;1279248;1157586965;207;1158866420;3198.120;2893967.500;0.517;2897166.250
Placass10109.jpg;34;1277286;1157633641;209;1158911136;3193.215;2894084.250;0.522;2897278.000
Placass10112.jpg;33;1280704;1157679627;191;1158960522;3201.760;2894199.000;0.477;2897401.500
Placass10122.jpg;33;1277008;1157694443;207;1158971658;3192.520;2894236.250;0.517;2897429.250
Placass10126.jpg;34;1275466;1157524273;233;1158799972;3188.665;2893810.750;0.582;2897000.000
Placass10130.jpg;33;1275524;1157469917;195;1158745636;3188.810;2893674.750;0.488;2896863.750
Placass10132.jpg;33;1276419;1157564230;207;1158840856;3191.047;2893910.750;0.517;2897102.000
Placass10138.jpg;33;1277074;1157592011;209;1158869294;3192.685;2893980.250;0.522;2897173.250
Placass10140.jpg;33;1275682;1157615371;205;1158891258;3189.205;2894038.500;0.512;2897228.250
Placass10154.jpg;33;1274676;1157646057;197;1158920930;3186.690;2894115.000;0.493;2897302.500
Placass10163.jpg;34;1279741;1157576618;207;1158856566;3199.353;2893941.500;0.517;2897141.250
Placass10175.jpg;33;1278198;1157665127;203;1158943528;3195.495;2894163.000;0.507;2897358.750
Placass10183.jpg;34;1274404;1157560855;205;1158835464;3186.010;2893902.000;0.512;2897088.750
Placass10186.jpg;34;1279483;1157648208;233;1158927924;3198.708;2894120.750;0.582;2897319.750
Placass10206.jpg;33;1275364;1157642925;197;1158918486;3188.410;2894107.250;0.493;2897296.250
Placass10208.jpg;34;1276472;1157684445;261;1158961178;3191.180;2894211.250;0.652;2897402.750
Placass10210.jpg;35;1279794;1157715145;209;1158995148;3199.485;2894287.750;0.522;2897488.000
Placass10215.jpg;33;1275986;1157650965;195;1158927146;3189.965;2894127.500;0.488;2897317.750
Placass10223.jpg;33;1274619;1157662941;198;1158937758;3186.547;2894157.250;0.495;2897344.250
Placass10244.jpg;33;1276784;1157535455;225;1158812464;3191.960;2893838.500;0.562;2897031.000
Placass10257.jpg;32;1278974;1157630721;277;1158909972;3197.435;2894076.750;0.692;2897275.000
Placass10266.jpg;33;1275268;1157571687;195;1158847150;3188.170;2893929.250;0.488;2897117.750
Placass10268.jpg;34;1280757;1157699562;211;1158980530;3201.892;2894249.000;0.527;2897451.000
Placass10274.jpg;34;1275932;1157671281;195;1158947408;3189.830;2894178.250;0.488;2897368.500
Placass10276.jpg;34;1280922;1157614793;1317;1158897032;3202.305;2894037.250;3.292;2897242.750
Placass10281.jpg;33;1279752;1157733126;202;1159013080;3199.380;2894332.750;0.505;2897533.000
Placass10296.jpg;33;1281772;1157694991;195;1158976958;3204.430;2894237.500;0.488;2897442.250
Placass10304.jpg;33;1277628;1157778427;227;1159056282;3194.070;2894446.250;0.567;2897640.500
Placass10309.jpg;33;1277536;1157607487;225;1158885248;3193.840;2894018.500;0.562;2897213.250
Placass10347.jpg;33;1277922;1157583891;193;1158862006;3194.805;2893959.750;0.482;2897154.750
Placass10374.jpg;33;1274324;1157506929;209;1158781462;3185.810;2893767.500;0.522;2896953.750
Placass10376.jpg;33;1276312;1157506193;209;1158782714;3190.780;2893765.500;0.522;2896956.750
Placass10388.jpg;33;1280462;1157609799;207;1158890468;3201.155;2894024.750;0.517;2897226.250
Placass10395.jpg;33;1276384;1157678511;197;1158955092;3190.960;2894196.250;0.493;2897388.000
Placass10397.jpg;34;1277894;1157668295;197;1158946386;3194.735;2894170.750;0.493;2897366.250
Placass10407.jpg;33;1277174;1157723115;199;1159000488;3192.935;2894308.000;0.498;2897501.000
Placass10411.jpg;33;1274906;1157576323;207;1158851436;3187.265;2893941.000;0.517;2897128.500
Placass10413.jpg;33;1276228;1157673467;207;1158949902;3190.570;2894183.750;0.517;2897374.750
Placass10416.jpg;33;1275022;1157488683;227;1158763932;3187.555;2893721.500;0.567;2896909.750
Placass10418.jpg;33;1282290;1157602981;193;1158885464;3205.725;2894007.250;0.482;2897213.750
Placass10431.jpg;34;1276458;1157656355;207;1158933020;3191.145;2894141.000;0.517;2897332.500
Placass10432.jpg;34;1274105;1157704418;207;1158978730;3185.263;2894261.000;0.517;2897446.750
Placass10436.jpg;33;1269416;1157592447;227;1158862090;3173.540;2893981.250;0.567;2897155.000
Placass10439.jpg;33;1269844;1157674329;193;1158944366;3174.610;2894185.750;0.482;2897361.000
Placass10442.jpg;34;1268828;1157577430;218;1158846476;3172.070;2893943.500;0.545;2897116.250
Placass10446.jpg;33;1278200;1157704909;207;1158983316;3195.500;2894262.250;0.517;2897458.000
Placass10454.jpg;33;1279466;1157696261;209;1158975936;3198.665;2894240.500;0.522;2897440.000
Placass10456.jpg;34;1280722;1157605173;209;1158886104;3201.805;2894012.750;0.522;2897215.500
Placass10457.jpg;34;1289538;1157688615;211;1158978364;3223.845;2894221.500;0.527;2897445.750
Placass10466.jpg;33;1277326;1157651135;197;1158928658;3193.315;2894127.750;0.493;2897321.500
Placass10470.jpg;33;1276190;1157623265;197;1158899652;3190.475;2894058.250;0.493;2897249.500
Placass10480.jpg;34;1274312;1157605409;205;1158879926;3185.780;2894013.500;0.512;2897199.750
Placass10484.jpg;33;1276415;1157586832;209;1158863456;3191.038;2893967.000;0.522;2897158.750
Placass10489.jpg;33;1277250;1157587581;209;1158865040;3193.125;2893969.000;0.522;2897162.500
Placass10495.jpg;33;1276664;1157660715;207;1158937586;3191.660;2894151.750;0.517;2897344.000
Placass10499.jpg;34;1283076;1157680213;205;1158963494;3207.690;2894200.500;0.512;2897408.750
Placass10509.jpg;33;1281818;1157626909;197;1158908924;3204.545;2894067.000;0.493;2897272.250
Placass10515.jpg;32;1283171;1157562202;195;1158845568;3207.927;2893905.750;0.488;2897113.750
Placass10516.jpg;33;1287886;1157645741;305;1158933932;3219.715;2894114.500;0.762;2897334.500
Placass10520.jpg;33;1279744;1157729637;209;1159009590;3199.360;2894324.000;0.522;2897523.750
Placass10522.jpg;33;1274702;1157633883;207;1158908792;3186.755;2894084.750;0.517;2897271.750
Placass10526.jpg;33;1275726;1157549615;207;1158825548;3189.315;2893873.750;0.517;2897064.250
Placass10532.jpg;33;1273950;1157541539;303;1158815792;3184.875;2893853.750;0.757;2897039.250
Placass10535.jpg;34;1273437;1157756698;207;1159030342;3183.592;2894391.500;0.517;2897575.750
Placass10565.jpg;32;1278973;1157575950;195;1158855118;3197.433;2893940.000;0.488;2897138.000
Placass10579.jpg;33;1275194;1157639001;287;1158914482;3187.985;2894097.500;0.717;2897286.000
Placass10596.jpg;33;1282824;1157638041;209;1158921074;3207.060;2894095.000;0.522;2897302.750
Placass10603.jpg;34;1273637;1157609172;205;1158883014;3184.093;2894023.000;0.512;2897207.750
Placass10613.jpg;34;1281214;1157682717;193;1158964124;3203.035;2894206.750;0.482;2897410.000
Placass10629.jpg;35;1281106;1157674431;205;1158955742;3202.765;2894185.750;0.512;2897389.250
Placass10632.jpg;33;1288132;1157638033;303;1158926468;3220.330;2894095.000;0.757;2897316.250
Placass10658.jpg;34;1282036;1157584885;205;1158867126;3205.090;2893962.500;0.512;2897167.750
Placass10660.jpg;33;1275751;1157551280;195;1158827226;3189.378;2893878.250;0.488;2897068.250
Placass10670.jpg;33;1276878;1157516305;277;1158793460;3192.195;2893790.500;0.692;2896983.750
Placass10679.jpg;34;1274508;1157722385;209;1158997102;3186.270;2894306.000;0.522;2897492.750
Placass10689.jpg;33;1275280;1157665727;209;1158941216;3188.200;2894164.000;0.522;2897353.000
Placass10719.jpg;32;1280260;1157631509;209;1158911978;3200.650;2894078.750;0.522;2897280.000
Placass10722.jpg;33;1288642;1157651597;207;1158940446;3221.605;2894128.750;0.517;2897351.000
Placass10725.jpg;32;1281154;1157478877;205;1158760236;3202.885;2893697.250;0.512;2896900.500
Placass10726.jpg;33;1274158;1157589279;207;1158863644;3185.395;2893973.000;0.517;2897159.000
Placass10733.jpg;33;1279842;1157510783;369;1158790994;3199.605;2893776.750;0.923;2896977.500
Placass10736.jpg;33;1276424;1157640133;225;1158916782;3191.060;2894100.750;0.562;2897292.000
Placass10737.jpg;33;1275278;1157622343;205;1158897826;3188.195;2894056.000;0.512;2897244.250
Placass10740.jpg;33;1280576;1157725209;209;1159005994;3201.440;2894313.000;0.522;2897514.750
Placass10743.jpg;34;1282022;1157608577;217;1158890816;3205.055;2894021.500;0.543;2897227.000
Placass10745.jpg;34;1288672;1157615663;205;1158904540;3221.680;2894039.000;0.512;2897261.500
Placass10803.jpg;33;1277524;1157547261;189;1158824974;3193.810;2893868.000;0.472;2897062.500
Placass10804.jpg;33;1279013;1157645856;195;1158925064;3197.532;2894114.750;0.488;2897312.750
Placass10807.jpg;33;1276494;1157549947;275;1158826716;3191.235;2893874.750;0.687;2897066.750
Placass10811.jpg;33;1281026;1157541174;248;1158822448;3202.565;2893852.750;0.620;2897056.000
Placass10812.jpg;33;1277447;1157617064;209;1158894720;3193.617;2894042.500;0.522;2897237.000
Placass10823.jpg;34;1275875;1157738898;269;1159015042;3189.688;2894347.250;0.673;2897537.500
Placass10824.jpg;34;1280276;1157590791;205;1158871272;3200.690;2893976.750;0.512;2897178.250
Placass10839.jpg;33;1274490;1157739691;195;1159014376;3186.225;2894349.250;0.488;2897536.000
Placass10840.jpg;32;1276757;1157579936;209;1158856902;3191.893;2893949.750;0.522;2897142.250
Placass10843.jpg;34;1276216;1157767837;197;1159044250;3190.540;2894419.500;0.493;2897610.500
Placass10845.jpg;33;1279324;1157744611;209;1159024144;3198.310;2894361.750;0.522;2897560.500
Placass10848.jpg;34;1280026;1157598271;197;1158878494;3200.065;2893995.500;0.493;2897196.000
Placass10849.jpg;33;1278207;1157724166;229;1159002602;3195.517;2894310.250;0.572;2897506.500
Placass10862.jpg;34;1275664;1157558093;201;1158833958;3189.160;2893895.250;0.502;2897085.000
Placass10864.jpg;33;1275480;1157791781;209;1159067470;3188.700;2894479.500;0.522;2897668.750
Placass10877.jpg;34;1281174;1157585435;303;1158866912;3202.935;2893963.500;0.757;2897167.500
Placass10880.jpg;33;1275354;1157682869;193;1158958416;3188.385;2894207.000;0.482;2897396.000
Placass10884.jpg;34;1277782;1157676757;195;1158954734;3194.455;2894192.000;0.488;2897387.000
Placass10897.jpg;33;1273050;1157774051;207;1159047308;3182.625;2894435.250;0.517;2897618.250
Placass10903.jpg;33;1276896;1157712895;207;1158989998;3192.240;2894282.250;0.517;2897474.750
Placass10906.jpg;33;1276968;1157573219;207;1158850394;3192.420;2893933.250;0.517;2897126.250
Placass10909.jpg;34;1277910;1157555391;193;1158833494;3194.775;2893888.250;0.482;2897084.000
Placass10915.jpg;33;1275962;1157644779;211;1158920952;3189.905;2894112.000;0.527;2897302.500
Placass10916.jpg;33;1278813;1157579034;207;1158858054;3197.032;2893947.500;0.517;2897145.250
Placass10929.jpg;33;1274456;1157841287;207;1159115950;3186.140;2894603.250;0.517;2897789.500
Placass10937.jpg;33;1279594;1157570963;199;1158850756;3198.985;2893927.500;0.498;2897127.000
Placass10947.jpg;34;1277730;1157842007;249;1159119986;3194.325;2894605.000;0.623;2897800.000
Placass10951.jpg;33;1282134;1157568235;211;1158850580;3205.335;2893920.750;0.527;2897126.250
Placass10955.jpg;34;1276866;1157567501;339;1158844706;3192.165;2893918.750;0.848;2897111.750
Placass10960.jpg;33;1273376;1157642965;195;1158916536;3183.440;2894107.750;0.488;2897291.250
Placass10969.jpg;34;1275086;1157648917;193;1158924196;3187.715;2894122.000;0.482;2897310.500
Placass10972.jpg;33;1276042;1157572527;195;1158848764;3190.105;2893931.250;0.488;2897121.750
Placass10988.jpg;34;1277365;1157637860;193;1158915418;3193.413;2894094.500;0.482;2897288.750
Placass10992.jpg;34;1281252;1157726401;193;1159007846;3203.130;2894316.000;0.482;2897519.750
Placass10995.jpg;34;1280282;1157667979;199;1158948460;3200.705;2894170.000;0.498;2897371.250
Placass10996.jpg;33;1277755;1157521274;195;1158799224;3194.387;2893803.250;0.488;2896998.000
Placass11000.jpg;33;1277451;1157438272;193;1158715916;3193.628;2893595.750;0.482;2896789.750
Placass11005.jpg;34;1282692;1157773600;202;1159056494;3206.730;2894433.750;0.505;2897641.250
Placass11008.jpg;34;1278138;1157787815;211;1159066164;3195.345;2894469.500;0.527;2897665.000
Placass11010.jpg;33;1280890;1157660753;305;1158941948;3202.225;2894152.000;0.762;2897354.750
Placass11013.jpg;33;1277181;1157635712;273;1158913166;3192.953;2894089.250;0.683;2897283.000
Placass11014.jpg;33;1288014;1157594421;205;1158882640;3220.035;2893985.750;0.512;2897206.750
Placass11018.jpg;34;1276068;1157611577;195;1158887840;3190.170;2894028.750;0.488;2897219.500
Placass11020.jpg;33;1275919;1157763320;203;1159039442;3189.797;2894408.250;0.507;2897598.750
Placass11021.jpg;33;1279624;1157709519;207;1158989350;3199.060;2894273.750;0.517;2897473.250
Placass11035.jpg;33;1274469;1157651756;197;1158926422;3186.173;2894129.250;0.493;2897316.250
Placass11037.jpg;33;1278128;1157583355;211;1158861694;3195.320;2893958.250;0.527;2897154.000
Placass11051.jpg;33;1278590;1157726934;200;1159005724;3196.475;2894317.500;0.500;2897514.000
Placass11054.jpg;33;1271508;1157590197;275;1158861980;3178.770;2893975.500;0.687;2897154.750
Placass11076.jpg;34;1274850;1157594513;205;1158869568;3187.125;2893986.250;0.512;2897174.000
Placass11077.jpg;33;1280872;1157450165;231;1158731268;3202.180;2893625.250;0.577;2896828.250
Placass11080.jpg;32;1279650;1157633635;179;1158913464;3199.125;2894084.250;0.447;2897283.500
Placass11092.jpg;33;1276630;1157787005;273;1159063908;3191.575;2894467.500;0.683;2897659.750
Placass11093.jpg;33;1279605;1157567668;205;1158847478;3199.012;2893919.000;0.512;2897118.750
Placass11105.jpg;33;1273409;1157504578;207;1158778194;3183.523;2893761.750;0.517;2896945.750
Placass11124.jpg;33;1278248;1157604803;197;1158883248;3195.620;2894012.000;0.493;2897208.000
Placass11126.jpg;33;1278294;1157688759;197;1158967250;3195.735;2894221.750;0.493;2897418.250
Placass11127.jpg;34;1283542;1157768575;207;1159052324;3208.855;2894421.500;0.517;2897630.500
Placass11128.jpg;33;1275542;1157695561;209;1158971312;3188.855;2894238.750;0.522;2897428.250
Placass11130.jpg;34;1281662;1157531681;195;1158813538;3204.155;2893829.250;0.488;2897034.000
Placass11131.jpg;33;1277364;1157634563;195;1158912122;3193.410;2894086.500;0.488;2897280.250
Placass11153.jpg;34;1278890;1157813363;219;1159092472;3197.225;2894533.500;0.548;2897731.250
Placass11155.jpg;33;1275975;1157688758;301;1158965034;3189.938;2894221.750;0.752;2897412.500
Placass11168.jpg;33;1277880;1157425891;207;1158703978;3194.700;2893564.750;0.517;2896760.250
Placass11170.jpg;33;1276298;1157680869;207;1158957374;3190.745;2894202.250;0.517;2897393.250
Placass11176.jpg;33;1275033;1157637406;229;1158912668;3187.583;2894093.500;0.572;2897281.500
Placass11178.jpg;34;1283463;1157578588;201;1158862252;3208.658;2893946.500;0.502;2897155.500
Placass11181.jpg;32;1275617;1157628204;205;1158904026;3189.042;2894070.500;0.512;2897260.000
Placass11187.jpg;33;1278152;1157526037;227;1158804416;3195.380;2893815.000;0.567;2897011.250
Placass11193.jpg;33;1281032;1157696071;195;1158977298;3202.580;2894240.250;0.488;2897443.250
Placass11205.jpg;33;1274102;1157617427;197;1158891726;3185.255;2894043.500;0.493;2897229.500
Placass11223.jpg;34;1276096;1157816969;209;1159093274;3190.240;2894542.500;0.522;2897733.250
Placass11229.jpg;33;1279458;1157586775;209;1158866442;3198.645;2893967.000;0.522;2897166.250
Placass11243.jpg;33;1278896;1157640317;205;1158919418;3197.240;2894101.000;0.512;2897298.750
Placass11247.jpg;33;1276276;1157634965;207;1158911448;3190.690;2894087.250;0.517;2897278.500
Placass11248.jpg;32;1281456;1157608327;227;1158890010;3203.640;2894020.750;0.567;2897225.000
Placass11258.jpg;33;1279164;1157703199;295;1158982658;3197.910;2894258.000;0.738;2897456.750
Placass11262.jpg;34;1276124;1157612743;207;1158889074;3190.310;2894031.750;0.517;2897222.750
Placass11266.jpg;33;1281969;1157649566;221;1158931756;3204.922;2894123.750;0.553;2897329.250
Placass11273.jpg;33;1279885;1157571232;205;1158851322;3199.713;2893928.250;0.512;2897128.250
Placass11279.jpg;32;1279947;1157862294;531;1159142772;3199.868;2894655.500;1.327;2897857.000
Placass11290.jpg;33;1278860;1157814729;207;1159093796;3197.150;2894536.750;0.517;2897734.250
Placass11303.jpg;34;1277618;1157445191;177;1158722986;3194.045;2893613.000;0.442;2896807.500
Placass11311.jpg;33;1278408;1157615321;205;1158893934;3196.020;2894038.500;0.512;2897235.000
Placass11326.jpg;33;1278884;1157596909;189;1158875982;3197.210;2893992.250;0.472;2897190.000
Placass11335.jpg;34;1278112;1157601295;229;1158879636;3195.280;2894003.250;0.572;2897199.000
Placass11359.jpg;34;1279876;1157616965;229;1158897070;3199.690;2894042.500;0.572;2897242.750
Placass11360.jpg;33;1275914;1157585053;215;1158861182;3189.785;2893962.750;0.538;2897153.000
Placass11378.jpg;33;1290150;1157522737;207;1158813094;3225.375;2893806.750;0.517;2897032.500
Placass11388.jpg;33;1279815;1157793351;186;1159073352;3199.538;2894483.500;0.465;2897683.500
Placass11397.jpg;33;1275941;1157640342;207;1158916490;3189.852;2894101.000;0.517;2897291.250
Placass11403.jpg;33;1279888;1157712389;193;1158992470;3199.720;2894280.750;0.482;2897481.250
Placass11404.jpg;33;1275252;1157687097;213;1158962562;3188.130;2894217.750;0.533;2897406.500
Placass11424.jpg;32;1277118;1157603187;259;1158880564;3192.795;2894008.000;0.647;2897201.500
Placass11429.jpg;33;1278456;1157614029;209;1158892694;3196.140;2894035.250;0.522;2897231.500
Placass11435.jpg;33;1279986;1157593121;195;1158873302;3199.965;2893982.750;0.488;2897183.250
Placass11439.jpg;34;1276296;1157629029;217;1158905542;3190.740;2894072.750;0.543;2897264.250
Placass11442.jpg;33;1276370;1157704307;209;1158980886;3190.925;2894260.750;0.522;2897452.000
Placass11444.jpg;33;1280694;1157513691;207;1158794592;3201.735;2893784.250;0.517;2896986.750
Placass11445.jpg;33;1280067;1157649230;219;1158929516;3200.167;2894123.000;0.548;2897323.750
Placass11448.jpg;33;1278996;1157530987;207;1158810190;3197.490;2893827.500;0.517;2897025.500
Placass11459.jpg;32;1282576;1157672221;217;1158955014;3206.440;2894180.500;0.543;2897387.500
Placass11461.jpg;33;1278302;1157734717;207;1159013226;3195.755;2894336.500;0.517;2897533.250
Placass11467.jpg;33;1279286;1157760507;207;1159040000;3198.215;2894401.250;0.517;2897600.000
Placass11470.jpg;32;1292726;1157759217;205;1159052148;3231.815;2894398.000;0.512;2897630.500
Placass11479.jpg;34;1279766;1157618317;193;1158898276;3199.415;2894045.500;0.482;2897245.750
Placass11486.jpg;33;1283315;1157605132;209;1158888656;3208.287;2894012.750;0.522;2897221.750
Placass11488.jpg;33;1277070;1157603573;193;1158880836;3192.675;2894009.000;0.482;2897202.500
Placass11498.jpg;34;1280296;1157556451;195;1158836942;3200.740;2893891.250;0.488;2897092.250
Placass11507.jpg;34;1276394;1157764505;195;1159041094;3190.985;2894411.250;0.488;2897603.000
Placass11510.jpg;34;1280290;1157624291;211;1158904792;3200.725;2894060.750;0.527;2897262.250
Placass11521.jpg;34;1278678;1157714323;227;1158993228;3196.695;2894285.750;0.567;2897483.250
Placass11531.jpg;33;1275426;1157755317;195;1159030938;3188.565;2894388.250;0.488;2897577.250
Placass11538.jpg;33;1276124;1157641683;205;1158918012;3190.310;2894104.250;0.512;2897295.000
Placass11542.jpg;33;1275186;1157717971;203;1158993360;3187.965;2894295.000;0.507;2897483.500
Placass11553.jpg;33;1274712;1157595873;197;1158870782;3186.780;2893990.000;0.493;2897177.000
Placass11560.jpg;34;1280086;1157705957;1389;1158987432;3200.215;2894265.000;3.472;2897468.500
Placass11561.jpg;33;1278291;1157691254;207;1158969752;3195.727;2894228.250;0.517;2897424.250
Placass11563.jpg;34;1274597;1157557492;207;1158832296;3186.492;2893893.500;0.517;2897080.500
Placass11567.jpg;33;1276621;1157588038;225;1158864884;3191.552;2893970.000;0.562;2897162.250
Placass11569.jpg;33;1279532;1157727141;209;1159006882;3198.830;2894317.750;0.522;2897517.250
Placass11575.jpg;32;1277366;1157631163;207;1158908736;3193.415;2894077.750;0.517;2897271.500
Placass11579.jpg;31;1277706;1157650631;205;1158928542;3194.265;2894126.750;0.512;2897321.250
Placass11586.jpg;34;1279120;1157738661;205;1159017986;3197.800;2894346.500;0.512;2897545.000
Placass11597.jpg;33;1275974;1157802123;195;1159078292;3189.935;2894505.250;0.488;2897695.750
Placass11620.jpg;33;1281374;1157661663;211;1158943248;3203.435;2894154.250;0.527;2897358.000
Placass11623.jpg;34;1276030;1157547519;207;1158823756;3190.075;2893868.750;0.517;2897059.500
Placass11625.jpg;33;1277878;1157692635;207;1158970720;3194.695;2894231.750;0.517;2897427.000
Placass11655.jpg;34;1274148;1157621065;179;1158895392;3185.370;2894052.750;0.447;2897238.250
Placass11659.jpg;33;1280698;1157686849;265;1158967812;3201.745;2894217.500;0.663;2897419.500
Placass11668.jpg;33;1274040;1157724327;209;1158998576;3185.100;2894310.750;0.522;2897496.250
Placass11673.jpg;34;1279542;1157710105;193;1158989840;3198.855;2894275.000;0.482;2897474.500
Placass11676.jpg;33;1280142;1157834535;207;1159114884;3200.355;2894586.250;0.517;2897787.250
Placass11684.jpg;33;1276482;1157741231;197;1159017910;3191.205;2894353.000;0.493;2897544.750
Placass11700.jpg;33;1278119;1157539534;195;1158817848;3195.297;2893849.000;0.488;2897044.250
Placass11704.jpg;33;1279654;1157630751;207;1158910612;3199.135;2894076.750;0.517;2897276.500
plaacaas1016.jpg;33;1281624;1157745691;205;1159027520;3204.060;2894364.000;0.512;2897568.500
plaacaas1024.jpg;33;1280250;1157682703;207;1158963160;3200.625;2894206.750;0.517;2897408.000
plaacaas1029.jpg;33;1278848;1157700565;195;1158979608;3197.120;2894251.750;0.488;2897449.000
plaacaas1030.jpg;33;1282588;1157743577;197;1159026362;3206.470;2894359.000;0.493;2897565.750
plaacaas1040.jpg;34;1281686;1157583529;207;1158865422;3204.215;2893958.750;0.517;2897163.500
plaacaas1045.jpg;34;1280770;1157719721;273;1159000764;3201.925;2894299.250;0.683;2897501.750
plaacaas1068.jpg;34;1280486;1157744547;231;1159025264;3201.215;2894361.250;0.577;2897563.000
plaacaas1075.jpg;33;1279514;1157513655;195;1158793364;3198.785;2893784.000;0.488;2896983.250
plaacaas1077.jpg;34;1281394;1157583635;205;1158865234;3203.485;2893959.000;0.512;2897163.250
plaacaas1105.jpg;34;1283666;1157652919;323;1158936908;3209.165;2894132.250;0.808;2897342.250
plaacaas1111.jpg;33;1281226;1157539775;207;1158821208;3203.065;2893849.250;0.517;2897053.000
plaacaas1124.jpg;33;1281052;1157699423;211;1158980686;3202.630;2894248.500;0.527;2897451.750
plaacaas1126.jpg;32;1280498;1157902809;209;1159183516;3201.245;2894757.000;0.522;2897958.750
plaacaas1141.jpg;33;1281011;1157566078;209;1158847298;3202.527;2893915.000;0.522;2897118.500
plaacaas1147.jpg;33;1284396;1157725869;321;1159010586;3210.990;2894314.750;0.803;2897526.500
plaacaas1159.jpg;33;1282248;1157654055;227;1158936530;3205.620;2894135.250;0.567;2897341.250
plaacaas1160.jpg;33;1281186;1157645389;197;1158926772;3202.965;2894113.750;0.493;2897316.750
plaacaas1175.jpg;33;1281508;1157485405;205;1158767118;3203.770;2893713.750;0.512;2896917.750
plaacaas1177.jpg;33;1281784;1157528593;207;1158810584;3204.460;2893821.500;0.517;2897026.500
plaacaas1181.jpg;32;1282014;1157747087;207;1159029308;3205.035;2894367.750;0.517;2897573.250
plaacaas1186.jpg;33;1281070;1157728717;205;1159009992;3202.675;2894321.750;0.512;2897525.250
plaacaas1188.jpg;33;1280839;1157555455;282;1158836576;3202.097;2893888.500;0.705;2897091.750
plaacaas1193.jpg;33;1281774;1157687637;217;1158969628;3204.435;2894219.000;0.543;2897423.750
plaacaas1199.jpg;33;1279786;1157686637;229;1158966652;3199.465;2894216.750;0.572;2897416.500
plaacaas1200.jpg;33;1279355;1157553004;195;1158832554;3198.387;2893882.500;0.488;2897081.250
plaacaas1201.jpg;33;1282062;1157637701;321;1158920084;3205.155;2894094.250;0.803;2897300.000
plaacaas1207.jpg;32;1280078;1157597183;195;1158877456;3200.195;2893993.000;0.488;2897193.750
plaacaas1218.jpg;33;1280437;1157616642;195;1158897274;3201.093;2894041.500;0.488;2897243.250
plaacaas1220.jpg;33;1279160;1157631849;207;1158911216;3197.900;2894079.750;0.517;2897278.250
plaacaas1234.jpg;34;1279886;1157796985;257;1159077128;3199.715;2894492.500;0.642;2897693.000
plaacaas1251.jpg;33;1279840;1157747703;207;1159027750;3199.600;2894369.500;0.517;2897569.250
plaacaas1252.jpg;32;1281031;1157527496;249;1158808776;3202.578;2893818.750;0.623;2897022.250
plaacaas1280.jpg;33;1278934;1157473603;207;1158752744;3197.335;2893684.250;0.517;2896882.000
plaacaas1286.jpg;33;1280498;1157703939;231;1158984668;3201.245;2894259.750;0.577;2897461.750
plaacaas1299.jpg;33;1280784;1157647883;195;1158928862;3201.960;2894119.750;0.488;2897322.250
plaacaas1305.jpg;34;1280862;1157694346;256;1158975464;3202.155;2894235.750;0.640;2897438.500
plaacaas1309.jpg;32;1279812;1157708301;201;1158988314;3199.530;2894270.750;0.502;2897470.750
placaas10004.jpg;33;1276436;1157548009;207;1158824652;3191.090;2893870.000;0.517;2897061.750
placaas10007.jpg;32;1281436;1157669623;191;1158951250;3203.590;2894174.000;0.477;2897378.250
placaas10008.jpg;33;1274240;1157594405;207;1158868852;3185.600;2893985.750;0.517;2897172.250
placaas10011.jpg;32;1282062;1157786627;205;1159068894;3205.155;2894466.750;0.512;2897672.250
placaas10020.jpg;33;1282667;1157757096;205;1159039968;3206.668;2894392.500;0.512;2897600.000
placaas10023.jpg;33;1275046;1157638457;197;1158913700;3187.615;2894096.000;0.493;2897284.250
placaas10034.jpg;33;1275268;1157654933;209;1158930410;3188.170;2894137.250;0.522;2897326.250
placaas10037.jpg;33;1274514;1157587627;209;1158862350;3186.285;2893969.000;0.522;2897155.750
placaas10047.jpg;32;1276010;1157626949;207;1158903166;3190.025;2894067.500;0.517;2897257.750
placaas10049.jpg;33;1279714;1157507153;197;1158787064;3199.285;2893768.000;0.493;2896967.500
placaas10061.jpg;32;1276749;1157748876;207;1159025832;3191.873;2894372.000;0.517;2897564.500
placaas10063.jpg;33;1281141;1157667408;193;1158948742;3202.853;2894168.750;0.482;2897371.750
placaas10068.jpg;33;1274158;1157741663;207;1159016028;3185.395;2894354.250;0.517;2897540.250
placaas10073.jpg;33;1279877;1157612810;207;1158892894;3199.693;2894031.750;0.517;2897232.250
placaas10078.jpg;33;1280002;1157604555;203;1158884760;3200.005;2894011.500;0.507;2897211.750
placaas10081.jpg;33;1279332;1157669907;203;1158949442;3198.330;2894174.750;0.507;2897373.750
placaas10083.jpg;34;1280864;1157701889;229;1158982982;3202.160;2894254.750;0.572;2897457.750
placaas10089.jpg;32;1279945;1157559882;207;1158840034;3199.862;2893900.000;0.517;2897100.000
placaas10106.jpg;33;1277654;1157712675;215;1158990544;3194.135;2894281.500;0.538;2897476.500
placaas10113.jpg;33;1280556;1157594385;207;1158875148;3201.390;2893985.750;0.517;2897188.000
placaas10117.jpg;34;1279907;1157621346;195;1158901448;3199.767;2894053.250;0.488;2897253.750
placaas10118.jpg;32;1280154;1157631521;233;1158911908;3200.385;2894078.750;0.582;2897279.500
placaas10136.jpg;33;1274012;1157530663;205;1158804880;3185.030;2893826.500;0.512;2897012.250
placaas10151.jpg;32;1277829;1157638014;207;1158916050;3194.573;2894095.000;0.517;2897290.250
placaas10160.jpg;33;1282898;1157622713;273;1158905884;3207.245;2894056.750;0.683;2897264.500
placaas10163.jpg;32;1279392;1157685962;207;1158965561;3198.480;2894215.000;0.517;2897413.750
placaas10166.jpg;33;1281346;1157648805;207;1158930358;3203.365;2894121.750;0.517;2897326.000
placaas10170.jpg;33;1279482;1157641409;209;1158921100;3198.705;2894103.750;0.522;2897302.750
placaas10184.jpg;33;1279562;1157633019;207;1158912788;3198.905;2894082.500;0.517;2897282.000
placaas10205.jpg;33;1281358;1157510439;207;1158792004;3203.395;2893776.250;0.517;2896980.250
placaas10209.jpg;34;1273444;1157740179;193;1159013816;3183.610;2894350.250;0.482;2897534.250
placaas10221.jpg;34;1279004;1157595563;225;1158874792;3197.510;2893989.000;0.562;2897187.000
placaas10222.jpg;33;1273734;1157796963;209;1159070906;3184.335;2894492.500;0.522;2897677.250
placaas10231.jpg;32;1281104;1157395039;207;1158676350;3202.760;2893487.500;0.517;2896691.000
placaas10247.jpg;33;1280182;1157576589;201;1158856972;3200.455;2893941.500;0.502;2897142.250
placaas10270.jpg;33;1279784;1157689677;207;1158969668;3199.460;2894224.500;0.517;2897424.250
placaas10275.jpg;33;1275298;1157726335;205;1159001838;3188.245;2894315.750;0.512;2897504.750
placaas10279.jpg;32;1282256;1157799423;231;1159081910;3205.640;2894498.500;0.577;2897704.750
placaas10282.jpg;33;1279577;1157703480;205;1158983262;3198.943;2894258.750;0.512;2897458.000
placaas10312.jpg;32;1273308;1157765989;197;1159039494;3183.270;2894415.000;0.493;2897598.750
placaas10316.jpg;33;1279380;1157568829;293;1158848502;3198.450;2893921.750;0.733;2897121.250
placaas10332.jpg;32;1278808;1157540531;577;1158819916;3197.020;2893851.250;1.442;2897050.000
placaas10357.jpg;33;1280490;1157589515;191;1158870196;3201.225;2893973.750;0.477;2897175.250
placaas10364.jpg;32;1274420;1157680141;197;1158954758;3186.050;2894200.250;0.493;2897387.000
placaas10392.jpg;32;1280888;1157642739;195;1158923822;3202.220;2894107.000;0.488;2897309.500
placaas10396.jpg;32;1278218;1157604157;197;1158882572;3195.545;2894010.250;0.493;2897206.500
placaas10398.jpg;33;1279916;1157575331;207;1158855454;3199.790;2893938.250;0.517;2897138.750
placaas10400.jpg;32;1279601;1157706708;225;1158986534;3199.002;2894266.750;0.562;2897466.250
placaas10412.jpg;33;1282266;1157597853;213;1158880332;3205.665;2893994.500;0.533;2897201.000
placaas10417.jpg;33;1281960;1157564707;247;1158846914;3204.900;2893911.750;0.618;2897117.500
placaas10423.jpg;32;1282984;1157652629;229;1158935842;3207.460;2894131.500;0.572;2897339.750
placaas10426.jpg;32;1275366;1157582827;209;1158858402;3188.415;2893957.000;0.522;2897146.000
placaas10434.jpg;33;1280258;1157685869;197;1158966324;3200.645;2894214.750;0.493;2897415.750
placaas10447.jpg;33;1279558;1157663905;231;1158943694;3198.895;2894159.750;0.577;2897359.500
placaas10452.jpg;33;1280792;1157603911;207;1158884910;3201.980;2894010.000;0.517;2897212.250
placaas10453.jpg;32;1279288;1157535457;229;1158814974;3198.220;2893838.500;0.572;2897037.250
placaas10458.jpg;34;1280943;1157689740;207;1158970890;3202.358;2894224.500;0.517;2897427.250
placaas10467.jpg;32;1279968;1157526341;233;1158806542;3199.920;2893816.000;0.582;2897016.250
placaas10468.jpg;32;1276528;1157665761;205;1158942494;3191.320;2894164.500;0.512;2897356.000
placaas10472.jpg;32;1282004;1157609519;215;1158891738;3205.010;2894023.750;0.538;2897229.500
placaas10493.jpg;33;1276558;1157611105;209;1158887872;3191.395;2894027.750;0.522;2897219.750
placaas10504.jpg;33;1278628;1157743789;207;1159022624;3196.570;2894359.250;0.517;2897556.500
placaas10509.jpg;33;1270154;1157600515;207;1158870876;3175.385;2894001.250;0.517;2897177.250
placaas10513.jpg;33;1279354;1157510349;1277;1158790980;3198.385;2893776.250;3.192;2896977.500
placaas10519.jpg;32;1280791;1157675538;199;1158956528;3201.978;2894189.000;0.498;2897391.250
placaas10520.jpg;33;1275576;1157699207;207;1158974990;3188.940;2894248.000;0.517;2897437.250
placaas10533.jpg;33;1275196;1157662385;259;1158937840;3187.990;2894156.000;0.647;2897344.750
placaas10545.jpg;32;1281460;1157667375;207;1158949042;3203.650;2894168.500;0.517;2897372.500
placaas10558.jpg;33;1275302;1157554824;224;1158830350;3188.255;2893887.000;0.560;2897076.000
placaas10567.jpg;33;1276822;1157697841;205;1158974868;3192.055;2894244.500;0.512;2897437.250
placaas10569.jpg;32;1288278;1157574971;207;1158863456;3220.695;2893937.250;0.517;2897158.750
placaas10573.jpg;33;1280006;1157836771;205;1159116982;3200.015;2894591.750;0.512;2897792.250
placaas10582.jpg;33;1273894;1157636301;305;1158910500;3184.735;2894091.000;0.762;2897276.250
placaas10602.jpg;32;1282314;1157564005;207;1158846526;3205.785;2893910.000;0.517;2897116.250
placaas10606.jpg;32;1280569;1157654840;209;1158935618;3201.422;2894136.750;0.522;2897339.250
placaas10614.jpg;33;1280976;1157598037;209;1158879222;3202.440;2893995.250;0.522;2897198.000
placaas10617.jpg;33;1275560;1157639471;227;1158915258;3188.900;2894098.500;0.567;2897288.000
placaas10625.jpg;33;1275648;1157601179;207;1158877034;3189.120;2894003.000;0.517;2897192.750
placaas10641.jpg;34;1268416;1157688277;197;1158956890;3171.040;2894220.750;0.493;2897392.250
placaas10646.jpg;32;1293648;1157646851;207;1158940706;3234.120;2894117.000;0.517;2897351.750
placaas10650.jpg;33;1277246;1157723357;303;1159000906;3193.115;2894308.250;0.757;2897502.500
placaas10668.jpg;32;1293308;1157652347;207;1158945862;3233.270;2894130.750;0.517;2897364.750
placaas10669.jpg;32;1282620;1157533119;207;1158815946;3206.550;2893832.500;0.517;2897040.000
placaas10679.jpg;32;1280152;1157472471;193;1158752816;3200.380;2893681.250;0.482;2896882.000
placaas10685.jpg;33;1283040;1157590083;195;1158873318;3207.600;2893975.500;0.488;2897183.250
placaas10688.jpg;34;1279752;1157569399;205;1158849356;3199.380;2893923.500;0.512;2897123.500
placaas10697.jpg;33;1281312;1157457643;209;1158739164;3203.280;2893644.250;0.522;2896848.000
placaas10700.jpg;33;1281320;1157579279;219;1158860818;3203.300;2893948.250;0.548;2897152.000
placaas10705.jpg;32;1283688;1157618403;229;1158902320;3209.220;2894046.000;0.572;2897255.750
placaas10713.jpg;32;1278886;1157559711;207;1158838804;3197.215;2893899.250;0.517;2897097.000
placaas10716.jpg;33;1278794;1157620921;275;1158899990;3196.985;2894052.250;0.687;2897250.000
placaas10717.jpg;32;1279984;1157523635;207;1158803826;3199.960;2893809.000;0.517;2897009.500
placaas10724.jpg;32;1275774;1157586629;227;1158862630;3189.435;2893966.750;0.567;2897156.500
placaas10730.jpg;33;1279990;1157608501;209;1158888700;3199.975;2894021.000;0.522;2897221.750
placaas10735.jpg;33;1275046;1157525235;197;1158800478;3187.615;2893813.000;0.493;2897001.500
placaas10739.jpg;33;1280270;1157671347;207;1158951824;3200.675;2894178.250;0.517;2897379.500
placaas10752.jpg;32;1280072;1157653197;209;1158933478;3200.180;2894133.250;0.522;2897333.500
placaas10764.jpg;32;1273852;1157597801;207;1158871860;3184.630;2893994.500;0.517;2897179.500
placaas10769.jpg;32;1278928;1157647163;199;1158926290;3197.320;2894117.750;0.498;2897315.750
placaas10773.jpg;34;1275638;1157510759;193;1158786590;3189.095;2893776.750;0.482;2896966.500
placaas10779.jpg;34;1277538;1157532927;193;1158810658;3193.845;2893832.250;0.482;2897026.500
placaas10787.jpg;32;1280633;1157618030;205;1158898868;3201.582;2894045.250;0.512;2897247.000
placaas10797.jpg;32;1274218;1157671931;207;1158946356;3185.545;2894179.750;0.517;2897365.750
placaas10805.jpg;33;1271812;1157541863;193;1158813868;3179.530;2893854.750;0.482;2897034.750
placaas10837.jpg;31;1280026;1157748821;193;1159029040;3200.065;2894372.000;0.482;2897572.500
placaas10842.jpg;32;1278486;1157567761;197;1158846444;3196.215;2893919.500;0.493;2897116.250
placaas10857.jpg;32;1276104;1157716351;207;1158992662;3190.260;2894291.000;0.517;2897481.500
placaas10861.jpg;33;1280377;1157754698;227;1159035302;3200.942;2894386.750;0.567;2897588.250
placaas10880.jpg;33;1276366;1157568059;195;1158844620;3190.915;2893920.000;0.488;2897111.750
placaas10882.jpg;34;1271388;1157538741;207;1158810336;3178.470;2893846.500;0.517;2897026.000
placaas10889.jpg;33;1272454;1157587125;207;1158859786;3181.135;2893967.750;0.517;2897149.500
placaas10910.jpg;33;1280506;1157487283;201;1158767990;3201.265;2893718.000;0.502;2896919.750
placaas10911.jpg;32;1275842;1157521489;203;1158797534;3189.605;2893803.750;0.507;2896994.000
placaas10913.jpg;33;1280558;1157512969;207;1158793734;3201.395;2893782.500;0.517;2896984.250
placaas10918.jpg;32;1281480;1157718859;197;1159000536;3203.700;2894297.250;0.493;2897501.250
placaas10923.jpg;33;1279840;1157721970;272;1159002082;3199.600;2894305.000;0.680;2897505.500
placaas10924.jpg;32;1278872;1157690657;231;1158969760;3197.180;2894226.500;0.577;2897424.250
placaas10928.jpg;33;1281532;1157684243;227;1158966002;3203.830;2894210.750;0.567;2897415.250
placaas10934.jpg;32;1282444;1157683097;207;1158965748;3206.110;2894207.750;0.517;2897414.500
placaas10935.jpg;32;1278488;1157633823;205;1158912516;3196.220;2894084.500;0.512;2897281.250
placaas10941.jpg;32;1280215;1157712680;195;1158993090;3200.537;2894281.500;0.488;2897483.000
placaas10979.jpg;33;1281288;1157717801;305;1158999394;3203.220;2894294.250;0.762;2897498.750
placaas10986.jpg;32;1275749;1157761076;225;1159037050;3189.372;2894402.500;0.562;2897592.750
placaas10995.jpg;33;1279350;1157680937;195;1158960482;3198.375;2894202.250;0.488;2897401.500
placaas10996.jpg;32;1282834;1157464835;195;1158747864;3207.085;2893662.000;0.488;2896870.000
placaas10999.jpg;33;1278898;1157796657;277;1159075832;3197.245;2894491.500;0.692;2897689.500
placaas11002.jpg;33;1278532;1157625235;217;1158903984;3196.330;2894063.000;0.543;2897259.750
placaas11011.jpg;33;1276530;1157545209;209;1158821948;3191.325;2893863.000;0.522;2897054.750
placaas11012.jpg;32;1279168;1157462369;207;1158741744;3197.920;2893656.000;0.517;2896854.500
placaas11014.jpg;32;1280002;1157592799;203;1158873004;3200.005;2893982.250;0.507;2897182.250
placaas11036.jpg;33;1278880;1157606719;207;1158885806;3197.200;2894016.750;0.517;2897214.500
placaas11048.jpg;32;1283510;1157632499;221;1158916230;3208.775;2894081.250;0.553;2897290.750
placaas11052.jpg;33;1282842;1157630193;207;1158913242;3207.105;2894075.500;0.517;2897283.250
placaas11064.jpg;33;1280964;1157690333;227;1158971524;3202.410;2894225.750;0.567;2897429.000
placaas11070.jpg;33;1276150;1157826847;201;1159103198;3190.375;2894567.000;0.502;2897758.000
placaas11071.jpg;33;1275298;1157653011;197;1158928506;3188.245;2894132.500;0.493;2897321.250
placaas11074.jpg;32;1272917;1157709794;209;1158982920;3182.292;2894274.500;0.522;2897457.500
placaas11100.jpg;32;1279276;1157766421;197;1159045894;3198.190;2894416.000;0.493;2897614.750
placaas11107.jpg;33;1279122;1157520395;207;1158799724;3197.805;2893801.000;0.517;2896999.500
placaas11111.jpg;31;1281934;1157641939;209;1158924082;3204.835;2894105.000;0.522;2897310.000
placaas11116.jpg;33;1281037;1157620924;205;1158902166;3202.593;2894052.250;0.512;2897255.500
placaas11119.jpg;33;1280038;1157689471;207;1158969716;3200.095;2894223.750;0.517;2897424.250
placaas11120.jpg;33;1278578;1157561115;207;1158839900;3196.445;2893902.750;0.517;2897099.750
placaas11143.jpg;33;1282670;1157572929;209;1158855808;3206.675;2893932.500;0.522;2897139.750
placaas11145.jpg;33;1277494;1157753197;205;1159030896;3193.735;2894383.250;0.512;2897577.250
placaas11150.jpg;32;1275430;1157641641;207;1158917278;3188.575;2894104.000;0.517;2897293.000
placaas11151.jpg;32;1282097;1157675538;225;1158957860;3205.242;2894189.000;0.562;2897394.750
placaas11169.jpg;33;1278928;1157736931;275;1159016134;3197.320;2894342.500;0.687;2897540.750
placaas11170.jpg;33;1277084;1157825287;227;1159102598;3192.710;2894563.250;0.567;2897756.500
placaas11174.jpg;33;1273252;1157661025;211;1158934488;3183.130;2894152.750;0.527;2897336.250
placaas11176.jpg;33;1282256;1157619453;197;1158901906;3205.640;2894048.500;0.493;2897254.750
placaas11177.jpg;33;1280738;1157653805;233;1158934776;3201.845;2894134.500;0.582;2897337.000
placaas11179.jpg;34;1283260;1157718615;227;1159002102;3208.150;2894296.500;0.567;2897505.500
placaas11181.jpg;32;1289836;1157768245;209;1159058290;3224.590;2894420.500;0.522;2897645.750
placaas11187.jpg;32;1280792;1157631347;303;1158912442;3201.980;2894078.500;0.757;2897281.000
placaas11193.jpg;32;1277042;1157597861;195;1158875098;3192.605;2893994.500;0.488;2897188.000
placaas11194.jpg;32;1281110;1157606811;195;1158888116;3202.775;2894017.000;0.488;2897220.250
placaas11198.jpg;33;1278610;1157682669;209;1158961488;3196.525;2894206.750;0.522;2897403.750
placaas11206.jpg;33;1275802;1157611825;229;1158887856;3189.505;2894029.500;0.572;2897219.500
placaas11213.jpg;32;1269153;1157710648;205;1158980006;3172.883;2894276.500;0.512;2897450.000
placaas11215.jpg;33;1281426;1157670107;227;1158951760;3203.565;2894175.500;0.567;2897379.500
placaas11218.jpg;33;1281618;1157624215;193;1158906026;3204.045;2894060.250;0.482;2897264.750
placaas11229.jpg;32;1274178;1157756877;209;1159031264;3185.445;2894392.250;0.522;2897578.250
placaas11249.jpg;33;1273640;1157608111;205;1158881956;3184.100;2894020.000;0.512;2897204.750
placaas11260.jpg;32;1281084;1157714635;195;1158995914;3202.710;2894286.750;0.488;2897490.000
placaas11264.jpg;32;1275500;1157525809;207;1158801516;3188.750;2893814.500;0.517;2897003.750
placaas11265.jpg;33;1279792;1157620829;205;1158900826;3199.480;2894052.250;0.512;2897252.000
placaas11268.jpg;32;1280820;1157565979;231;1158847030;3202.050;2893914.750;0.577;2897117.500
placaas11271.jpg;32;1278922;1157624371;207;1158903500;3197.305;2894060.750;0.517;2897258.750
placaas11280.jpg;33;1270226;1157590547;197;1158860970;3175.565;2893976.500;0.493;2897152.500
placaas11299.jpg;32;1277535;1157693836;209;1158971580;3193.838;2894234.500;0.522;2897429.000
placaas11302.jpg;32;1281412;1157804483;207;1159086102;3203.530;2894511.250;0.517;2897715.000
placaas11304.jpg;32;1282385;1157733909;209;1159016503;3205.962;2894334.750;0.522;2897541.000
placaas11324.jpg;33;1292392;1157601969;205;1158894566;3230.980;2894004.750;0.512;2897236.750
placaas11328.jpg;33;1278710;1157607823;207;1158886740;3196.775;2894019.500;0.517;2897216.750
placaas11338.jpg;33;1278046;1157634581;205;1158912832;3195.115;2894086.500;0.512;2897282.000
placaas11342.jpg;33;1273632;1157659505;205;1158933342;3184.080;2894149.000;0.512;2897333.500
placaas11353.jpg;32;1280158;1157643179;217;1158923554;3200.395;2894107.750;0.543;2897308.750
placaas11366.jpg;32;1280218;1157754029;193;1159034440;3200.545;2894384.750;0.482;2897586.250
placaas11370.jpg;33;1280668;1157731847;207;1159012722;3201.670;2894329.500;0.517;2897532.000
placaas11390.jpg;33;1283520;1157747761;209;1159031490;3208.800;2894369.500;0.522;2897579.000
placaas11393.jpg;33;1280622;1157538245;209;1158819076;3201.555;2893845.500;0.522;2897047.750
placaas11395.jpg;33;1275563;1157592324;225;1158868112;3188.907;2893980.750;0.562;2897170.250
placaas11403.jpg;32;1280210;1157550325;209;1158830744;3200.525;2893875.750;0.522;2897077.000
placaas11410.jpg;33;1280650;1157494999;179;1158775828;3201.625;2893737.500;0.447;2896939.750
placaas11417.jpg;33;1281260;1157570585;205;1158852050;3203.150;2893926.500;0.512;2897130.250
placas1010.jpg;32;1279406;1157678435;207;1158958048;3198.515;2894196.250;0.517;2897395.250
placas1033.jpg;33;1283269;1157502760;207;1158786236;3208.172;2893756.750;0.517;2896965.500
placas1034.jpg;32;1270726;1157574575;267;1158845568;3176.815;2893936.250;0.668;2897113.750
placas1038.jpg;33;1268973;1157431674;207;1158700854;3172.433;2893579.250;0.517;2896752.000
placas1054.jpg;32;1268412;1157560973;205;1158829590;3171.030;2893902.250;0.512;2897074.000
placas1055.jpg;33;1280528;1157642171;211;1158922910;3201.320;2894105.250;0.527;2897307.000
placas1078.jpg;33;1282822;1157571377;205;1158854404;3207.055;2893928.250;0.512;2897136.000
placas1099.jpg;32;1271216;1157585161;199;1158856576;3178.040;2893962.750;0.498;2897141.250
placas1101.jpg;32;1279662;1157660935;195;1158940792;3199.155;2894152.250;0.488;2897352.000
placas1105.jpg;32;1279782;1157701487;211;1158981480;3199.455;2894253.750;0.527;2897453.750
placas1106.jpg;32;1262342;1157687737;227;1158950306;3155.855;2894219.000;0.567;2897375.500
placas1113.jpg;32;1278232;1157745983;195;1159024410;3195.580;2894364.750;0.488;2897561.000
placas1116.jpg;33;1281500;1157682131;195;1158963826;3203.750;2894205.250;0.488;2897409.500
placas1127.jpg;33;1280092;1157626443;205;1158906740;3200.230;2894066.500;0.512;2897266.750
placas1131.jpg;32;1279224;1157679171;195;1158958590;3198.060;2894198.000;0.488;2897396.250
placas1145.jpg;33;1272557;1157792286;231;1159065074;3181.392;2894480.750;0.577;2897662.750
placas1152.jpg;32;1279288;1157729021;219;1159008528;3198.220;2894322.500;0.548;2897521.250
placas1159.jpg;32;1279530;1157533407;195;1158813132;3198.825;2893833.500;0.488;2897033.000
placas1171.jpg;32;1284524;1157587369;195;1158872088;3211.310;2893968.500;0.488;2897180.250
placas1174.jpg;33;1280208;1157540297;195;1158820700;3200.520;2893851.000;0.488;2897051.750
placas1175.jpg;32;1280528;1157641845;225;1158922598;3201.320;2894104.750;0.562;2897306.500
placas1180.jpg;33;1281000;1157790141;195;1159071336;3202.500;2894475.000;0.488;2897678.500
placas1188.jpg;33;1277706;1157649677;197;1158927580;3194.265;2894124.000;0.493;2897319.250
placas1216.jpg;32;1282094;1157788487;195;1159070776;3205.235;2894471.500;0.488;2897676.750
placas1247.jpg;32;1280546;1157646971;195;1158927712;3201.365;2894117.500;0.488;2897319.500
placas1261.jpg;32;1278981;1157577882;207;1158857070;3197.453;2893944.500;0.517;2897142.750
placas1264.jpg;32;1273650;1157711283;205;1158985138;3184.125;2894278.250;0.512;2897462.750
placas1285.jpg;32;1279574;1157718405;207;1158998186;3198.935;2894296.000;0.517;2897495.250
placas1299.jpg;32;1274478;1157583319;323;1158858120;3186.195;2893958.250;0.808;2897145.250
placas1305.jpg;32;1268816;1157632845;195;1158901856;3172.040;2894082.250;0.488;2897254.750
placas1313.jpg;33;1279840;1157717955;191;1158997986;3199.600;2894295.000;0.477;2897495.000
placas1338.jpg;32;1280864;1157729487;207;1159010558;3202.160;2894323.750;0.517;2897526.500
placas1342.jpg;32;1277802;1157620335;229;1158898366;3194.505;2894051.000;0.572;2897245.750
placas1345.jpg;32;1234456;1157733281;275;1158968012;3086.140;2894333.250;0.687;2897420.250
placas1352.jpg;32;1280192;1157687617;205;1158968014;3200.480;2894219.000;0.512;2897420.250
placas1353.jpg;33;1275764;1157621675;213;1158897652;3189.410;2894054.000;0.533;2897244.000
placas1355.jpg;33;1270868;1157623195;197;1158894260;3177.170;2894058.000;0.493;2897235.500
placas1366.jpg;32;1255777;1157776914;209;1159032900;3139.442;2894442.250;0.522;2897582.250
placas1399.jpg;32;1282268;1157880873;205;1159163346;3205.670;2894702.000;0.512;2897908.500
placas1405.jpg;32;1282514;1157687207;191;1158969912;3206.285;2894218.000;0.477;2897424.500
placas1419.jpg;32;1279004;1157755205;205;1159034414;3197.510;2894388.250;0.512;2897586.000
placas1504.jpg;32;1265636;1157562023;209;1158827868;3164.090;2893905.000;0.522;2897069.750
placas1516.jpg;33;1280486;1157658925;213;1158939624;3201.215;2894147.250;0.533;2897349.000
placas1540.jpg;33;1280402;1157657219;195;1158937816;3201.005;2894143.000;0.488;2897344.750
placas1557.jpg;32;1279136;1157473705;205;1158753046;3197.840;2893684.250;0.512;2896882.750
placas1578.jpg;32;1279990;1157742809;205;1159023004;3199.975;2894357.000;0.512;2897557.500
placas1602.jpg;33;1271144;1157704543;197;1158975884;3177.860;2894261.250;0.493;2897439.750
placas1610.jpg;32;1249908;1157812811;201;1159062920;3124.770;2894532.250;0.502;2897657.500
placas1619.jpg;32;1278682;1157703495;277;1158982454;3196.705;2894259.000;0.692;2897456.000
placas1621.jpg;32;1274160;1157658505;207;1158932872;3185.400;2894146.250;0.517;2897332.250
placas1627.jpg;32;1273740;1157549739;211;1158823690;3184.350;2893874.250;0.527;2897059.000
placas1637.jpg;33;1280155;1157600242;225;1158880622;3200.388;2894000.750;0.562;2897201.750
placas1644.jpg;32;1280920;1157685487;207;1158966614;3202.300;2894213.750;0.517;2897416.500
placas1658.jpg;33;1282962;1157604883;201;1158888046;3207.405;2894012.000;0.502;2897220.250
placas1677.jpg;32;1265699;1157794168;207;1159060074;3164.248;2894485.500;0.517;2897650.250
placas1680.jpg;32;1283164;1157734959;275;1159018398;3207.910;2894337.250;0.687;2897546.000
placas1684.jpg;32;1264962;1157703491;205;1158968658;3162.405;2894259.000;0.512;2897421.750
placas1700.jpg;32;1279022;1157675007;199;1158954228;3197.555;2894187.500;0.498;2897385.500
placas1723.jpg;32;1281406;1157692716;242;1158974364;3203.515;2894231.750;0.605;2897436.000
placas1726.jpg;32;1280352;1157634571;227;1158915150;3200.880;2894086.500;0.567;2897288.000
placas1729.jpg;32;1283706;1157587561;209;1158871476;3209.265;2893969.000;0.522;2897178.500
Motospl10011.jpg;32;1282584;1157707975;357;1158990916;3206.460;2894270.000;0.892;2897477.500
Motospl10016.jpg;32;1274996;1157613460;198;1158888654;3187.490;2894033.500;0.495;2897221.750
Motospl10019.jpg;32;1281771;1157658013;197;1158939981;3204.427;2894145.000;0.493;2897350.000
Motospl10031.jpg;32;1281366;1157559967;207;1158841540;3203.415;2893900.000;0.517;2897104.000
Motospl10035.jpg;32;1281640;1157622939;207;1158904786;3204.100;2894057.250;0.517;2897262.250
Motospl10037.jpg;32;1282212;1157695045;197;1158977454;3205.530;2894237.750;0.493;2897443.750
Motospl10039.jpg;33;1278150;1157702359;207;1158980716;3195.375;2894256.000;0.517;2897451.750
Motospl10041.jpg;32;1276863;1157564112;193;1158841168;3192.158;2893910.500;0.482;2897103.000
Motospl10054.jpg;33;1279540;1157544809;205;1158824554;3198.850;2893862.000;0.512;2897061.500
Motospl10059.jpg;34;1272800;1157475697;195;1158748692;3182.000;2893689.250;0.488;2896871.500
Motospl10075.jpg;32;1282958;1157676307;195;1158959460;3207.395;2894190.500;0.488;2897398.750
Motospl10080.jpg;32;1272128;1157433589;209;1158705926;3180.320;2893584.000;0.522;2896764.750
Motospl10082.jpg;34;1279398;1157575734;200;1158855332;3198.495;2893939.250;0.500;2897138.250
Motospl10084.jpg;32;1282148;1157453539;195;1158735882;3205.370;2893634.000;0.488;2896839.750
Motospl10091.jpg;32;1280910;1157658445;205;1158939560;3202.275;2894146.250;0.512;2897348.750
Motospl10106.jpg;33;1277906;1157505381;205;1158783492;3194.765;2893763.500;0.512;2896958.750
Motospl10114.jpg;33;1280788;1157591935;293;1158873016;3201.970;2893979.750;0.733;2897182.250
Motospl10120.jpg;32;1282662;1157641185;197;1158924044;3206.655;2894103.000;0.493;2897310.000
Motospl10127.jpg;33;1280814;1157641951;207;1158922972;3202.035;2894105.000;0.517;2897307.500
Motospl10138.jpg;32;1277682;1157570463;195;1158848340;3194.205;2893926.250;0.488;2897120.750
Motospl10147.jpg;33;1279846;1157561789;197;1158841832;3199.615;2893904.250;0.493;2897104.750
Motospl10156.jpg;31;1280166;1157774561;195;1159054922;3200.415;2894436.500;0.488;2897637.500
Motospl10157.jpg;32;1279926;1157702395;199;1158982520;3199.815;2894256.000;0.498;2897456.500
Motospl10161.jpg;32;1278987;1157484362;207;1158763556;3197.467;2893711.000;0.517;2896908.750
Motospl10164.jpg;32;1280986;1157595153;215;1158876354;3202.465;2893988.000;0.538;2897191.000
Motospl10190.jpg;33;1278118;1157567255;207;1158845580;3195.295;2893918.000;0.517;2897113.750
Motospl10199.jpg;33;1281250;1157598355;203;1158879808;3203.125;2893996.000;0.507;2897199.500
Motospl10200.jpg;33;1280014;1157566173;195;1158846382;3200.035;2893915.500;0.488;2897115.750
Motospl10202.jpg;31;1278034;1157680661;195;1158958890;3195.085;2894201.750;0.488;2897397.000
Motospl10204.jpg;33;1278304;1157676975;207;1158955486;3195.760;2894192.250;0.517;2897389.000
Motospl10206.jpg;33;1278568;1157578305;197;1158857070;3196.420;2893946.000;0.493;2897142.750
Motospl10208.jpg;33;1279902;1157703779;207;1158983888;3199.755;2894259.750;0.517;2897459.750
Motospl10210.jpg;32;1281396;1157573389;321;1158855106;3203.490;2893933.500;0.803;2897138.000
Motospl10222.jpg;32;1269102;1157684021;211;1158953334;3172.755;2894210.000;0.527;2897383.250
Motospl10224.jpg;32;1269398;1157677861;195;1158947454;3173.495;2894194.500;0.488;2897368.500
Motospl10233.jpg;33;1278520;1157610911;195;1158889626;3196.300;2894027.250;0.488;2897224.000
Motospl10235.jpg;32;1280316;1157577175;207;1158857698;3200.790;2893943.000;0.517;2897144.250
Motospl10239.jpg;33;1278114;1157609095;227;1158887436;3195.285;2894022.750;0.567;2897218.500
Motospl10240.jpg;33;1280294;1157665797;195;1158946286;3200.735;2894164.500;0.488;2897365.750
Motospl10266.jpg;33;1281708;1157609029;221;1158890958;3204.270;2894022.750;0.553;2897227.500
Motospl10272.jpg;32;1282360;1157734043;323;1159016726;3205.900;2894335.250;0.808;2897541.750
Motospl10273.jpg;32;1287732;1157521149;195;1158809076;3219.330;2893803.000;0.488;2897023.000
Motospl10297.jpg;32;1278810;1157710111;219;1158989140;3197.025;2894275.000;0.548;2897472.750
Motospl10313.jpg;31;1282530;1157686473;229;1158969232;3206.325;2894216.500;0.572;2897423.250
Motospl10337.jpg;32;1276284;1157664289;227;1158940800;3190.710;2894160.750;0.567;2897352.000
Motospl10367.jpg;33;1276638;1157692163;209;1158969010;3191.595;2894230.500;0.522;2897422.500
Motospl10371.jpg;32;1280006;1157617193;195;1158897394;3200.015;2894043.000;0.488;2897243.750
Motospl10372.jpg;32;1271423;1157743330;205;1159014958;3178.558;2894358.250;0.512;2897537.250
Motospl10375.jpg;32;1278320;1157758231;225;1159036776;3195.800;2894395.500;0.562;2897592.000
Motospl10377.jpg;33;1278498;1157555987;207;1158834692;3196.245;2893890.000;0.517;2897086.750
Motospl10387.jpg;32;1281251;1157691972;205;1158973428;3203.127;2894230.250;0.512;2897433.500
Motospl10396.jpg;33;1279105;1157568686;205;1158847996;3197.763;2893921.500;0.512;2897119.750
Motospl10406.jpg;31;1279610;1157578259;207;1158858076;3199.025;2893945.500;0.517;2897145.250
Motospl10409.jpg;32;1279944;1157708707;207;1158988858;3199.860;2894271.750;0.517;2897471.750
Motospl10416.jpg;33;1278660;1157708973;207;1158987840;3196.650;2894272.500;0.517;2897469.500
Motospl10418.jpg;31;1271616;1157576473;211;1158848300;3179.040;2893941.250;0.527;2897120.500
Motospl10421.jpg;32;1276238;1157630167;195;1158906600;3190.595;2894075.500;0.488;2897266.500
Motospl10422.jpg;32;1283530;1157527769;217;1158811516;3208.825;2893819.500;0.543;2897029.000
Motospl10427.jpg;33;1277519;1157693150;209;1158970878;3193.797;2894232.750;0.522;2897427.250
Motospl10428.jpg;32;1280048;1157500373;221;1158780642;3200.120;2893751.000;0.553;2896951.750
Motospl10438.jpg;31;1274590;1157490881;227;1158765698;3186.475;2893727.500;0.567;2896914.250
Motospl10441.jpg;32;1268164;1157486167;209;1158754540;3170.410;2893715.500;0.522;2896886.250
Motospl10444.jpg;32;1267100;1157520957;197;1158788254;3167.750;2893802.250;0.493;2896970.500
Motospl10451.jpg;31;1279679;1157596726;207;1158876612;3199.198;2893991.500;0.517;2897191.750
Motospl10461.jpg;33;1277916;1157651397;197;1158929510;3194.790;2894128.500;0.493;2897323.750
Motospl10469.jpg;32;1278904;1157575253;209;1158854366;3197.260;2893938.250;0.522;2897136.000
Motospl10476.jpg;32;1278879;1157544864;193;1158823936;3197.197;2893862.000;0.482;2897059.750
Motospl10484.jpg;33;1278544;1157659499;207;1158938250;3196.360;2894149.000;0.517;2897345.750
Motospl10492.jpg;32;1281582;1157614295;207;1158896084;3203.955;2894035.750;0.517;2897240.250
Motospl10501.jpg;32;1280638;1157699671;187;1158980496;3201.595;2894249.250;0.468;2897451.000
Motospl10516.jpg;32;1281040;1157731365;217;1159012622;3202.600;2894328.500;0.543;2897531.500
Motospl10519.jpg;31;1279239;1157752702;201;1159032142;3198.097;2894381.750;0.502;2897580.500
Motospl10520.jpg;32;1279200;1157615671;231;1158895102;3198.000;2894039.000;0.577;2897237.750
Motospl10538.jpg;33;1274574;1157541605;195;1158816374;3186.435;2893854.000;0.488;2897041.000
Motospl10542.jpg;31;1280344;1157546325;201;1158826870;3200.860;2893866.000;0.502;2897067.250
Motospl10544.jpg;32;1282363;1157553796;281;1158836440;3205.907;2893884.500;0.702;2897091.250
Motospl10552.jpg;32;1278308;1157512313;209;1158790830;3195.770;2893780.750;0.522;2896977.000
Motospl10556.jpg;33;1279420;1157604143;207;1158883770;3198.550;2894010.250;0.517;2897209.000
Motospl10563.jpg;32;1279408;1157565615;207;1158845230;3198.520;2893914.000;0.517;2897112.750
Motospl10565.jpg;31;1278384;1157604029;205;1158882618;3195.960;2894010.000;0.512;2897206.500
Motospl10570.jpg;32;1272286;1157611439;195;1158883920;3180.715;2894028.500;0.488;2897209.750
Motospl10576.jpg;32;1278926;1157699705;229;1158978860;3197.315;2894249.250;0.572;2897447.000
Motospl10577.jpg;33;1277494;1157651597;297;1158929388;3193.735;2894128.750;0.743;2897323.500
Motospl10582.jpg;32;1278556;1157712265;277;1158991098;3196.390;2894280.500;0.692;2897478.000
Motospl10589.jpg;33;1279520;1157644145;209;1158923874;3198.800;2894110.250;0.522;2897309.750
Motospl10602.jpg;33;1271436;1157581019;221;1158852676;3178.590;2893952.750;0.553;2897132.000
Motospl10605.jpg;32;1278126;1157678233;221;1158956580;3195.315;2894195.500;0.553;2897391.250
Motospl10623.jpg;32;1274458;1157616635;205;1158891298;3186.145;2894041.500;0.512;2897228.250
Motospl10626.jpg;32;1280569;1157590996;289;1158871854;3201.422;2893977.500;0.723;2897179.500
Motospl10628.jpg;33;1279848;1157643255;207;1158923310;3199.620;2894108.000;0.517;2897308.000
Motospl10630.jpg;32;1278656;1157499613;301;1158778570;3196.640;2893749.000;0.752;2896946.750
Motospl10635.jpg;32;1279122;1157485073;229;1158764424;3197.805;2893712.750;0.572;2896911.250
Motospl10645.jpg;31;1280897;1157582684;205;1158863786;3202.243;2893956.750;0.512;2897159.500
Motospl10671.jpg;32;1274780;1157645907;207;1158920894;3186.950;2894114.750;0.517;2897302.000
Motospl10674.jpg;33;1280254;1157607901;193;1158888348;3200.635;2894019.750;0.482;2897220.750
Motospl10679.jpg;31;1279332;1157547649;289;1158827270;3198.330;2893869.000;0.723;2897068.250
Motospl10690.jpg;32;1277398;1157632591;231;1158910220;3193.495;2894081.500;0.577;2897275.500
Motospl10692.jpg;33;1277636;1157781753;197;1159059586;3194.090;2894454.250;0.493;2897649.000
Motospl10698.jpg;32;1276028;1157595603;201;1158871832;3190.070;2893989.250;0.502;2897179.500
Motospl10707.jpg;32;1279546;1157674497;209;1158954252;3198.865;2894186.250;0.522;2897385.500
Motospl10713.jpg;32;1278044;1157601893;193;1158880130;3195.110;2894004.750;0.482;2897200.500
Motospl10715.jpg;32;1281098;1157609505;209;1158890812;3202.745;2894023.750;0.522;2897227.000
Motospl10719.jpg;33;1281886;1157540291;195;1158822372;3204.715;2893851.000;0.488;2897056.000
Motospl10721.jpg;32;1279361;1157576738;207;1158856306;3198.403;2893942.000;0.517;2897140.750
Motospl10729.jpg;33;1278236;1157532615;205;1158811056;3195.590;2893831.500;0.512;2897027.500
Motospl10733.jpg;33;1279764;1157672423;197;1158952384;3199.410;2894181.250;0.493;2897381.250
Motospl10735.jpg;32;1275688;1157643275;195;1158919158;3189.220;2894108.000;0.488;2897298.000
Motospl10739.jpg;32;1280270;1157601079;207;1158881556;3200.675;2894002.750;0.517;2897203.750
Motospl10748.jpg;32;1283260;1157565711;209;1158849180;3208.150;2893914.500;0.522;2897123.000
Motospl10751.jpg;32;1278102;1157468397;195;1158746694;3195.255;2893671.250;0.488;2896866.750
Motospl10762.jpg;32;1279532;1157576263;199;1158855994;3198.830;2893941.000;0.498;2897140.000
Motospl10766.jpg;32;1283570;1157674391;207;1158958168;3208.925;2894185.750;0.517;2897395.750
Motospl10774.jpg;32;1277232;1157548951;273;1158826456;3193.080;2893872.500;0.683;2897066.250
Motospl10795.jpg;32;1278664;1157606447;207;1158885318;3196.660;2894016.000;0.517;2897213.500
Motospl10797.jpg;32;1281904;1157549003;195;1158831102;3204.760;2893872.750;0.488;2897078.000
Motospl10803.jpg;33;1271074;1157620799;297;1158892170;3177.685;2894052.000;0.743;2897230.250
Motospl10806.jpg;33;1278658;1157619783;205;1158898646;3196.645;2894049.750;0.512;2897246.750
Motospl10815.jpg;33;1279090;1157698919;195;1158978204;3197.725;2894247.250;0.488;2897445.250
Motospl10823.jpg;32;1283019;1157537924;193;1158821136;3207.547;2893845.000;0.482;2897052.750
Motospl10841.jpg;33;1276734;1157585681;207;1158862622;3191.835;2893964.000;0.517;2897156.500
Motospl10843.jpg;33;1278442;1157628275;207;1158906924;3196.105;2894070.750;0.517;2897267.250
Motospl10844.jpg;32;1275530;1157634911;207;1158910648;3188.825;2894087.250;0.517;2897276.500
Motospl10846.jpg;33;1282218;1157495121;193;1158777532;3205.545;2893738.000;0.482;2896943.750
Motospl10848.jpg;32;1281300;1157721385;209;1159002894;3203.250;2894303.250;0.522;2897507.000
Motospl10850.jpg;32;1266638;1157657937;225;1158924800;3166.595;2894145.000;0.562;2897312.000
Motospl10854.jpg;32;1279852;1157608475;179;1158888506;3199.630;2894021.000;0.447;2897221.250
Motospl10870.jpg;33;1292248;1157611223;227;1158903698;3230.620;2894028.250;0.567;2897259.000
Motospl10875.jpg;32;1279266;1157460371;195;1158739832;3198.165;2893651.000;0.488;2896849.750
Motospl10879.jpg;32;1275630;1157604801;197;1158880628;3189.075;2894012.000;0.493;2897201.750
Motospl10886.jpg;32;1280644;1157636871;203;1158917718;3201.610;2894092.250;0.507;2897294.250
Motospl10894.jpg;32;1278110;1157551127;207;1158829444;3195.275;2893877.750;0.517;2897073.500
Motospl10906.jpg;32;1273316;1157528065;203;1158801584;3183.290;2893820.000;0.507;2897003.750
Motospl10922.jpg;32;1276916;1157616523;197;1158893636;3192.290;2894041.250;0.493;2897234.250
Motospl10935.jpg;32;1279076;1157602463;207;1158881746;3197.690;2894006.000;0.517;2897204.500
Motospl10939.jpg;32;1275268;1157467831;207;1158743306;3188.170;2893669.500;0.517;2896858.250
Motospl10944.jpg;32;1282882;1157726463;205;1159009550;3207.205;2894316.000;0.512;2897523.750
Motospl10946.jpg;32;1280282;1157638257;209;1158918748;3200.705;2894095.500;0.522;2897297.000
Motospl10948.jpg;32;1279452;1157569395;179;1158849026;3198.630;2893923.500;0.447;2897122.500
Motospl10952.jpg;32;1277915;1157559618;193;1158837726;3194.788;2893899.250;0.482;2897094.250
Motospl10956.jpg;32;1280597;1157678758;195;1158959550;3201.493;2894197.000;0.488;2897398.750
Motospl10964.jpg;33;1278640;1157580817;193;1158859650;3196.600;2893952.000;0.482;2897149.000
Motospl10966.jpg;32;1278373;1157506912;193;1158785478;3195.933;2893767.500;0.482;2896963.750
Motospl10977.jpg;32;1279858;1157740597;205;1159020660;3199.645;2894351.250;0.512;2897551.750
Motospl10993.jpg;33;1281682;1157488889;201;1158770772;3204.205;2893722.250;0.502;2896927.000
Motospl11006.jpg;32;1277956;1157578845;209;1158857010;3194.890;2893947.250;0.522;2897142.250
Motospl11017.jpg;32;1278092;1157634451;201;1158912744;3195.230;2894086.250;0.502;2897282.000
Motospl11023.jpg;32;1281295;1157623312;209;1158904816;3203.238;2894058.250;0.522;2897262.250
Motospl11054.jpg;33;1279967;1157711724;229;1158991920;3199.917;2894279.500;0.572;2897479.500
Motospl11056.jpg;32;1279042;1157670971;227;1158950240;3197.605;2894177.250;0.567;2897375.500
Motospl11067.jpg;32;1272531;1157636776;197;1158909504;3181.327;2894092.000;0.493;2897273.500
Motospl11068.jpg;32;1269368;1157608965;205;1158878538;3173.420;2894022.500;0.512;2897196.250
Motospl11070.jpg;33;1267086;1157667173;299;1158934558;3167.715;2894168.000;0.748;2897336.250
Motospl11082.jpg;33;1278992;1157761463;205;1159040660;3197.480;2894403.750;0.512;2897601.750
Motospl11083.jpg;33;1282154;1157594457;227;1158876838;3205.385;2893986.250;0.567;2897192.000
Motospl11095.jpg;33;1275856;1157637722;200;1158913778;3189.640;2894094.250;0.500;2897284.500
Motospl11098.jpg;32;1273301;1157635168;195;1158908664;3183.253;2894088.000;0.488;2897271.500
Motospl11103.jpg;32;1278946;1157717787;275;1158997008;3197.365;2894294.250;0.687;2897492.750
Motospl11105.jpg;32;1271325;1157565140;207;1158836672;3178.313;2893913.000;0.517;2897092.000
Motospl11114.jpg;32;1279240;1157667599;195;1158947034;3198.100;2894169.000;0.488;2897367.750
Motospl11119.jpg;32;1280017;1157533426;195;1158813638;3200.042;2893833.500;0.488;2897034.250
Motospl11136.jpg;31;1282062;1157660297;197;1158942556;3205.155;2894150.750;0.493;2897356.500
Motospl11138.jpg;31;1272890;1157638431;207;1158911528;3182.225;2894096.000;0.517;2897278.500
Motospl11140.jpg;32;1279434;1157656526;204;1158936164;3198.585;2894141.500;0.510;2897340.750
Motospl11141.jpg;33;1270534;1157549629;207;1158820370;3176.335;2893873.750;0.517;2897050.750
Motospl11143.jpg;32;1278372;1157547559;209;1158826140;3195.930;2893868.750;0.522;2897065.250
Motospl11151.jpg;31;1280190;1157534529;195;1158814914;3200.475;2893836.500;0.488;2897037.250
Motospl11158.jpg;32;1277490;1157526233;225;1158803948;3193.725;2893815.750;0.562;2897009.750
Motospl11160.jpg;32;1280262;1157555999;207;1158836468;3200.655;2893890.000;0.517;2897091.250
Motospl11165.jpg;32;1282414;1157504123;195;1158786732;3206.035;2893760.500;0.488;2896966.750
Motospl11166.jpg;33;1276194;1157469997;209;1158746400;3190.485;2893674.750;0.522;2896865.750
Motospl11171.jpg;33;1280617;1157476948;201;1158757766;3201.542;2893692.500;0.502;2896894.250
Motospl11173.jpg;33;1280404;1157505985;205;1158786594;3201.010;2893765.000;0.512;2896966.500
Motospl11188.jpg;33;1279935;1157626968;209;1158907112;3199.837;2894067.500;0.522;2897267.750
Motospl11197.jpg;32;1279852;1157699145;207;1158979204;3199.630;2894248.000;0.517;2897448.000
Motospl11207.jpg;32;1283424;1157762915;199;1159046538;3208.560;2894407.250;0.498;2897616.500
Motospl11211.jpg;32;1279214;1157597807;207;1158877228;3198.035;2893994.500;0.517;2897193.000
Motospl11232.jpg;31;1281146;1157574715;209;1158856070;3202.865;2893936.500;0.522;2897140.250
Motospl11233.jpg;32;1279550;1157582699;355;1158862604;3198.875;2893956.750;0.887;2897156.500
Motospl11245.jpg;33;1279128;1157469643;207;1158748978;3197.820;2893674.250;0.517;2896872.250
Motospl11246.jpg;31;1279284;1157647273;193;1158926750;3198.210;2894118.000;0.482;2897316.750
Motospl11251.jpg;33;1277948;1157634253;225;1158912426;3194.870;2894085.750;0.562;2897281.000
Motospl11252.jpg;33;1276104;1157575157;195;1158851456;3190.260;2893938.000;0.488;2897128.500
Motospl11254.jpg;33;1276714;1157579475;207;1158856396;3191.785;2893949.000;0.517;2897141.000
Motospl11263.jpg;32;1268587;1157677500;197;1158946284;3171.468;2894193.500;0.493;2897365.750
Motospl11264.jpg;33;1279662;1157601333;195;1158881190;3199.155;2894003.250;0.488;2897202.750
Motospl11265.jpg;33;1279798;1157622753;197;1158902748;3199.495;2894057.000;0.493;2897257.000
Motospl11271.jpg;32;1282168;1157605249;209;1158887626;3205.420;2894013.000;0.522;2897219.250
Motospl11272.jpg;32;1279282;1157441032;190;1158720504;3198.205;2893602.750;0.475;2896801.500
Motospl11275.jpg;32;1276832;1157660491;1329;1158938652;3192.080;2894151.250;3.322;2897346.750
Motospl11279.jpg;31;1282516;1157633773;277;1158916566;3206.290;2894084.500;0.692;2897291.750
Motospl11283.jpg;32;1266494;1157472055;211;1158738760;3166.235;2893679.750;0.527;2896847.000
Motospl11294.jpg;31;1267353;1157595156;205;1158862714;3168.383;2893988.000;0.512;2897156.750
Motospl11296.jpg;31;1281868;1157524249;197;1158806314;3204.670;2893810.750;0.493;2897015.750
Motospl11300.jpg;33;1278594;1157650809;209;1158929612;3196.485;2894127.250;0.522;2897324.250
Motospl11317.jpg;32;1275116;1157617819;219;1158893154;3187.790;2894044.500;0.548;2897233.000
Motospl11318.jpg;32;1275752;1157608569;207;1158884528;3189.380;2894021.500;0.517;2897211.250
Motospl11322.jpg;32;1280305;1157745423;207;1159025935;3200.762;2894363.250;0.517;2897564.750
Motospl11324.jpg;32;1280818;1157518133;197;1158799148;3202.045;2893795.250;0.493;2896997.750
Motospl11327.jpg;32;1279472;1157631587;207;1158911266;3198.680;2894079.250;0.517;2897278.250
Motospl11339.jpg;33;1272616;1157568139;201;1158840956;3181.540;2893920.500;0.502;2897102.500
Motospl11354.jpg;32;1282700;1157628355;211;1158911266;3206.750;2894071.000;0.527;2897278.250
Motospl11359.jpg;31;1279156;1157765477;205;1159044838;3197.890;2894413.750;0.512;2897612.000
Motospl11364.jpg;32;1282654;1157668703;207;1158951564;3206.635;2894171.750;0.517;2897379.000
Motospl11376.jpg;31;1281540;1157751701;205;1159033446;3203.850;2894379.250;0.512;2897583.500
Motospl11391.jpg;31;1279296;1157570217;213;1158849726;3198.240;2893925.500;0.533;2897124.250
Motospl11399.jpg;33;1279474;1157587355;303;1158867132;3198.685;2893968.500;0.757;2897167.750
Motospl11402.jpg;31;1279414;1157607785;197;1158887396;3198.535;2894019.500;0.493;2897218.500
Motospl11407.jpg;33;1268690;1157474355;207;1158743252;3171.725;2893686.000;0.517;2896858.250
Motospl11419.jpg;32;1279837;1157520158;209;1158800204;3199.592;2893800.250;0.522;2897000.750
Motospl11422.jpg;32;1277434;1157621815;193;1158899442;3193.585;2894054.250;0.482;2897248.750
Motospl11428.jpg;32;1281748;1157528265;205;1158810218;3204.370;2893820.750;0.512;2897025.500
Motospl11449.jpg;32;1274388;1157623211;197;1158897796;3185.970;2894058.000;0.493;2897244.250
Motospl11451.jpg;31;1282057;1157647806;207;1158930070;3205.143;2894119.500;0.517;2897325.250
Motospl11454.jpg;32;1280846;1157547563;207;1158828616;3202.115;2893868.750;0.517;2897071.500
Motospl11456.jpg;32;1280678;1157624383;181;1158905242;3201.695;2894060.750;0.452;2897263.250
Motospl11476.jpg;32;1280322;1157531333;193;1158811848;3200.805;2893828.500;0.482;2897029.500
Motospl11480.jpg;34;1270873;1157695434;195;1158966502;3177.183;2894238.750;0.488;2897416.500
Motospl11503.jpg;33;1281578;1157545269;201;1158827048;3203.945;2893863.000;0.502;2897067.500
Motospl11513.jpg;32;1278150;1157574069;209;1158852428;3195.375;2893935.250;0.522;2897131.250
Motospl11515.jpg;32;1281650;1157731329;193;1159013172;3204.125;2894328.500;0.482;2897533.000
Motospl11519.jpg;31;1280702;1157435217;207;1158716126;3201.755;2893588.250;0.517;2896790.250
Motospl11522.jpg;32;1276554;1157749287;195;1159026036;3191.385;2894373.000;0.488;2897565.250
Motospl11526.jpg;32;1271036;1157678725;229;1158949990;3177.590;2894197.000;0.572;2897375.250
Motospl11527.jpg;32;1281720;1157627073;195;1158908988;3204.300;2894067.750;0.488;2897272.250
Motospl11552.jpg;32;1271490;1157449897;303;1158721690;3178.725;2893624.500;0.757;2896804.000
Motospl11559.jpg;32;1278456;1157592389;197;1158871042;3196.140;2893981.250;0.493;2897177.500
Motospl11573.jpg;32;1279230;1157589355;217;1158868802;3198.075;2893973.500;0.543;2897172.250
Motospl11577.jpg;32;1280978;1157663277;209;1158944464;3202.445;2894158.000;0.522;2897361.000
Motospl11580.jpg;32;1281966;1157550359;207;1158832532;3204.915;2893875.750;0.517;2897081.250
Motospl11582.jpg;32;1282014;1157497496;242;1158779752;3205.035;2893743.500;0.605;2896949.500
Motospl11585.jpg;32;1280032;1157564199;195;1158844426;3200.080;2893910.500;0.488;2897111.250
Motospl11586.jpg;32;1280385;1157595170;209;1158875764;3200.962;2893988.000;0.522;2897189.250
Motospl11590.jpg;32;1276994;1157634805;209;1158912008;3192.485;2894086.750;0.522;2897280.000
Motospl11597.jpg;32;1279868;1157525087;209;1158805164;3199.670;2893812.750;0.522;2897012.750
Motospl11612.jpg;33;1278690;1157609307;195;1158888192;3196.725;2894023.500;0.488;2897220.500
Motospl11618.jpg;33;1282179;1157515898;195;1158798272;3205.447;2893790.000;0.488;2896995.750
Motospl11623.jpg;33;1278156;1157543875;207;1158822238;3195.390;2893859.750;0.517;2897055.750
Motospl11625.jpg;32;1270876;1157597973;249;1158869098;3177.190;2893995.000;0.623;2897172.750
Motospl11626.jpg;32;1281948;1157615381;207;1158897536;3204.870;2894038.500;0.517;2897243.750
Motospl11635.jpg;32;1276328;1157465037;205;1158741570;3190.820;2893662.750;0.512;2896854.000
Motospl11639.jpg;33;1279120;1157551521;229;1158830870;3197.800;2893878.750;0.572;2897077.250
Motospl11646.jpg;31;1281376;1157614613;309;1158896298;3203.440;2894036.500;0.772;2897240.750
Motospl11678.jpg;33;1281834;1157531041;207;1158813082;3204.585;2893827.500;0.517;2897032.500
Motospl11682.jpg;32;1277852;1157605739;197;1158883788;3194.630;2894014.500;0.493;2897209.500
Motospl11683.jpg;32;1274722;1157743321;207;1159018250;3186.805;2894358.250;0.517;2897545.750
Motospl11698.jpg;32;1278214;1157580361;207;1158858782;3195.535;2893951.000;0.517;2897147.000
Motospl11700.jpg;32;1278346;1157767341;195;1159045882;3195.865;2894418.500;0.488;2897614.750
Motospl11704.jpg;33;1278800;1157534571;207;1158813578;3197.000;2893836.500;0.517;2897034.000
Motospl11710.jpg;32;1280418;1157570425;209;1158851052;3201.045;2893926.250;0.522;2897127.500
Motospl11712.jpg;32;1278786;1157529161;207;1158808154;3196.965;2893823.250;0.517;2897020.500
Motospl11715.jpg;32;1281420;1157562529;209;1158844158;3203.550;2893906.250;0.522;2897110.500
Motospl11717.jpg;33;1275152;1157564270;200;1158839622;3187.880;2893910.750;0.500;2897099.000
Motospl11728.jpg;32;1279523;1157732562;211;1159012296;3198.808;2894331.500;0.527;2897531.000
Motospl11737.jpg;33;1279182;1157570383;197;1158849762;3197.955;2893926.250;0.493;2897124.500
Motospl11738.jpg;33;1278704;1157544581;197;1158823482;3196.760;2893861.500;0.493;2897058.500
Motospl11739.jpg;33;1268034;1157578235;207;1158846476;3170.085;2893945.500;0.517;2897116.250
Motospl11744.jpg;32;1266944;1157575613;205;1158842762;3167.360;2893939.000;0.512;2897106.750
Motospl11753.jpg;32;1283839;1157555689;200;1158839728;3209.597;2893889.250;0.500;2897099.000
Motospl11760.jpg;32;1279968;1157626607;209;1158906784;3199.920;2894066.500;0.522;2897266.750
Motospl11770.jpg;33;1281123;1157745712;209;1159027044;3202.808;2894364.000;0.522;2897567.750
Motospl11777.jpg;32;1280260;1157591893;197;1158872350;3200.650;2893979.750;0.493;2897181.000
Motospl11778.jpg;33;1282392;1157585877;197;1158868466;3205.980;2893964.750;0.493;2897171.250
Motospl11785.jpg;32;1278744;1157655955;215;1158934914;3196.860;2894140.000;0.538;2897337.250
Motospl11786.jpg;32;1280199;1157486694;207;1158767100;3200.497;2893716.750;0.517;2896917.750
Motospl11790.jpg;31;1280870;1157668095;227;1158949192;3202.175;2894170.000;0.567;2897373.250
Motospl11798.jpg;32;1279706;1157482107;235;1158762048;3199.265;2893705.250;0.587;2896905.000
Motospl11807.jpg;32;1278472;1157691319;179;1158969970;3196.180;2894228.250;0.447;2897424.750
Motospl11820.jpg;32;1279263;1157582904;197;1158862364;3198.157;2893957.000;0.493;2897155.750
Motospl11821.jpg;33;1277390;1157552039;199;1158829628;3193.475;2893879.750;0.498;2897074.000
Motospl11839.jpg;33;1281666;1157593687;207;1158875560;3204.165;2893984.250;0.517;2897188.750
Motospl11855.jpg;33;1280764;1157665415;207;1158946386;3201.910;2894163.500;0.517;2897366.250
Motospl11875.jpg;32;1267650;1157617579;207;1158885436;3169.125;2894044.000;0.517;2897213.500
Motospl11881.jpg;33;1280598;1157582393;197;1158863188;3201.495;2893955.750;0.493;2897158.000
Motospl11886.jpg;32;1278390;1157640981;195;1158919566;3195.975;2894102.250;0.488;2897299.000
Motospl11895.jpg;32;1277096;1157558249;203;1158835548;3192.740;2893895.500;0.507;2897089.000
Motospl11920.jpg;33;1276766;1157711143;195;1158988104;3191.915;2894277.750;0.488;2897470.500
Motospl11936.jpg;32;1279763;1157638782;227;1158918772;3199.407;2894097.000;0.567;2897297.000
Motospl11938.jpg;32;1282090;1157598107;209;1158880406;3205.225;2893995.250;0.522;2897201.000
Motospl11939.jpg;32;1280602;1157830541;227;1159111370;3201.505;2894576.500;0.567;2897778.500
Motospl11943.jpg;32;1270016;1157650767;207;1158920990;3175.040;2894127.250;0.517;2897302.500
Motospl11949.jpg;33;1279900;1157728659;217;1159008776;3199.750;2894321.750;0.543;2897521.750
Motospl11969.jpg;33;1273614;1157669037;229;1158942880;3184.035;2894172.500;0.572;2897357.000
Motospl11971.jpg;33;1280230;1157434911;275;1158715416;3200.575;2893587.250;0.687;2896788.250
Motospl11981.jpg;32;1276486;1157438815;193;1158715494;3191.215;2893597.000;0.482;2896788.750
Motospl11998.jpg;32;1280519;1157488574;291;1158769384;3201.298;2893721.250;0.728;2896923.500
Motospl11999.jpg;33;1275152;1157628981;205;1158904338;3187.880;2894072.500;0.512;2897260.750
Motospl12005.jpg;33;1280626;1157548495;195;1158829316;3201.565;2893871.500;0.488;2897073.250
Motospl12008.jpg;32;1280627;1157565656;199;1158846482;3201.568;2893914.500;0.498;2897116.250
Motospl12012.jpg;33;1280058;1157567253;195;1158847506;3200.145;2893918.000;0.488;2897118.750
Motospl12014.jpg;31;1278128;1157666559;195;1158944882;3195.320;2894166.500;0.488;2897362.000
Motospl12017.jpg;33;1273998;1157607819;227;1158882044;3184.995;2894019.500;0.567;2897205.000
Motospl12019.jpg;32;1278048;1157699275;195;1158977518;3195.120;2894248.250;0.488;2897444.000
Motospl12027.jpg;31;1282126;1157696415;195;1158978736;3205.315;2894241.000;0.488;2897446.750
Motospl12030.jpg;33;1279716;1157720849;211;1159000776;3199.290;2894302.000;0.527;2897502.000
Motospl12040.jpg;33;1280078;1157546137;205;1158826420;3200.195;2893865.500;0.512;2897065.750
Motospl12045.jpg;33;1278072;1157601053;209;1158879334;3195.180;2894002.750;0.522;2897198.500
Motospl12056.jpg;33;1282614;1157732921;205;1159015740;3206.535;2894332.250;0.512;2897539.250
Motospl12060.jpg;32;1262759;1157654736;273;1158917768;3156.898;2894136.750;0.683;2897294.250
Motospl12069.jpg;32;1280346;1157716753;205;1158997304;3200.865;2894292.000;0.512;2897493.000
Motospl12074.jpg;32;1277292;1157713871;199;1158991362;3193.230;2894284.750;0.498;2897478.500
Motospl12077.jpg;32;1280222;1157435315;203;1158715740;3200.555;2893588.250;0.507;2896789.250
Motospl12079.jpg;32;1276832;1157589423;193;1158866448;3192.080;2893973.500;0.482;2897166.250
Motospl12086.jpg;32;1280166;1157506759;195;1158787120;3200.415;2893767.000;0.488;2896967.500
Motospl12096.jpg;33;1281296;1157568037;209;1158849542;3203.240;2893920.000;0.522;2897124.000
Motospl12108.jpg;33;1278956;1157589291;195;1158868442;3197.390;2893973.000;0.488;2897171.250
Motospl12113.jpg;33;1280033;1157498360;209;1158778602;3200.083;2893746.000;0.522;2896946.750
Motospl12114.jpg;32;1280652;1157579501;209;1158860362;3201.630;2893949.000;0.522;2897151.000
Motospl12125.jpg;32;1278566;1157645944;198;1158924708;3196.415;2894114.750;0.495;2897311.750
Motospl12137.jpg;33;1271442;1157679591;225;1158951258;3178.605;2894199.000;0.562;2897378.250
Motospl12142.jpg;34;1278190;1157689481;193;1158967864;3195.475;2894223.750;0.482;2897419.500
Motospl12144.jpg;33;1269252;1157694027;207;1158963486;3173.130;2894235.250;0.517;2897408.750
Motospl12151.jpg;33;1279991;1157647097;197;1158927285;3199.977;2894117.750;0.493;2897318.250
Motospl12153.jpg;33;1279058;1157640513;207;1158919778;3197.645;2894101.250;0.517;2897299.250
Motospl12172.jpg;33;1279146;1157612117;207;1158891470;3197.865;2894030.500;0.517;2897229.000
Motospl12179.jpg;32;1281649;1157497394;311;1158779354;3204.123;2893743.250;0.777;2896948.500
Motospl12187.jpg;33;1277590;1157546681;209;1158824480;3193.975;2893866.500;0.522;2897061.250
Motospl12193.jpg;32;1275234;1157717267;195;1158992696;3188.085;2894293.250;0.488;2897481.500
Motospl12196.jpg;32;1280004;1157658943;195;1158939142;3200.010;2894147.250;0.488;2897347.750
Motospl12210.jpg;32;1274640;1157664097;205;1158938942;3186.600;2894160.250;0.512;2897347.250
Motospl12211.jpg;31;1279208;1157609979;309;1158889496;3198.020;2894024.750;0.772;2897223.500
Motospl12221.jpg;32;1280198;1157694747;193;1158975138;3200.495;2894236.750;0.482;2897437.500
Motospl12225.jpg;31;1278016;1157577741;209;1158855966;3195.040;2893944.250;0.522;2897140.000
Motospl12226.jpg;33;1278535;1157692452;190;1158971177;3196.337;2894231.250;0.475;2897428.000
Motospl12250.jpg;32;1280492;1157802075;207;1159082774;3201.230;2894505.250;0.517;2897706.750
Motospl12255.jpg;33;1282694;1157497317;207;1158780218;3206.735;2893743.250;0.517;2896950.500
Motospl12266.jpg;32;1279801;1157749704;209;1159029714;3199.503;2894374.500;0.522;2897574.500
Motospl12269.jpg;32;1279780;1157513981;209;1158793970;3199.450;2893785.000;0.522;2896985.000
Motospl12270.jpg;33;1277428;1157760971;217;1159038616;3193.570;2894402.500;0.543;2897596.250
Motospl12274.jpg;32;1280767;1157718584;257;1158999608;3201.917;2894296.250;0.642;2897499.000
Motospl12323.jpg;34;1278104;1157659350;230;1158937684;3195.260;2894148.500;0.575;2897344.250
Motospl12327.jpg;32;1278380;1157736517;205;1159015102;3195.950;2894341.500;0.512;2897537.500
Motospl12341.jpg;33;1282523;1157571762;211;1158854496;3206.308;2893929.250;0.527;2897136.250
Motospl12371.jpg;32;1279638;1157492089;193;1158771920;3199.095;2893730.250;0.482;2896930.000
Motospl12375.jpg;33;1274100;1157624345;209;1158898654;3185.250;2894060.750;0.522;2897246.750
Motospl12385.jpg;33;1280770;1157700677;201;1158981648;3201.925;2894252.000;0.502;2897454.000
Motospl12390.jpg;33;1273816;1157495475;231;1158769522;3184.540;2893738.500;0.577;2896924.000
Motospl12408.jpg;33;1281024;1157674363;207;1158955594;3202.560;2894185.750;0.517;2897389.000
Motospl12417.jpg;33;1280041;1157709276;229;1158989546;3200.103;2894273.500;0.572;2897473.750
Motospl12420.jpg;32;1279268;1157585465;209;1158864942;3198.170;2893963.500;0.522;2897162.250
Motospl12431.jpg;33;1278894;1157685391;209;1158964494;3197.235;2894213.250;0.522;2897411.000
Motospl12439.jpg;32;1270258;1157618659;197;1158889114;3175.645;2894046.500;0.493;2897222.750
Placa102.png;32;1279628;1157657697;229;1158937554;3199.070;2894144.250;0.572;2897344.000
Placa119.png;32;1280640;1157499351;197;1158780188;3201.600;2893748.750;0.493;2896950.500
Placa128.png;32;1280808;1157559485;273;1158840566;3202.020;2893898.750;0.683;2897101.500
Placa130.png;33;1279602;1157399101;201;1158678904;3199.005;2893497.750;0.502;2896697.500
Placa132.png;33;1279786;1157521861;229;1158801876;3199.465;2893804.750;0.572;2897004.750
Placa136.png;32;1278490;1157636023;209;1158914722;3196.225;2894090.000;0.522;2897286.500
Placa14.png;32;1281104;1157603347;209;1158884660;3202.760;2894008.250;0.522;2897211.500
Placa144.png;32;1280016;1157566667;195;1158846878;3200.040;2893916.750;0.488;2897117.250
Placa149.png;33;1281478;1157728751;227;1159010456;3203.695;2894321.750;0.567;2897526.250
Placa151.png;33;1280354;1157675037;321;1158955712;3200.885;2894187.500;0.803;2897389.250
Placa156.png;33;1281340;1157769235;195;1159050770;3203.350;2894423.000;0.488;2897626.750
Placa171.png;33;1280084;1157490989;205;1158771278;3200.210;2893727.500;0.512;2896928.250
Placa172.png;33;1279230;1157614933;193;1158894356;3198.075;2894037.500;0.482;2897236.000
Placa180.png;32;1280907;1157753506;207;1159034620;3202.268;2894383.750;0.517;2897586.500
Placa195.png;33;1278732;1157544419;197;1158823348;3196.830;2893861.000;0.493;2897058.000
Placa20.png;32;1280562;1157491977;233;1158772772;3201.405;2893729.750;0.582;2896932.000
Placa26.png;32;1278910;1157514623;199;1158793732;3197.275;2893786.500;0.498;2896984.250
Placa29.png;32;1281148;1157812071;195;1159093414;3202.870;2894530.250;0.488;2897733.500
Placa39.png;33;1281752;1157653077;209;1158935038;3204.380;2894132.750;0.522;2897337.750
Placa40.png;33;1283462;1157618203;291;1158901956;3208.655;2894045.500;0.728;2897255.000
Placa41.png;33;1278272;1157728499;231;1159007002;3195.680;2894321.500;0.577;2897517.500
Placa63.png;33;1279593;1157601400;247;1158881240;3198.983;2894003.750;0.618;2897203.000
Placa76.png;32;1281017;1157600706;223;1158881946;3202.542;2894002.000;0.558;2897204.750
Placa78.png;32;1278726;1157631465;209;1158910400;3196.815;2894078.750;0.522;2897276.250
Placa89.png;33;1280104;1157540473;209;1158820786;3200.260;2893851.250;0.522;2897051.750
Placa92.png;32;1281148;1157677581;205;1158958934;3202.870;2894194.000;0.512;2897397.250
Placa96.png;31;1278398;1157733721;207;1159012326;3195.995;2894334.500;0.517;2897531.000
Placa98.png;33;1278574;1157506135;207;1158784916;3196.435;2893765.500;0.517;2896962.250
Placas11028.jpg;32;1282400;1157799380;228;1159082008;3206.000;2894498.500;0.570;2897705.000
Placas11098.jpg;33;1280052;1157659079;207;1158939338;3200.130;2894148.000;0.517;2897348.250
Placas11305.jpg;32;1279518;1157465619;207;1158745344;3198.795;2893664.000;0.517;2896863.500
Placas11342.jpg;32;1281602;1157584589;537;1158866728;3204.005;2893961.750;1.342;2897166.750
Placas11474.jpg;32;1280098;1157635477;205;1158915780;3200.245;2894088.500;0.512;2897289.750
Placas11530.jpg;33;1281230;1157505671;205;1158787106;3203.075;2893764.000;0.512;2896967.500
Placas11562.jpg;33;1280954;1157647843;207;1158929004;3202.385;2894119.750;0.517;2897322.500
Placas11602.jpg;32;1279108;1157856557;205;1159135870;3197.770;2894641.250;0.512;2897839.500
Placasia1009.png;32;1280894;1157583659;207;1158864760;3202.235;2893959.000;0.517;2897161.750
Placasia1010.png;31;1281304;1157538213;205;1158819722;3203.260;2893845.250;0.512;2897049.500
Placasia1021.png;32;1275056;1157613163;207;1158888426;3187.640;2894032.750;0.517;2897221.250
Placasia1032.png;33;1280650;1157617223;207;1158898080;3201.625;2894043.250;0.517;2897245.000
Placasia1037.png;33;1279370;1157639537;207;1158919114;3198.425;2894099.000;0.517;2897298.000
Placasia1046.png;34;1280504;1157562997;231;1158843732;3201.260;2893907.250;0.577;2897109.500
Placasia1047.png;32;1280254;1157627649;209;1158908112;3200.635;2894069.000;0.522;2897270.500
Placasm10501.jpg;33;1280650;1157655741;309;1158936700;3201.625;2894139.250;0.772;2897341.750
Placasm10788.jpg;33;1274886;1157538285;209;1158813380;3187.215;2893845.500;0.522;2897033.500
Placasm10862.jpg;32;1275698;1157626711;229;1158902638;3189.245;2894066.750;0.572;2897256.750
Placasm10947.jpg;33;1281980;1157602107;231;1158884318;3204.950;2894005.000;0.577;2897210.750
Placasm10969.jpg;32;1274730;1157780997;227;1159055954;3186.825;2894452.500;0.567;2897640.000
Placasm11089.jpg;33;1286600;1157637695;205;1158924500;3216.500;2894094.000;0.512;2897311.500
Placasm11137.jpg;32;1272514;1157631577;241;1158904332;3181.285;2894079.250;0.603;2897260.750
Placass10192.jpg;33;1277566;1157670857;195;1158948618;3193.915;2894177.250;0.488;2897371.500
Placass10238.jpg;32;1278482;1157727351;303;1159006136;3196.205;2894318.500;0.757;2897515.250
Placass10357.jpg;33;1275600;1157623541;207;1158899348;3189.000;2894059.000;0.517;2897248.250
Placass10358.jpg;32;1278762;1157547925;197;1158826884;3196.905;2893869.750;0.493;2897067.250
Placass10486.jpg;32;1277912;1157575161;247;1158853320;3194.780;2893938.000;0.618;2897133.250
Placass10545.jpg;33;1279891;1157567520;193;1158847604;3199.727;2893918.750;0.482;2897119.250
Placass10933.jpg;32;1273236;1157638299;205;1158911740;3183.090;2894095.500;0.512;2897279.250
Placass10940.jpg;33;1277876;1157733155;229;1159011260;3194.690;2894332.750;0.572;2897528.000
Placass10965.jpg;32;1278285;1157602746;217;1158881248;3195.713;2894006.750;0.543;2897203.000
Placass11157.jpg;32;1275562;1157696621;209;1158972392;3188.905;2894241.500;0.522;2897431.000
Placass11214.jpg;32;1280069;1157720130;195;1159000394;3200.172;2894300.500;0.488;2897501.000
Placass11216.jpg;33;1279569;1157697108;195;1158976872;3198.923;2894243.000;0.488;2897442.250
Placass11233.jpg;33;1283796;1157589881;209;1158873886;3209.490;2893974.750;0.522;2897184.500
Placass11340.jpg;32;1278299;1157726144;201;1159004644;3195.747;2894315.500;0.502;2897511.750
Placass11344.jpg;32;1276664;1157765979;197;1159042840;3191.660;2894415.000;0.493;2897607.000
Placass11346.jpg;32;1278224;1157549575;195;1158827994;3195.560;2893873.750;0.488;2897070.250
Placass11350.jpg;33;1275308;1157533233;207;1158808748;3188.270;2893832.750;0.517;2897022.000
Placass11407.jpg;33;1275930;1157696215;227;1158972372;3189.825;2894240.500;0.567;2897431.000
Placass11584.jpg;33;1274994;1157599037;217;1158874248;3187.485;2893997.250;0.543;2897185.500
Placass11628.jpg;33;1273478;1157612602;202;1158886282;3183.695;2894031.500;0.505;2897215.750
Placass11630.jpg;32;1285768;1157594195;195;1158880158;3214.420;2893985.500;0.488;2897200.500
Placass11634.jpg;32;1275088;1157680691;195;1158955974;3187.720;2894201.750;0.488;2897390.000
plaacaas1076.jpg;32;1291992;1157700339;195;1158992526;3229.980;2894251.000;0.488;2897481.250
plaacaas1093.jpg;32;1278634;1157563903;205;1158842742;3196.585;2893909.750;0.512;2897106.750
plaacaas1172.jpg;33;1281280;1157692977;193;1158974450;3203.200;2894232.250;0.482;2897436.250
plaacaas1240.jpg;34;1278743;1157677628;197;1158956568;3196.858;2894194.000;0.493;2897391.250
plaacaas1258.jpg;32;1279290;1157531149;197;1158810636;3198.225;2893827.750;0.493;2897026.500
placaas10214.jpg;32;1281068;1157448787;231;1158730086;3202.670;2893622.250;0.577;2896825.250
placaas10220.jpg;32;1275714;1157672235;273;1158948222;3189.285;2894180.500;0.683;2897370.500
placaas10295.jpg;32;1278512;1157670161;205;1158948878;3196.280;2894175.500;0.512;2897372.250
placaas10338.jpg;33;1276481;1157687796;195;1158964472;3191.202;2894219.500;0.488;2897411.000
placaas10341.jpg;33;1276128;1157673515;319;1158949962;3190.320;2894183.750;0.798;2897375.250
placaas10389.jpg;32;1280342;1157615111;209;1158895662;3200.855;2894038.000;0.522;2897239.000
placaas10463.jpg;32;1274852;1157608787;207;1158883846;3187.130;2894022.000;0.517;2897209.500
placaas10473.jpg;32;1281018;1157638003;207;1158919228;3202.545;2894095.000;0.517;2897298.000
placaas10481.jpg;33;1279561;1157607526;205;1158887292;3198.903;2894018.750;0.512;2897218.250
placaas10756.jpg;33;1280272;1157485665;207;1158766144;3200.680;2893714.000;0.517;2896915.250
placaas10884.jpg;33;1281858;1157603897;281;1158886036;3204.645;2894009.750;0.702;2897215.250
placaas10897.jpg;33;1279504;1157736903;207;1159016614;3198.760;2894342.500;0.517;2897541.250
placaas10909.jpg;32;1276286;1157719051;207;1158995544;3190.715;2894297.500;0.517;2897489.000
placaas11047.jpg;32;1277943;1157621620;321;1158899884;3194.857;2894054.000;0.803;2897249.750
placaas11258.jpg;32;1280818;1157761117;301;1159042236;3202.045;2894403.000;0.752;2897605.500
placas1093.jpg;33;1266655;1157630910;207;1158897772;3166.638;2894077.250;0.517;2897244.250
placas1104.jpg;33;1279646;1157628431;213;1158908290;3199.115;2894071.000;0.533;2897270.750
placas1110.jpg;32;1268126;1157634985;209;1158903320;3170.315;2894087.250;0.522;2897258.000
placas1111.jpg;33;1275846;1157651373;209;1158927428;3189.615;2894128.500;0.522;2897318.750
placas1115.jpg;32;1274238;1157574643;229;1158849110;3185.595;2893936.500;0.572;2897123.000
placas1137.jpg;32;1279890;1157490889;191;1158770970;3199.725;2893727.500;0.477;2896927.250
placas1204.jpg;32;1279872;1157572593;207;1158852672;3199.680;2893931.500;0.517;2897131.500
placas1215.jpg;33;1281068;1157668885;197;1158950150;3202.670;2894172.000;0.493;2897375.250
placas1268.jpg;32;1280470;1157611343;205;1158892018;3201.175;2894028.500;0.512;2897230.000
placas1359.jpg;33;1279462;1157647247;195;1158926904;3198.655;2894118.000;0.488;2897317.250
placas1422.jpg;32;1279774;1157601787;199;1158881760;3199.435;2894004.250;0.498;2897204.500
placas1430.jpg;33;1280604;1157718863;217;1158999684;3201.510;2894297.250;0.543;2897499.250
placas1434.jpg;34;1279654;1157644835;207;1158924696;3199.135;2894112.000;0.517;2897311.750
placas1442.jpg;32;1279082;1157651557;201;1158930840;3197.705;2894128.750;0.502;2897327.000
placas1444.jpg;32;1280066;1157655645;229;1158935940;3200.165;2894139.250;0.572;2897340.000
placas1449.jpg;33;1280976;1157629229;205;1158910410;3202.440;2894073.000;0.512;2897276.250
placas1459.jpg;33;1278020;1157702907;193;1158981120;3195.050;2894257.250;0.482;2897452.750
placas1467.jpg;32;1280982;1157680195;207;1158961384;3202.455;2894200.500;0.517;2897403.500
placas1475.jpg;33;1279336;1157660371;207;1158939914;3198.340;2894151.000;0.517;2897349.750
placas1480.jpg;33;1279089;1157665563;204;1158944856;3197.723;2894163.750;0.510;2897362.000
placas1481.jpg;33;1277258;1157632049;197;1158909504;3193.145;2894080.250;0.493;2897273.500
placas1491.jpg;34;1278578;1157675395;195;1158954168;3196.445;2894188.500;0.488;2897385.250
placas1495.jpg;33;1279650;1157695467;219;1158975336;3199.125;2894238.750;0.548;2897438.250
placas1512.jpg;32;1279088;1157646001;205;1158925294;3197.720;2894114.750;0.512;2897313.250
placas1522.jpg;33;1280644;1157596459;233;1158877336;3201.610;2893991.000;0.582;2897193.250
placas1525.jpg;33;1279841;1157546922;207;1158826970;3199.603;2893867.000;0.517;2897067.500
placas1563.jpg;34;1269210;1157554399;197;1158823806;3173.025;2893886.250;0.493;2897059.500
placas1564.jpg;33;1269474;1157606315;225;1158876014;3173.685;2894015.750;0.562;2897190.000
placas1567.jpg;32;1280352;1157762853;205;1159043410;3200.880;2894407.000;0.512;2897608.750
placas1585.jpg;32;1280678;1157719407;195;1159000280;3201.695;2894298.500;0.488;2897500.750
placas1592.jpg;33;1260872;1157647751;207;1158908830;3152.180;2894119.500;0.517;2897271.750
placas1593.jpg;32;1280974;1157738321;277;1159019572;3202.435;2894346.000;0.692;2897548.750
placas1605.jpg;33;1283012;1157510403;195;1158793610;3207.530;2893776.250;0.488;2896984.000
placas1617.jpg;32;1280680;1157680855;179;1158961714;3201.700;2894202.250;0.447;2897404.000
placas1625.jpg;33;1282462;1157537397;213;1158820072;3206.155;2893843.500;0.533;2897050.500
placas1663.jpg;33;1283254;1157634853;229;1158918336;3208.135;2894086.750;0.572;2897296.000
placas1690.jpg;32;1276994;1157636903;193;1158914090;3192.485;2894092.250;0.482;2897285.250
